Date,Position,Song,Artist,Popularity,Duration_MS,Album_Type,Total_Tracks,Release_Date,Is_Explicit,Album_Cover_URL
2025-12-14,1,The Fate of Ophelia,Taylor Swift,100,226073,album,12,2025-10-03,False,https://i.scdn.co/image/ab67616d0000b273d7812467811a7da6e6a44902
2025-12-14,2,All I Want for Christmas Is You,Mariah Carey,97,241562,album,10,1994-10-28,False,https://i.scdn.co/image/ab67616d0000b273c0862332847213b151ffab31
2025-12-14,3,Last Christmas,Wham!,95,262960,single,3,1984-11-29,False,https://i.scdn.co/image/ab67616d0000b273f2d2adaa21ad616df6241e7d
2025-12-14,4,Rockin' Around The Christmas Tree,Brenda Lee,96,126266,album,12,1964-10-19,False,https://i.scdn.co/image/ab67616d0000b2737845f74d6db14b400fa61cd3
2025-12-14,5,Jingle Bell Rock,Bobby Helms,94,130973,single,2,1957-12-02,False,https://i.scdn.co/image/ab67616d0000b273fd56f3c7a294f5cfe51c7b17
2025-12-14,6,Golden,"HUNTR/X, EJAE, AUDREY NUNA, REI AMI, KPop Demon Hunters Cast",98,194607,album,12,2025-06-20,False,https://i.scdn.co/image/ab67616d0000b2734dcb6c5df15cf74596ab25a4
2025-12-14,7,Man I Need,Olivia Dean,97,184000,single,3,2025-08-15,False,https://i.scdn.co/image/ab67616d0000b273e3d69e17dde129037a1f09e2
2025-12-14,8,Santa Tell Me,Ariana Grande,94,204093,single,1,2014-11-24,False,https://i.scdn.co/image/ab67616d0000b273a1db745e63940bc06985dea5
2025-12-14,9,back to friends,sombr,93,199032,single,1,2024-12-27,False,https://i.scdn.co/image/ab67616d0000b2739d24f74c1e2d8a12b1e591ec
2025-12-14,10,Underneath the Tree,Kelly Clarkson,91,229638,album,16,2013-10-25,False,https://i.scdn.co/image/ab67616d0000b273c87992b7588879f66d192905
2025-12-14,11,Let It Snow! Let It Snow! Let It Snow!,Dean Martin,93,117146,album,12,1959-01-01,False,https://i.scdn.co/image/ab67616d0000b2736d88028a85c771f37374c8ea
2025-12-14,12,Ordinary,Alex Warren,92,186964,album,11,2024-09-26,False,https://i.scdn.co/image/ab67616d0000b27342fe69c0e7e5c92f01ece8ce
2025-12-14,13,Snowman,Sia,93,165900,album,13,2018-11-01,False,https://i.scdn.co/image/ab67616d0000b273e8b11389352ddae61df3a93b
2025-12-14,14,End of Beginning,Djo,94,159245,album,13,2022-09-16,False,https://i.scdn.co/image/ab67616d0000b273fddfffec51b4580acae727c1
2025-12-14,15,So Easy (To Fall In Love),Olivia Dean,95,169000,album,12,2025-09-26,False,https://i.scdn.co/image/ab67616d0000b2739a336bfb6d40bbd90a507417
2025-12-14,16,WHERE IS MY HUSBAND!,RAYE,95,196795,single,1,2025-09-19,False,https://i.scdn.co/image/ab67616d0000b2737cc8cee5c81409833e540974
2025-12-14,17,It's the Most Wonderful Time of the Year,Andy Williams,81,151000,album,12,1963-01-01,False,https://i.scdn.co/image/ab67616d0000b273585897779cf3591ba0f07650
2025-12-14,18,It's Beginning to Look a Lot like Christmas,Michael Bublé,86,206639,album,16,2011-10-24,False,https://i.scdn.co/image/ab67616d0000b27395517befb15ad5d63af701ab
2025-12-14,19,Feliz Navidad,José Feliciano,78,182306,album,23,2001-01-01,False,https://i.scdn.co/image/ab67616d0000b27357db4e3ca6a227ed612ad0b8
2025-12-14,20,BIRDS OF A FEATHER,Billie Eilish,95,210373,album,10,2024-05-17,False,https://i.scdn.co/image/ab67616d0000b27371d62ea7ea8a5be92d3c1f62
2025-12-14,21,Mistletoe,Justin Bieber,91,182946,album,15,2011-01-01,False,https://i.scdn.co/image/ab67616d0000b273af0aff7f601df9ed6d2d531d
2025-12-14,22,Every Breath You Take,The Police,93,253920,album,11,1983-06-17,False,https://i.scdn.co/image/ab67616d0000b273c8e97cafeb2acb85b21a777e
2025-12-14,23,Die With A Smile,"Lady Gaga, Bruno Mars",92,251667,single,1,2024-08-16,False,https://i.scdn.co/image/ab67616d0000b27382ea2e9e1858aa012c57cd45
2025-12-14,24,Sleigh Ride,The Ronettes,80,181266,compilation,15,2020-12-04,False,https://i.scdn.co/image/ab67616d0000b2731f0d5a8ff630fd5944c3936d
2025-12-14,25,CHANEL,Tyla,90,188059,single,1,2025-10-24,True,https://i.scdn.co/image/ab67616d0000b27336e063ca7f0b26f63515ca57
2025-12-14,26,The Christmas Song (Merry Christmas To You),Nat King Cole,89,192160,album,19,1962-01-01,False,https://i.scdn.co/image/ab67616d0000b27330dc6027fd140c7ba68e900c
2025-12-14,27,Cuando No Era Cantante,"El Bogueto, Yung Beef",91,211084,album,23,2024-09-26,True,https://i.scdn.co/image/ab67616d0000b27315110c9ad66e065592cc3496
2025-12-14,28,Holly Jolly Christmas,Michael Bublé,85,119786,album,16,2011-10-24,False,https://i.scdn.co/image/ab67616d0000b27395517befb15ad5d63af701ab
2025-12-14,29,Opalite,Taylor Swift,95,235355,album,12,2025-10-03,False,https://i.scdn.co/image/ab67616d0000b273d7812467811a7da6e6a44902
2025-12-14,30,Iris,The Goo Goo Dolls,93,289533,album,13,1998-01-01,False,https://i.scdn.co/image/ab67616d0000b273eda9478c39a21e1cdc6609ca
2025-12-14,31,DtMF,Bad Bunny,92,237117,album,17,2025-01-05,True,https://i.scdn.co/image/ab67616d0000b273bbd45c8d36e0e045ef640411
2025-12-14,32,Don’t Say You Love Me,Jin,88,180716,album,7,2025-05-16,False,https://i.scdn.co/image/ab67616d0000b27389228504f700641956e29f5d
2025-12-14,33,BAILE INoLVIDABLE,Bad Bunny,92,367725,album,17,2025-01-05,True,https://i.scdn.co/image/ab67616d0000b273bbd45c8d36e0e045ef640411
2025-12-14,34,Posso Até Não Te Dar Flores,"DJ Japa NK, MC Meno K, MC Ryan SP, Mc Jacaré, DJ DAVI DOGDOG",92,158769,single,1,2025-09-11,True,https://i.scdn.co/image/ab67616d0000b27303965d16104282739d6e0a58
2025-12-14,35,La Perla,"ROSALÍA, Yahritza Y Su Esencia",93,195546,album,15,2025-11-07,True,https://i.scdn.co/image/ab67616d0000b27393ee2e2f2dfb7de9befcc164
2025-12-14,36,Gabriela,KATSEYE,94,197226,single,2,2025-06-20,False,https://i.scdn.co/image/ab67616d0000b273f8d4d00ffe09373efb13ce29
2025-12-14,37,Sailor Song,Gigi Perez,88,211978,single,1,2024-07-26,False,https://i.scdn.co/image/ab67616d0000b273e6065f209e0a01986206bd53
2025-12-14,38,No Broke Boys,"Disco Lines, Tinashe",93,163994,single,1,2025-06-06,True,https://i.scdn.co/image/ab67616d0000b2735dcede7ece7b2cb72cee4eee
2025-12-14,39,Happy Xmas (War Is Over) - Remastered 2010,"John Lennon, Yoko Ono",89,214333,compilation,119,2010-10-05,False,https://i.scdn.co/image/ab67616d0000b27361a389971d7842d02b0623ab
2025-12-14,40,Sweater Weather,The Neighbourhood,93,240400,album,11,2013-04-22,False,https://i.scdn.co/image/ab67616d0000b2738265a736a1eb838ad5a0b921
2025-12-14,41,"One Of The Girls (with JENNIE, Lily Rose Depp)","The Weeknd, JENNIE, Lily-Rose Depp",92,244684,single,3,2023-06-23,False,https://i.scdn.co/image/ab67616d0000b273b0dd6a5cd1dec96c4119c262
2025-12-14,42,WILDFLOWER,Billie Eilish,93,261466,album,10,2024-05-17,False,https://i.scdn.co/image/ab67616d0000b27371d62ea7ea8a5be92d3c1f62
2025-12-14,43,Creep,Radiohead,92,238640,album,12,1993-02-22,True,https://i.scdn.co/image/ab67616d0000b273ec548c00d3ac2f10be73366d
2025-12-14,44,Christmas (Baby Please Come Home),Darlene Love,87,166453,compilation,15,2020-12-04,False,https://i.scdn.co/image/ab67616d0000b2734bd42504ca3569f71af64fc8
2025-12-14,45,KUSURA BAKMA,BLOK3,88,157800,single,1,2025-11-28,False,https://i.scdn.co/image/ab67616d0000b2736a144a0ddc1c14fa8db49b67
2025-12-14,46,Wonderful Christmastime - Edited Version / Remastered 2011,Paul McCartney,89,227653,album,19,1980-05-16,False,https://i.scdn.co/image/ab67616d0000b2733cef016d13d82873d45af84a
2025-12-14,47,Beautiful Things,Benson Boone,89,180304,album,15,2024-04-05,False,https://i.scdn.co/image/ab67616d0000b273cc04ff3e70e146ba9abacf40
2025-12-14,48,Sedia Aku Sebelum Hujan,Idgitaf,85,230130,single,1,2025-10-08,False,https://i.scdn.co/image/ab67616d0000b2738dc8c573565969d55f9f3477
2025-12-14,49,Timeless (feat Playboi Carti),"The Weeknd, Playboi Carti",92,256000,album,22,2025-01-31,True,https://i.scdn.co/image/ab67616d0000b273982320da137d0de34410df61
2025-12-14,50,The Night We Met,Lord Huron,91,208211,album,14,2015-04-06,False,https://i.scdn.co/image/ab67616d0000b27317875a0610c23d8946454583
2025-12-15,1,All I Want for Christmas Is You,Mariah Carey,98,241562,album,10,1994-10-28,False,https://i.scdn.co/image/ab67616d0000b273c0862332847213b151ffab31
2025-12-15,2,Last Christmas,Wham!,96,262960,single,3,1984-11-29,False,https://i.scdn.co/image/ab67616d0000b273f2d2adaa21ad616df6241e7d
2025-12-15,3,Rockin' Around The Christmas Tree,Brenda Lee,96,126266,album,12,1964-10-19,False,https://i.scdn.co/image/ab67616d0000b2737845f74d6db14b400fa61cd3
2025-12-15,4,The Fate of Ophelia,Taylor Swift,100,226073,album,12,2025-10-03,False,https://i.scdn.co/image/ab67616d0000b273d7812467811a7da6e6a44902
2025-12-15,5,Jingle Bell Rock,Bobby Helms,94,130973,single,2,1957-12-02,False,https://i.scdn.co/image/ab67616d0000b273fd56f3c7a294f5cfe51c7b17
2025-12-15,6,Santa Tell Me,Ariana Grande,95,204093,single,1,2014-11-24,False,https://i.scdn.co/image/ab67616d0000b273a1db745e63940bc06985dea5
2025-12-15,7,Let It Snow! Let It Snow! Let It Snow!,Dean Martin,93,117146,album,12,1959-01-01,False,https://i.scdn.co/image/ab67616d0000b2736d88028a85c771f37374c8ea
2025-12-15,8,Underneath the Tree,Kelly Clarkson,91,229638,album,16,2013-10-25,False,https://i.scdn.co/image/ab67616d0000b273c87992b7588879f66d192905
2025-12-15,9,Golden,"HUNTR/X, EJAE, AUDREY NUNA, REI AMI, KPop Demon Hunters Cast",98,194607,album,12,2025-06-20,False,https://i.scdn.co/image/ab67616d0000b2734dcb6c5df15cf74596ab25a4
2025-12-15,10,Snowman,Sia,94,165900,album,13,2018-11-01,False,https://i.scdn.co/image/ab67616d0000b273e8b11389352ddae61df3a93b
2025-12-15,11,It's the Most Wonderful Time of the Year,Andy Williams,81,151000,album,12,1963-01-01,False,https://i.scdn.co/image/ab67616d0000b273585897779cf3591ba0f07650
2025-12-15,12,It's Beginning to Look a Lot like Christmas,Michael Bublé,86,206639,album,16,2011-10-24,False,https://i.scdn.co/image/ab67616d0000b27395517befb15ad5d63af701ab
2025-12-15,13,Feliz Navidad,José Feliciano,78,182306,album,23,2001-01-01,False,https://i.scdn.co/image/ab67616d0000b27357db4e3ca6a227ed612ad0b8
2025-12-15,14,Man I Need,Olivia Dean,97,184000,single,3,2025-08-15,False,https://i.scdn.co/image/ab67616d0000b273e3d69e17dde129037a1f09e2
2025-12-15,15,back to friends,sombr,93,199032,single,1,2024-12-27,False,https://i.scdn.co/image/ab67616d0000b2739d24f74c1e2d8a12b1e591ec
2025-12-15,16,Sleigh Ride,The Ronettes,81,181266,compilation,15,2020-12-04,False,https://i.scdn.co/image/ab67616d0000b2731f0d5a8ff630fd5944c3936d
2025-12-15,17,Mistletoe,Justin Bieber,91,182946,album,15,2011-01-01,False,https://i.scdn.co/image/ab67616d0000b273af0aff7f601df9ed6d2d531d
2025-12-15,18,The Christmas Song (Merry Christmas To You),Nat King Cole,90,192160,album,19,1962-01-01,False,https://i.scdn.co/image/ab67616d0000b27330dc6027fd140c7ba68e900c
2025-12-15,19,Holly Jolly Christmas,Michael Bublé,86,119786,album,16,2011-10-24,False,https://i.scdn.co/image/ab67616d0000b27395517befb15ad5d63af701ab
2025-12-15,20,Ordinary,Alex Warren,92,186964,album,11,2024-09-26,False,https://i.scdn.co/image/ab67616d0000b27342fe69c0e7e5c92f01ece8ce
2025-12-15,21,So Easy (To Fall In Love),Olivia Dean,95,169000,album,12,2025-09-26,False,https://i.scdn.co/image/ab67616d0000b2739a336bfb6d40bbd90a507417
2025-12-15,22,End of Beginning,Djo,94,159245,album,13,2022-09-16,False,https://i.scdn.co/image/ab67616d0000b273fddfffec51b4580acae727c1
2025-12-15,23,Happy Xmas (War Is Over) - Remastered 2010,"John Lennon, Yoko Ono",90,214333,compilation,119,2010-10-05,False,https://i.scdn.co/image/ab67616d0000b27361a389971d7842d02b0623ab
2025-12-15,24,WHERE IS MY HUSBAND!,RAYE,95,196795,single,1,2025-09-19,False,https://i.scdn.co/image/ab67616d0000b2737cc8cee5c81409833e540974
2025-12-15,25,Wonderful Christmastime - Edited Version / Remastered 2011,Paul McCartney,90,227653,album,19,1980-05-16,False,https://i.scdn.co/image/ab67616d0000b2733cef016d13d82873d45af84a
2025-12-15,26,CHANEL,Tyla,91,188059,single,1,2025-10-24,True,https://i.scdn.co/image/ab67616d0000b27336e063ca7f0b26f63515ca57
2025-12-15,27,Die With A Smile,"Lady Gaga, Bruno Mars",92,251667,single,1,2024-08-16,False,https://i.scdn.co/image/ab67616d0000b27382ea2e9e1858aa012c57cd45
2025-12-15,28,BIRDS OF A FEATHER,Billie Eilish,95,210373,album,10,2024-05-17,False,https://i.scdn.co/image/ab67616d0000b27371d62ea7ea8a5be92d3c1f62
2025-12-15,29,Every Breath You Take,The Police,93,253920,album,11,1983-06-17,False,https://i.scdn.co/image/ab67616d0000b273c8e97cafeb2acb85b21a777e
2025-12-15,30,Christmas (Baby Please Come Home),Darlene Love,87,166453,compilation,15,2020-12-04,False,https://i.scdn.co/image/ab67616d0000b2734bd42504ca3569f71af64fc8
2025-12-15,31,Don’t Say You Love Me,Jin,88,180716,album,7,2025-05-16,False,https://i.scdn.co/image/ab67616d0000b27389228504f700641956e29f5d
2025-12-15,32,Cuando No Era Cantante,"El Bogueto, Yung Beef",91,211084,album,23,2024-09-26,True,https://i.scdn.co/image/ab67616d0000b27315110c9ad66e065592cc3496
2025-12-15,33,Merry Christmas Everyone,Shakin' Stevens,88,220160,album,13,1991-11-25,False,https://i.scdn.co/image/ab67616d0000b273d962f3b4235f8c6429a829fb
2025-12-15,34,Sedia Aku Sebelum Hujan,Idgitaf,85,230130,single,1,2025-10-08,False,https://i.scdn.co/image/ab67616d0000b2738dc8c573565969d55f9f3477
2025-12-15,35,Opalite,Taylor Swift,95,235355,album,12,2025-10-03,False,https://i.scdn.co/image/ab67616d0000b273d7812467811a7da6e6a44902
2025-12-15,36,Gabriela,KATSEYE,94,197226,single,2,2025-06-20,False,https://i.scdn.co/image/ab67616d0000b273f8d4d00ffe09373efb13ce29
2025-12-15,37,Sailor Song,Gigi Perez,88,211978,single,1,2024-07-26,False,https://i.scdn.co/image/ab67616d0000b273e6065f209e0a01986206bd53
2025-12-15,38,White Christmas - 1947 Version,"Bing Crosby, Ken Darby Singers, John Scott Trotter & His Orchestra",89,183613,compilation,12,1945-01-01,False,https://i.scdn.co/image/ab67616d0000b2738004cd6b343732b0e1e666f5
2025-12-15,39,Driving Home for Christmas - 2019 Remaster,Chris Rea,82,241626,album,28,1987-08-02,False,https://i.scdn.co/image/ab67616d0000b2736d621c2d5114cc41c96b376a
2025-12-15,40,DtMF,Bad Bunny,92,237117,album,17,2025-01-05,True,https://i.scdn.co/image/ab67616d0000b273bbd45c8d36e0e045ef640411
2025-12-15,41,It's Beginning to Look a Lot Like Christmas (with Mitchell Ayres & His Orchestra),"Perry Como, The Fontane Sisters, Mitchell Ayres & His Orchestra",88,155933,album,21,1999-08-23,False,https://i.scdn.co/image/ab67616d0000b273d5f598be32d3027b9578ecd6
2025-12-15,42,Do They Know It's Christmas? - 1984 Version,Band Aid,72,222533,single,2,2004-01-01,False,https://i.scdn.co/image/ab67616d0000b2732f77772e5c981e44fc347e22
2025-12-15,43,BAILE INoLVIDABLE,Bad Bunny,92,367725,album,17,2025-01-05,True,https://i.scdn.co/image/ab67616d0000b273bbd45c8d36e0e045ef640411
2025-12-15,44,Posso Até Não Te Dar Flores,"DJ Japa NK, MC Meno K, MC Ryan SP, Mc Jacaré, DJ DAVI DOGDOG",92,158769,single,1,2025-09-11,True,https://i.scdn.co/image/ab67616d0000b27303965d16104282739d6e0a58
2025-12-15,45,Run Rudolph Run,Chuck Berry,88,165733,album,20,1986-01-01,False,https://i.scdn.co/image/ab67616d0000b27339807cff601735a3dec9e24c
2025-12-15,46,Iris,The Goo Goo Dolls,93,289533,album,13,1998-01-01,False,https://i.scdn.co/image/ab67616d0000b273eda9478c39a21e1cdc6609ca
2025-12-15,47,Step Into Christmas - Remastered 1995,Elton John,86,272333,album,14,1974-06-28,False,https://i.scdn.co/image/ab67616d0000b27368f5959744717483eed212b2
2025-12-15,48,Sweater Weather,The Neighbourhood,93,240400,album,11,2013-04-22,False,https://i.scdn.co/image/ab67616d0000b2738265a736a1eb838ad5a0b921
2025-12-15,49,Please Come Home for Christmas - 2013 Remaster,Eagles,88,177440,single,2,1978-11-27,False,https://i.scdn.co/image/ab67616d0000b2736d4362a2b2e39422000f8ed3
2025-12-15,50,WILDFLOWER,Billie Eilish,93,261466,album,10,2024-05-17,False,https://i.scdn.co/image/ab67616d0000b27371d62ea7ea8a5be92d3c1f62
2025-12-16,1,The Fate of Ophelia,Taylor Swift,100,226073,album,12,2025-10-03,False,https://i.scdn.co/image/ab67616d0000b273d7812467811a7da6e6a44902
2025-12-16,2,Last Christmas,Wham!,96,262960,single,3,1984-11-29,False,https://i.scdn.co/image/ab67616d0000b273f2d2adaa21ad616df6241e7d
2025-12-16,3,All I Want for Christmas Is You,Mariah Carey,98,241562,album,10,1994-10-28,False,https://i.scdn.co/image/ab67616d0000b273c0862332847213b151ffab31
2025-12-16,4,Rockin' Around The Christmas Tree,Brenda Lee,96,126266,album,12,1964-10-19,False,https://i.scdn.co/image/ab67616d0000b2737845f74d6db14b400fa61cd3
2025-12-16,5,Golden,"HUNTR/X, EJAE, AUDREY NUNA, REI AMI, KPop Demon Hunters Cast",98,194607,album,12,2025-06-20,False,https://i.scdn.co/image/ab67616d0000b2734dcb6c5df15cf74596ab25a4
2025-12-16,6,Jingle Bell Rock,Bobby Helms,94,130973,single,2,1957-12-02,False,https://i.scdn.co/image/ab67616d0000b273fd56f3c7a294f5cfe51c7b17
2025-12-16,7,Man I Need,Olivia Dean,97,184000,single,3,2025-08-15,False,https://i.scdn.co/image/ab67616d0000b273e3d69e17dde129037a1f09e2
2025-12-16,8,back to friends,sombr,93,199032,single,1,2024-12-27,False,https://i.scdn.co/image/ab67616d0000b2739d24f74c1e2d8a12b1e591ec
2025-12-16,9,Santa Tell Me,Ariana Grande,95,204093,single,1,2014-11-24,False,https://i.scdn.co/image/ab67616d0000b273a1db745e63940bc06985dea5
2025-12-16,10,Underneath the Tree,Kelly Clarkson,92,229638,album,16,2013-10-25,False,https://i.scdn.co/image/ab67616d0000b273c87992b7588879f66d192905
2025-12-16,11,Snowman,Sia,94,165900,album,13,2018-11-01,False,https://i.scdn.co/image/ab67616d0000b273e8b11389352ddae61df3a93b
2025-12-16,12,Let It Snow! Let It Snow! Let It Snow!,Dean Martin,94,117146,album,12,1959-01-01,False,https://i.scdn.co/image/ab67616d0000b2736d88028a85c771f37374c8ea
2025-12-16,13,Ordinary,Alex Warren,92,186964,album,11,2024-09-26,False,https://i.scdn.co/image/ab67616d0000b27342fe69c0e7e5c92f01ece8ce
2025-12-16,14,It's the Most Wonderful Time of the Year,Andy Williams,82,151000,album,12,1963-01-01,False,https://i.scdn.co/image/ab67616d0000b273585897779cf3591ba0f07650
2025-12-16,15,So Easy (To Fall In Love),Olivia Dean,95,169000,album,12,2025-09-26,False,https://i.scdn.co/image/ab67616d0000b2739a336bfb6d40bbd90a507417
2025-12-16,16,End of Beginning,Djo,94,159245,album,13,2022-09-16,False,https://i.scdn.co/image/ab67616d0000b273fddfffec51b4580acae727c1
2025-12-16,17,WHERE IS MY HUSBAND!,RAYE,95,196795,single,1,2025-09-19,False,https://i.scdn.co/image/ab67616d0000b2737cc8cee5c81409833e540974
2025-12-16,18,It's Beginning to Look a Lot like Christmas,Michael Bublé,86,206639,album,16,2011-10-24,False,https://i.scdn.co/image/ab67616d0000b27395517befb15ad5d63af701ab
2025-12-16,19,Every Breath You Take,The Police,93,253920,album,11,1983-06-17,False,https://i.scdn.co/image/ab67616d0000b273c8e97cafeb2acb85b21a777e
2025-12-16,20,CHANEL,Tyla,91,188059,single,1,2025-10-24,True,https://i.scdn.co/image/ab67616d0000b27336e063ca7f0b26f63515ca57
2025-12-16,21,Holly Jolly Christmas,Michael Bublé,86,119786,album,16,2011-10-24,False,https://i.scdn.co/image/ab67616d0000b27395517befb15ad5d63af701ab
2025-12-16,22,Sleigh Ride,The Ronettes,81,181266,compilation,15,2020-12-04,False,https://i.scdn.co/image/ab67616d0000b2731f0d5a8ff630fd5944c3936d
2025-12-16,23,Die With A Smile,"Lady Gaga, Bruno Mars",92,251667,single,1,2024-08-16,False,https://i.scdn.co/image/ab67616d0000b27382ea2e9e1858aa012c57cd45
2025-12-16,24,Feliz Navidad,José Feliciano,78,182306,album,23,2001-01-01,False,https://i.scdn.co/image/ab67616d0000b27357db4e3ca6a227ed612ad0b8
2025-12-16,25,BIRDS OF A FEATHER,Billie Eilish,95,210373,album,10,2024-05-17,False,https://i.scdn.co/image/ab67616d0000b27371d62ea7ea8a5be92d3c1f62
2025-12-16,26,Mistletoe,Justin Bieber,92,182946,album,15,2011-01-01,False,https://i.scdn.co/image/ab67616d0000b273af0aff7f601df9ed6d2d531d
2025-12-16,27,Cuando No Era Cantante,"El Bogueto, Yung Beef",91,211084,album,23,2024-09-26,True,https://i.scdn.co/image/ab67616d0000b27315110c9ad66e065592cc3496
2025-12-16,28,Opalite,Taylor Swift,95,235355,album,12,2025-10-03,False,https://i.scdn.co/image/ab67616d0000b273d7812467811a7da6e6a44902
2025-12-16,29,The Christmas Song (Merry Christmas To You),Nat King Cole,90,192160,album,19,1962-01-01,False,https://i.scdn.co/image/ab67616d0000b27330dc6027fd140c7ba68e900c
2025-12-16,30,Sailor Song,Gigi Perez,88,211978,single,1,2024-07-26,False,https://i.scdn.co/image/ab67616d0000b273e6065f209e0a01986206bd53
2025-12-16,31,Iris,The Goo Goo Dolls,93,289533,album,13,1998-01-01,False,https://i.scdn.co/image/ab67616d0000b273eda9478c39a21e1cdc6609ca
2025-12-16,32,Don’t Say You Love Me,Jin,88,180716,album,7,2025-05-16,False,https://i.scdn.co/image/ab67616d0000b27389228504f700641956e29f5d
2025-12-16,33,Gabriela,KATSEYE,94,197226,single,2,2025-06-20,False,https://i.scdn.co/image/ab67616d0000b273f8d4d00ffe09373efb13ce29
2025-12-16,34,DtMF,Bad Bunny,93,237117,album,17,2025-01-05,True,https://i.scdn.co/image/ab67616d0000b273bbd45c8d36e0e045ef640411
2025-12-16,35,Sedia Aku Sebelum Hujan,Idgitaf,86,230130,single,1,2025-10-08,False,https://i.scdn.co/image/ab67616d0000b2738dc8c573565969d55f9f3477
2025-12-16,36,"One Of The Girls (with JENNIE, Lily Rose Depp)","The Weeknd, JENNIE, Lily-Rose Depp",92,244684,single,3,2023-06-23,False,https://i.scdn.co/image/ab67616d0000b273b0dd6a5cd1dec96c4119c262
2025-12-16,37,Sweater Weather,The Neighbourhood,93,240400,album,11,2013-04-22,False,https://i.scdn.co/image/ab67616d0000b2738265a736a1eb838ad5a0b921
2025-12-16,38,BAILE INoLVIDABLE,Bad Bunny,92,367725,album,17,2025-01-05,True,https://i.scdn.co/image/ab67616d0000b273bbd45c8d36e0e045ef640411
2025-12-16,39,Christmas (Baby Please Come Home),Darlene Love,87,166453,compilation,15,2020-12-04,False,https://i.scdn.co/image/ab67616d0000b2734bd42504ca3569f71af64fc8
2025-12-16,40,Happy Xmas (War Is Over) - Remastered 2010,"John Lennon, Yoko Ono",90,214333,compilation,119,2010-10-05,False,https://i.scdn.co/image/ab67616d0000b27361a389971d7842d02b0623ab
2025-12-16,41,La Perla,"ROSALÍA, Yahritza Y Su Esencia",93,195546,album,15,2025-11-07,True,https://i.scdn.co/image/ab67616d0000b27393ee2e2f2dfb7de9befcc164
2025-12-16,42,The Night We Met,Lord Huron,90,208211,album,14,2015-04-06,False,https://i.scdn.co/image/ab67616d0000b27317875a0610c23d8946454583
2025-12-16,43,WILDFLOWER,Billie Eilish,93,261466,album,10,2024-05-17,False,https://i.scdn.co/image/ab67616d0000b27371d62ea7ea8a5be92d3c1f62
2025-12-16,44,Wonderful Christmastime - Edited Version / Remastered 2011,Paul McCartney,90,227653,album,19,1980-05-16,False,https://i.scdn.co/image/ab67616d0000b2733cef016d13d82873d45af84a
2025-12-16,45,Posso Até Não Te Dar Flores,"DJ Japa NK, MC Meno K, MC Ryan SP, Mc Jacaré, DJ DAVI DOGDOG",92,158769,single,1,2025-09-11,True,https://i.scdn.co/image/ab67616d0000b27303965d16104282739d6e0a58
2025-12-16,46,Lush Life,Zara Larsson,2,201122,single,1,2015-06-09,False,https://i.scdn.co/image/ab67616d0000b2736eaa0691ac9d790b41d21a91
2025-12-16,47,No Broke Boys,"Disco Lines, Tinashe",93,163994,single,1,2025-06-06,True,https://i.scdn.co/image/ab67616d0000b2735dcede7ece7b2cb72cee4eee
2025-12-16,48,Who,Jimin,87,170887,album,7,2024-07-19,False,https://i.scdn.co/image/ab67616d0000b273f02c451189a709b9a952aaec
2025-12-16,49,I Wanna Be Yours,Arctic Monkeys,92,183956,album,12,2013-09-09,False,https://i.scdn.co/image/ab67616d0000b2734ae1c4c5c45aabe565499163
2025-12-16,50,Creep,Radiohead,92,238640,album,12,1993-02-22,True,https://i.scdn.co/image/ab67616d0000b273ec548c00d3ac2f10be73366d
2025-12-17,1,The Fate of Ophelia,Taylor Swift,100,226073,album,12,2025-10-03,False,https://i.scdn.co/image/ab67616d0000b273d7812467811a7da6e6a44902
2025-12-17,2,Last Christmas,Wham!,96,262960,single,3,1984-11-29,False,https://i.scdn.co/image/ab67616d0000b273f2d2adaa21ad616df6241e7d
2025-12-17,3,All I Want for Christmas Is You,Mariah Carey,98,241562,album,10,1994-10-28,False,https://i.scdn.co/image/ab67616d0000b273c0862332847213b151ffab31
2025-12-17,4,Rockin' Around The Christmas Tree,Brenda Lee,96,126266,album,12,1964-10-19,False,https://i.scdn.co/image/ab67616d0000b2737845f74d6db14b400fa61cd3
2025-12-17,5,Golden,"HUNTR/X, EJAE, AUDREY NUNA, REI AMI, KPop Demon Hunters Cast",98,194607,album,12,2025-06-20,False,https://i.scdn.co/image/ab67616d0000b2734dcb6c5df15cf74596ab25a4
2025-12-17,6,Jingle Bell Rock,Bobby Helms,94,130973,single,2,1957-12-02,False,https://i.scdn.co/image/ab67616d0000b273fd56f3c7a294f5cfe51c7b17
2025-12-17,7,Man I Need,Olivia Dean,97,184000,single,3,2025-08-15,False,https://i.scdn.co/image/ab67616d0000b273e3d69e17dde129037a1f09e2
2025-12-17,8,back to friends,sombr,93,199032,single,1,2024-12-27,False,https://i.scdn.co/image/ab67616d0000b2739d24f74c1e2d8a12b1e591ec
2025-12-17,9,Santa Tell Me,Ariana Grande,95,204093,single,1,2014-11-24,False,https://i.scdn.co/image/ab67616d0000b273a1db745e63940bc06985dea5
2025-12-17,10,Underneath the Tree,Kelly Clarkson,92,229638,album,16,2013-10-25,False,https://i.scdn.co/image/ab67616d0000b273c87992b7588879f66d192905
2025-12-17,11,Snowman,Sia,94,165900,album,13,2018-11-01,False,https://i.scdn.co/image/ab67616d0000b273e8b11389352ddae61df3a93b
2025-12-17,12,Let It Snow! Let It Snow! Let It Snow!,Dean Martin,94,117146,album,12,1959-01-01,False,https://i.scdn.co/image/ab67616d0000b2736d88028a85c771f37374c8ea
2025-12-17,13,Ordinary,Alex Warren,92,186964,album,11,2024-09-26,False,https://i.scdn.co/image/ab67616d0000b27342fe69c0e7e5c92f01ece8ce
2025-12-17,14,It's the Most Wonderful Time of the Year,Andy Williams,82,151000,album,12,1963-01-01,False,https://i.scdn.co/image/ab67616d0000b273585897779cf3591ba0f07650
2025-12-17,15,So Easy (To Fall In Love),Olivia Dean,95,169000,album,12,2025-09-26,False,https://i.scdn.co/image/ab67616d0000b2739a336bfb6d40bbd90a507417
2025-12-17,16,End of Beginning,Djo,94,159245,album,13,2022-09-16,False,https://i.scdn.co/image/ab67616d0000b273fddfffec51b4580acae727c1
2025-12-17,17,WHERE IS MY HUSBAND!,RAYE,95,196795,single,1,2025-09-19,False,https://i.scdn.co/image/ab67616d0000b2737cc8cee5c81409833e540974
2025-12-17,18,It's Beginning to Look a Lot like Christmas,Michael Bublé,86,206639,album,16,2011-10-24,False,https://i.scdn.co/image/ab67616d0000b27395517befb15ad5d63af701ab
2025-12-17,19,Every Breath You Take,The Police,93,253920,album,11,1983-06-17,False,https://i.scdn.co/image/ab67616d0000b273c8e97cafeb2acb85b21a777e
2025-12-17,20,CHANEL,Tyla,91,188059,single,1,2025-10-24,True,https://i.scdn.co/image/ab67616d0000b27336e063ca7f0b26f63515ca57
2025-12-17,21,Holly Jolly Christmas,Michael Bublé,86,119786,album,16,2011-10-24,False,https://i.scdn.co/image/ab67616d0000b27395517befb15ad5d63af701ab
2025-12-17,22,Sleigh Ride,The Ronettes,81,181266,compilation,15,2020-12-04,False,https://i.scdn.co/image/ab67616d0000b2731f0d5a8ff630fd5944c3936d
2025-12-17,23,Die With A Smile,"Lady Gaga, Bruno Mars",92,251667,single,1,2024-08-16,False,https://i.scdn.co/image/ab67616d0000b27382ea2e9e1858aa012c57cd45
2025-12-17,24,Feliz Navidad,José Feliciano,78,182306,album,23,2001-01-01,False,https://i.scdn.co/image/ab67616d0000b27357db4e3ca6a227ed612ad0b8
2025-12-17,25,BIRDS OF A FEATHER,Billie Eilish,95,210373,album,10,2024-05-17,False,https://i.scdn.co/image/ab67616d0000b27371d62ea7ea8a5be92d3c1f62
2025-12-17,26,Mistletoe,Justin Bieber,92,182946,album,15,2011-01-01,False,https://i.scdn.co/image/ab67616d0000b273af0aff7f601df9ed6d2d531d
2025-12-17,27,Cuando No Era Cantante,"El Bogueto, Yung Beef",91,211084,album,23,2024-09-26,True,https://i.scdn.co/image/ab67616d0000b27315110c9ad66e065592cc3496
2025-12-17,28,Opalite,Taylor Swift,95,235355,album,12,2025-10-03,False,https://i.scdn.co/image/ab67616d0000b273d7812467811a7da6e6a44902
2025-12-17,29,The Christmas Song (Merry Christmas To You),Nat King Cole,90,192160,album,19,1962-01-01,False,https://i.scdn.co/image/ab67616d0000b27330dc6027fd140c7ba68e900c
2025-12-17,30,Sailor Song,Gigi Perez,88,211978,single,1,2024-07-26,False,https://i.scdn.co/image/ab67616d0000b273e6065f209e0a01986206bd53
2025-12-17,31,Iris,The Goo Goo Dolls,93,289533,album,13,1998-01-01,False,https://i.scdn.co/image/ab67616d0000b273eda9478c39a21e1cdc6609ca
2025-12-17,32,Don’t Say You Love Me,Jin,88,180716,album,7,2025-05-16,False,https://i.scdn.co/image/ab67616d0000b27389228504f700641956e29f5d
2025-12-17,33,Gabriela,KATSEYE,94,197226,single,2,2025-06-20,False,https://i.scdn.co/image/ab67616d0000b273f8d4d00ffe09373efb13ce29
2025-12-17,34,DtMF,Bad Bunny,93,237117,album,17,2025-01-05,True,https://i.scdn.co/image/ab67616d0000b273bbd45c8d36e0e045ef640411
2025-12-17,35,Sedia Aku Sebelum Hujan,Idgitaf,86,230130,single,1,2025-10-08,False,https://i.scdn.co/image/ab67616d0000b2738dc8c573565969d55f9f3477
2025-12-17,36,"One Of The Girls (with JENNIE, Lily Rose Depp)","The Weeknd, JENNIE, Lily-Rose Depp",92,244684,single,3,2023-06-23,False,https://i.scdn.co/image/ab67616d0000b273b0dd6a5cd1dec96c4119c262
2025-12-17,37,Sweater Weather,The Neighbourhood,93,240400,album,11,2013-04-22,False,https://i.scdn.co/image/ab67616d0000b2738265a736a1eb838ad5a0b921
2025-12-17,38,BAILE INoLVIDABLE,Bad Bunny,92,367725,album,17,2025-01-05,True,https://i.scdn.co/image/ab67616d0000b273bbd45c8d36e0e045ef640411
2025-12-17,39,Christmas (Baby Please Come Home),Darlene Love,87,166453,compilation,15,2020-12-04,False,https://i.scdn.co/image/ab67616d0000b2734bd42504ca3569f71af64fc8
2025-12-17,40,Happy Xmas (War Is Over) - Remastered 2010,"John Lennon, Yoko Ono",90,214333,compilation,119,2010-10-05,False,https://i.scdn.co/image/ab67616d0000b27361a389971d7842d02b0623ab
2025-12-17,41,La Perla,"ROSALÍA, Yahritza Y Su Esencia",93,195546,album,15,2025-11-07,True,https://i.scdn.co/image/ab67616d0000b27393ee2e2f2dfb7de9befcc164
2025-12-17,42,The Night We Met,Lord Huron,90,208211,album,14,2015-04-06,False,https://i.scdn.co/image/ab67616d0000b27317875a0610c23d8946454583
2025-12-17,43,WILDFLOWER,Billie Eilish,93,261466,album,10,2024-05-17,False,https://i.scdn.co/image/ab67616d0000b27371d62ea7ea8a5be92d3c1f62
2025-12-17,44,Wonderful Christmastime - Edited Version / Remastered 2011,Paul McCartney,90,227653,album,19,1980-05-16,False,https://i.scdn.co/image/ab67616d0000b2733cef016d13d82873d45af84a
2025-12-17,45,Posso Até Não Te Dar Flores,"DJ Japa NK, MC Meno K, MC Ryan SP, Mc Jacaré, DJ DAVI DOGDOG",92,158769,single,1,2025-09-11,True,https://i.scdn.co/image/ab67616d0000b27303965d16104282739d6e0a58
2025-12-17,46,Lush Life,Zara Larsson,2,201122,single,1,2015-06-09,False,https://i.scdn.co/image/ab67616d0000b2736eaa0691ac9d790b41d21a91
2025-12-17,47,No Broke Boys,"Disco Lines, Tinashe",93,163994,single,1,2025-06-06,True,https://i.scdn.co/image/ab67616d0000b2735dcede7ece7b2cb72cee4eee
2025-12-17,48,Who,Jimin,87,170887,album,7,2024-07-19,False,https://i.scdn.co/image/ab67616d0000b273f02c451189a709b9a952aaec
2025-12-17,49,I Wanna Be Yours,Arctic Monkeys,92,183956,album,12,2013-09-09,False,https://i.scdn.co/image/ab67616d0000b2734ae1c4c5c45aabe565499163
2025-12-17,50,Creep,Radiohead,92,238640,album,12,1993-02-22,True,https://i.scdn.co/image/ab67616d0000b273ec548c00d3ac2f10be73366d
2025-12-18,1,The Fate of Ophelia,Taylor Swift,100,226073,album,12,2025-10-03,False,https://i.scdn.co/image/ab67616d0000b273d7812467811a7da6e6a44902
2025-12-18,2,Last Christmas,Wham!,96,262960,single,3,1984-11-29,False,https://i.scdn.co/image/ab67616d0000b273f2d2adaa21ad616df6241e7d
2025-12-18,3,All I Want for Christmas Is You,Mariah Carey,98,241562,album,10,1994-10-28,False,https://i.scdn.co/image/ab67616d0000b273c0862332847213b151ffab31
2025-12-18,4,Rockin' Around The Christmas Tree,Brenda Lee,96,126266,album,12,1964-10-19,False,https://i.scdn.co/image/ab67616d0000b2737845f74d6db14b400fa61cd3
2025-12-18,5,Jingle Bell Rock,Bobby Helms,94,130973,single,2,1957-12-02,False,https://i.scdn.co/image/ab67616d0000b273fd56f3c7a294f5cfe51c7b17
2025-12-18,6,Golden,"HUNTR/X, EJAE, AUDREY NUNA, REI AMI, KPop Demon Hunters Cast",98,194607,album,12,2025-06-20,False,https://i.scdn.co/image/ab67616d0000b2734dcb6c5df15cf74596ab25a4
2025-12-18,7,Man I Need,Olivia Dean,97,184000,single,3,2025-08-15,False,https://i.scdn.co/image/ab67616d0000b273e3d69e17dde129037a1f09e2
2025-12-18,8,Santa Tell Me,Ariana Grande,95,204093,single,1,2014-11-24,False,https://i.scdn.co/image/ab67616d0000b273a1db745e63940bc06985dea5
2025-12-18,9,back to friends,sombr,93,199032,single,1,2024-12-27,False,https://i.scdn.co/image/ab67616d0000b2739d24f74c1e2d8a12b1e591ec
2025-12-18,10,Snowman,Sia,94,165900,album,13,2018-11-01,False,https://i.scdn.co/image/ab67616d0000b273e8b11389352ddae61df3a93b
2025-12-18,11,Underneath the Tree,Kelly Clarkson,92,229638,album,16,2013-10-25,False,https://i.scdn.co/image/ab67616d0000b273c87992b7588879f66d192905
2025-12-18,12,Let It Snow! Let It Snow! Let It Snow!,Dean Martin,94,117146,album,12,1959-01-01,False,https://i.scdn.co/image/ab67616d0000b2736d88028a85c771f37374c8ea
2025-12-18,13,It's the Most Wonderful Time of the Year,Andy Williams,82,151000,album,12,1963-01-01,False,https://i.scdn.co/image/ab67616d0000b273585897779cf3591ba0f07650
2025-12-18,14,So Easy (To Fall In Love),Olivia Dean,95,169000,album,12,2025-09-26,False,https://i.scdn.co/image/ab67616d0000b2739a336bfb6d40bbd90a507417
2025-12-18,15,End of Beginning,Djo,94,159245,album,13,2022-09-16,False,https://i.scdn.co/image/ab67616d0000b273fddfffec51b4580acae727c1
2025-12-18,16,WHERE IS MY HUSBAND!,RAYE,95,196795,single,1,2025-09-19,False,https://i.scdn.co/image/ab67616d0000b2737cc8cee5c81409833e540974
2025-12-18,17,It's Beginning to Look a Lot like Christmas,Michael Bublé,86,206639,album,16,2011-10-24,False,https://i.scdn.co/image/ab67616d0000b27395517befb15ad5d63af701ab
2025-12-18,18,Ordinary,Alex Warren,92,186964,album,11,2024-09-26,False,https://i.scdn.co/image/ab67616d0000b27342fe69c0e7e5c92f01ece8ce
2025-12-18,19,Holly Jolly Christmas,Michael Bublé,86,119786,album,16,2011-10-24,False,https://i.scdn.co/image/ab67616d0000b27395517befb15ad5d63af701ab
2025-12-18,20,Sleigh Ride,The Ronettes,81,181266,compilation,15,2020-12-04,False,https://i.scdn.co/image/ab67616d0000b2731f0d5a8ff630fd5944c3936d
2025-12-18,21,CHANEL,Tyla,91,188059,single,1,2025-10-24,True,https://i.scdn.co/image/ab67616d0000b27336e063ca7f0b26f63515ca57
2025-12-18,22,Feliz Navidad,José Feliciano,79,182306,album,23,2001-01-01,False,https://i.scdn.co/image/ab67616d0000b27357db4e3ca6a227ed612ad0b8
2025-12-18,23,Die With A Smile,"Lady Gaga, Bruno Mars",92,251667,single,1,2024-08-16,False,https://i.scdn.co/image/ab67616d0000b27382ea2e9e1858aa012c57cd45
2025-12-18,24,BIRDS OF A FEATHER,Billie Eilish,95,210373,album,10,2024-05-17,False,https://i.scdn.co/image/ab67616d0000b27371d62ea7ea8a5be92d3c1f62
2025-12-18,25,Cuando No Era Cantante,"El Bogueto, Yung Beef",91,211084,album,23,2024-09-26,True,https://i.scdn.co/image/ab67616d0000b27315110c9ad66e065592cc3496
2025-12-18,26,Mistletoe,Justin Bieber,92,182946,album,15,2011-01-01,False,https://i.scdn.co/image/ab67616d0000b273af0aff7f601df9ed6d2d531d
2025-12-18,27,Every Breath You Take,The Police,93,253920,album,11,1983-06-17,False,https://i.scdn.co/image/ab67616d0000b273c8e97cafeb2acb85b21a777e
2025-12-18,28,Opalite,Taylor Swift,95,235355,album,12,2025-10-03,False,https://i.scdn.co/image/ab67616d0000b273d7812467811a7da6e6a44902
2025-12-18,29,The Christmas Song (Merry Christmas To You),Nat King Cole,90,192160,album,19,1962-01-01,False,https://i.scdn.co/image/ab67616d0000b27330dc6027fd140c7ba68e900c
2025-12-18,30,BAILE INoLVIDABLE,Bad Bunny,92,367725,album,17,2025-01-05,True,https://i.scdn.co/image/ab67616d0000b273bbd45c8d36e0e045ef640411
2025-12-18,31,Iris,The Goo Goo Dolls,93,289533,album,13,1998-01-01,False,https://i.scdn.co/image/ab67616d0000b273eda9478c39a21e1cdc6609ca
2025-12-18,32,Gabriela,KATSEYE,94,197226,single,2,2025-06-20,False,https://i.scdn.co/image/ab67616d0000b273f8d4d00ffe09373efb13ce29
2025-12-18,33,DtMF,Bad Bunny,93,237117,album,17,2025-01-05,True,https://i.scdn.co/image/ab67616d0000b273bbd45c8d36e0e045ef640411
2025-12-18,34,Don’t Say You Love Me,Jin,88,180716,album,7,2025-05-16,False,https://i.scdn.co/image/ab67616d0000b27389228504f700641956e29f5d
2025-12-18,35,Sweater Weather,The Neighbourhood,93,240400,album,11,2013-04-22,False,https://i.scdn.co/image/ab67616d0000b2738265a736a1eb838ad5a0b921
2025-12-18,36,Sailor Song,Gigi Perez,88,211978,single,1,2024-07-26,False,https://i.scdn.co/image/ab67616d0000b273e6065f209e0a01986206bd53
2025-12-18,37,La Perla,"ROSALÍA, Yahritza Y Su Esencia",93,195546,album,15,2025-11-07,True,https://i.scdn.co/image/ab67616d0000b27393ee2e2f2dfb7de9befcc164
2025-12-18,38,Happy Xmas (War Is Over) - Remastered 2010,"John Lennon, Yoko Ono",90,214333,compilation,119,2010-10-05,False,https://i.scdn.co/image/ab67616d0000b27361a389971d7842d02b0623ab
2025-12-18,39,Sedia Aku Sebelum Hujan,Idgitaf,86,230130,single,1,2025-10-08,False,https://i.scdn.co/image/ab67616d0000b2738dc8c573565969d55f9f3477
2025-12-18,40,Christmas (Baby Please Come Home),Darlene Love,87,166453,compilation,15,2020-12-04,False,https://i.scdn.co/image/ab67616d0000b2734bd42504ca3569f71af64fc8
2025-12-18,41,Creep,Radiohead,92,238640,album,12,1993-02-22,True,https://i.scdn.co/image/ab67616d0000b273ec548c00d3ac2f10be73366d
2025-12-18,42,"One Of The Girls (with JENNIE, Lily Rose Depp)","The Weeknd, JENNIE, Lily-Rose Depp",93,244684,single,3,2023-06-23,False,https://i.scdn.co/image/ab67616d0000b273b0dd6a5cd1dec96c4119c262
2025-12-18,43,Wonderful Christmastime - Edited Version / Remastered 2011,Paul McCartney,90,227653,album,19,1980-05-16,False,https://i.scdn.co/image/ab67616d0000b2733cef016d13d82873d45af84a
2025-12-18,44,WILDFLOWER,Billie Eilish,93,261466,album,10,2024-05-17,False,https://i.scdn.co/image/ab67616d0000b27371d62ea7ea8a5be92d3c1f62
2025-12-18,45,Who,Jimin,87,170887,album,7,2024-07-19,False,https://i.scdn.co/image/ab67616d0000b273f02c451189a709b9a952aaec
2025-12-18,46,Posso Até Não Te Dar Flores,"DJ Japa NK, MC Meno K, MC Ryan SP, Mc Jacaré, DJ DAVI DOGDOG",92,158769,single,1,2025-09-11,True,https://i.scdn.co/image/ab67616d0000b27303965d16104282739d6e0a58
2025-12-18,47,No Broke Boys,"Disco Lines, Tinashe",93,163994,single,1,2025-06-06,True,https://i.scdn.co/image/ab67616d0000b2735dcede7ece7b2cb72cee4eee
2025-12-18,48,I Wanna Be Yours,Arctic Monkeys,92,183956,album,12,2013-09-09,False,https://i.scdn.co/image/ab67616d0000b2734ae1c4c5c45aabe565499163
2025-12-18,49,Yellow,Coldplay,92,266773,album,10,2000-07-10,False,https://i.scdn.co/image/ab67616d0000b2739164bafe9aaa168d93f4816a
2025-12-18,50,Starboy,"The Weeknd, Daft Punk",91,230453,album,18,2016-11-25,True,https://i.scdn.co/image/ab67616d0000b2734718e2b124f79258be7bc452
2025-12-19,1,The Fate of Ophelia,Taylor Swift,100,226073,album,12,2025-10-03,False,https://i.scdn.co/image/ab67616d0000b273d7812467811a7da6e6a44902
2025-12-19,2,Last Christmas,Wham!,96,262960,single,3,1984-11-29,False,https://i.scdn.co/image/ab67616d0000b273f2d2adaa21ad616df6241e7d
2025-12-19,3,All I Want for Christmas Is You,Mariah Carey,98,241562,album,10,1994-10-28,False,https://i.scdn.co/image/ab67616d0000b273c0862332847213b151ffab31
2025-12-19,4,Rockin' Around The Christmas Tree,Brenda Lee,97,126266,album,12,1964-10-19,False,https://i.scdn.co/image/ab67616d0000b2737845f74d6db14b400fa61cd3
2025-12-19,5,Jingle Bell Rock,Bobby Helms,94,130973,single,2,1957-12-02,False,https://i.scdn.co/image/ab67616d0000b273fd56f3c7a294f5cfe51c7b17
2025-12-19,6,Santa Tell Me,Ariana Grande,95,204093,single,1,2014-11-24,False,https://i.scdn.co/image/ab67616d0000b273a1db745e63940bc06985dea5
2025-12-19,7,Golden,"HUNTR/X, EJAE, AUDREY NUNA, REI AMI, KPop Demon Hunters Cast",98,194607,album,12,2025-06-20,False,https://i.scdn.co/image/ab67616d0000b2734dcb6c5df15cf74596ab25a4
2025-12-19,8,Man I Need,Olivia Dean,97,184000,single,3,2025-08-15,False,https://i.scdn.co/image/ab67616d0000b273e3d69e17dde129037a1f09e2
2025-12-19,9,back to friends,sombr,93,199032,single,1,2024-12-27,False,https://i.scdn.co/image/ab67616d0000b2739d24f74c1e2d8a12b1e591ec
2025-12-19,10,Snowman,Sia,94,165900,album,13,2018-11-01,False,https://i.scdn.co/image/ab67616d0000b273e8b11389352ddae61df3a93b
2025-12-19,11,Underneath the Tree,Kelly Clarkson,92,229638,album,16,2013-10-25,False,https://i.scdn.co/image/ab67616d0000b273c87992b7588879f66d192905
2025-12-19,12,Let It Snow! Let It Snow! Let It Snow!,Dean Martin,94,117146,album,12,1959-01-01,False,https://i.scdn.co/image/ab67616d0000b2736d88028a85c771f37374c8ea
2025-12-19,13,It's the Most Wonderful Time of the Year,Andy Williams,82,151000,album,12,1963-01-01,False,https://i.scdn.co/image/ab67616d0000b273585897779cf3591ba0f07650
2025-12-19,14,WHERE IS MY HUSBAND!,RAYE,95,196795,single,1,2025-09-19,False,https://i.scdn.co/image/ab67616d0000b2737cc8cee5c81409833e540974
2025-12-19,15,It's Beginning to Look a Lot like Christmas,Michael Bublé,86,206639,album,16,2011-10-24,False,https://i.scdn.co/image/ab67616d0000b27395517befb15ad5d63af701ab
2025-12-19,16,So Easy (To Fall In Love),Olivia Dean,96,169000,album,12,2025-09-26,False,https://i.scdn.co/image/ab67616d0000b2739a336bfb6d40bbd90a507417
2025-12-19,17,End of Beginning,Djo,94,159245,album,13,2022-09-16,False,https://i.scdn.co/image/ab67616d0000b273fddfffec51b4580acae727c1
2025-12-19,18,Ordinary,Alex Warren,92,186964,album,11,2024-09-26,False,https://i.scdn.co/image/ab67616d0000b27342fe69c0e7e5c92f01ece8ce
2025-12-19,19,Mistletoe,Justin Bieber,92,182946,album,15,2011-01-01,False,https://i.scdn.co/image/ab67616d0000b273af0aff7f601df9ed6d2d531d
2025-12-19,20,Feliz Navidad,José Feliciano,79,182306,album,23,2001-01-01,False,https://i.scdn.co/image/ab67616d0000b27357db4e3ca6a227ed612ad0b8
2025-12-19,21,CHANEL,Tyla,91,188059,single,1,2025-10-24,True,https://i.scdn.co/image/ab67616d0000b27336e063ca7f0b26f63515ca57
2025-12-19,22,Holly Jolly Christmas,Michael Bublé,86,119786,album,16,2011-10-24,False,https://i.scdn.co/image/ab67616d0000b27395517befb15ad5d63af701ab
2025-12-19,23,Sleigh Ride,The Ronettes,81,181266,compilation,15,2020-12-04,False,https://i.scdn.co/image/ab67616d0000b2731f0d5a8ff630fd5944c3936d
2025-12-19,24,The Christmas Song (Merry Christmas To You),Nat King Cole,90,192160,album,19,1962-01-01,False,https://i.scdn.co/image/ab67616d0000b27330dc6027fd140c7ba68e900c
2025-12-19,25,BIRDS OF A FEATHER,Billie Eilish,95,210373,album,10,2024-05-17,False,https://i.scdn.co/image/ab67616d0000b27371d62ea7ea8a5be92d3c1f62
2025-12-19,26,Die With A Smile,"Lady Gaga, Bruno Mars",92,251667,single,1,2024-08-16,False,https://i.scdn.co/image/ab67616d0000b27382ea2e9e1858aa012c57cd45
2025-12-19,27,Cuando No Era Cantante,"El Bogueto, Yung Beef",91,211084,album,23,2024-09-26,True,https://i.scdn.co/image/ab67616d0000b27315110c9ad66e065592cc3496
2025-12-19,28,Opalite,Taylor Swift,95,235355,album,12,2025-10-03,False,https://i.scdn.co/image/ab67616d0000b273d7812467811a7da6e6a44902
2025-12-19,29,Every Breath You Take,The Police,93,253920,album,11,1983-06-17,False,https://i.scdn.co/image/ab67616d0000b273c8e97cafeb2acb85b21a777e
2025-12-19,30,Iris,The Goo Goo Dolls,93,289533,album,13,1998-01-01,False,https://i.scdn.co/image/ab67616d0000b273eda9478c39a21e1cdc6609ca
2025-12-19,31,BAILE INoLVIDABLE,Bad Bunny,92,367725,album,17,2025-01-05,True,https://i.scdn.co/image/ab67616d0000b273bbd45c8d36e0e045ef640411
2025-12-19,32,DtMF,Bad Bunny,93,237117,album,17,2025-01-05,True,https://i.scdn.co/image/ab67616d0000b273bbd45c8d36e0e045ef640411
2025-12-19,33,Sailor Song,Gigi Perez,88,211978,single,1,2024-07-26,False,https://i.scdn.co/image/ab67616d0000b273e6065f209e0a01986206bd53
2025-12-19,34,Christmas (Baby Please Come Home),Darlene Love,88,166453,compilation,15,2020-12-04,False,https://i.scdn.co/image/ab67616d0000b2734bd42504ca3569f71af64fc8
2025-12-19,35,Don’t Say You Love Me,Jin,88,180716,album,7,2025-05-16,False,https://i.scdn.co/image/ab67616d0000b27389228504f700641956e29f5d
2025-12-19,36,Sedia Aku Sebelum Hujan,Idgitaf,86,230130,single,1,2025-10-08,False,https://i.scdn.co/image/ab67616d0000b2738dc8c573565969d55f9f3477
2025-12-19,37,Gabriela,KATSEYE,94,197226,single,2,2025-06-20,False,https://i.scdn.co/image/ab67616d0000b273f8d4d00ffe09373efb13ce29
2025-12-19,38,La Perla,"ROSALÍA, Yahritza Y Su Esencia",93,195546,album,15,2025-11-07,True,https://i.scdn.co/image/ab67616d0000b27393ee2e2f2dfb7de9befcc164
2025-12-19,39,Happy Xmas (War Is Over) - Remastered 2010,"John Lennon, Yoko Ono",91,214333,compilation,119,2010-10-05,False,https://i.scdn.co/image/ab67616d0000b27361a389971d7842d02b0623ab
2025-12-19,40,Cuando No Era Cantante - Remix,"El Bogueto, Anuel AA, Fuerza Regida, Yung Beef",81,327488,single,1,2025-12-10,True,https://i.scdn.co/image/ab67616d0000b27376ca2bb969e79a911090df63
2025-12-19,41,"One Of The Girls (with JENNIE, Lily Rose Depp)","The Weeknd, JENNIE, Lily-Rose Depp",93,244684,single,3,2023-06-23,False,https://i.scdn.co/image/ab67616d0000b273b0dd6a5cd1dec96c4119c262
2025-12-19,42,Wonderful Christmastime - Edited Version / Remastered 2011,Paul McCartney,90,227653,album,19,1980-05-16,False,https://i.scdn.co/image/ab67616d0000b2733cef016d13d82873d45af84a
2025-12-19,43,Sweater Weather,The Neighbourhood,93,240400,album,11,2013-04-22,False,https://i.scdn.co/image/ab67616d0000b2738265a736a1eb838ad5a0b921
2025-12-19,44,Creep,Radiohead,92,238640,album,12,1993-02-22,True,https://i.scdn.co/image/ab67616d0000b273ec548c00d3ac2f10be73366d
2025-12-19,45,Who,Jimin,87,170887,album,7,2024-07-19,False,https://i.scdn.co/image/ab67616d0000b273f02c451189a709b9a952aaec
2025-12-19,46,WILDFLOWER,Billie Eilish,93,261466,album,10,2024-05-17,False,https://i.scdn.co/image/ab67616d0000b27371d62ea7ea8a5be92d3c1f62
2025-12-19,47,No Broke Boys,"Disco Lines, Tinashe",93,163994,single,1,2025-06-06,True,https://i.scdn.co/image/ab67616d0000b2735dcede7ece7b2cb72cee4eee
2025-12-19,48,Posso Até Não Te Dar Flores,"DJ Japa NK, MC Meno K, MC Ryan SP, Mc Jacaré, DJ DAVI DOGDOG",92,158769,single,1,2025-09-11,True,https://i.scdn.co/image/ab67616d0000b27303965d16104282739d6e0a58
2025-12-19,49,I Wanna Be Yours,Arctic Monkeys,92,183956,album,12,2013-09-09,False,https://i.scdn.co/image/ab67616d0000b2734ae1c4c5c45aabe565499163
2025-12-19,50,The Night We Met,Lord Huron,91,208211,album,14,2015-04-06,False,https://i.scdn.co/image/ab67616d0000b27317875a0610c23d8946454583
2025-12-20,1,The Fate of Ophelia,Taylor Swift,100,226073,album,12,2025-10-03,False,https://i.scdn.co/image/ab67616d0000b273d7812467811a7da6e6a44902
2025-12-20,2,Last Christmas,Wham!,97,262960,single,3,1984-11-29,False,https://i.scdn.co/image/ab67616d0000b273f2d2adaa21ad616df6241e7d
2025-12-20,3,All I Want for Christmas Is You,Mariah Carey,98,241562,album,10,1994-10-28,False,https://i.scdn.co/image/ab67616d0000b273c0862332847213b151ffab31
2025-12-20,4,Rockin' Around The Christmas Tree,Brenda Lee,97,126266,album,12,1964-10-19,False,https://i.scdn.co/image/ab67616d0000b2737845f74d6db14b400fa61cd3
2025-12-20,5,Jingle Bell Rock,Bobby Helms,95,130973,single,2,1957-12-02,False,https://i.scdn.co/image/ab67616d0000b273fd56f3c7a294f5cfe51c7b17
2025-12-20,6,Santa Tell Me,Ariana Grande,95,204093,single,1,2014-11-24,False,https://i.scdn.co/image/ab67616d0000b273a1db745e63940bc06985dea5
2025-12-20,7,Golden,"HUNTR/X, EJAE, AUDREY NUNA, REI AMI, KPop Demon Hunters Cast",98,194607,album,12,2025-06-20,False,https://i.scdn.co/image/ab67616d0000b2734dcb6c5df15cf74596ab25a4
2025-12-20,8,Man I Need,Olivia Dean,97,184000,single,3,2025-08-15,False,https://i.scdn.co/image/ab67616d0000b273e3d69e17dde129037a1f09e2
2025-12-20,9,Snowman,Sia,94,165900,album,13,2018-11-01,False,https://i.scdn.co/image/ab67616d0000b273e8b11389352ddae61df3a93b
2025-12-20,10,back to friends,sombr,93,199032,single,1,2024-12-27,False,https://i.scdn.co/image/ab67616d0000b2739d24f74c1e2d8a12b1e591ec
2025-12-20,11,Underneath the Tree,Kelly Clarkson,92,229638,album,16,2013-10-25,False,https://i.scdn.co/image/ab67616d0000b273c87992b7588879f66d192905
2025-12-20,12,Let It Snow! Let It Snow! Let It Snow!,Dean Martin,94,117146,album,12,1959-01-01,False,https://i.scdn.co/image/ab67616d0000b2736d88028a85c771f37374c8ea
2025-12-20,13,It's the Most Wonderful Time of the Year,Andy Williams,82,151000,album,12,1963-01-01,False,https://i.scdn.co/image/ab67616d0000b273585897779cf3591ba0f07650
2025-12-20,14,It's Beginning to Look a Lot like Christmas,Michael Bublé,87,206639,album,16,2011-10-24,False,https://i.scdn.co/image/ab67616d0000b27395517befb15ad5d63af701ab
2025-12-20,15,WHERE IS MY HUSBAND!,RAYE,95,196795,single,1,2025-09-19,False,https://i.scdn.co/image/ab67616d0000b2737cc8cee5c81409833e540974
2025-12-20,16,So Easy (To Fall In Love),Olivia Dean,96,169000,album,12,2025-09-26,False,https://i.scdn.co/image/ab67616d0000b2739a336bfb6d40bbd90a507417
2025-12-20,17,Ordinary,Alex Warren,92,186964,album,11,2024-09-26,False,https://i.scdn.co/image/ab67616d0000b27342fe69c0e7e5c92f01ece8ce
2025-12-20,18,Mistletoe,Justin Bieber,92,182946,album,15,2011-01-01,False,https://i.scdn.co/image/ab67616d0000b273af0aff7f601df9ed6d2d531d
2025-12-20,19,Feliz Navidad,José Feliciano,79,182306,album,23,2001-01-01,False,https://i.scdn.co/image/ab67616d0000b27357db4e3ca6a227ed612ad0b8
2025-12-20,20,Holly Jolly Christmas,Michael Bublé,87,119786,album,16,2011-10-24,False,https://i.scdn.co/image/ab67616d0000b27395517befb15ad5d63af701ab
2025-12-20,21,Sleigh Ride,The Ronettes,82,181266,compilation,15,2020-12-04,False,https://i.scdn.co/image/ab67616d0000b2731f0d5a8ff630fd5944c3936d
2025-12-20,22,CHANEL,Tyla,91,188059,single,1,2025-10-24,True,https://i.scdn.co/image/ab67616d0000b27336e063ca7f0b26f63515ca57
2025-12-20,23,End of Beginning,Djo,94,159245,album,13,2022-09-16,False,https://i.scdn.co/image/ab67616d0000b273fddfffec51b4580acae727c1
2025-12-20,24,The Christmas Song (Merry Christmas To You),Nat King Cole,90,192160,album,19,1962-01-01,False,https://i.scdn.co/image/ab67616d0000b27330dc6027fd140c7ba68e900c
2025-12-20,25,Every Breath You Take,The Police,93,253920,album,11,1983-06-17,False,https://i.scdn.co/image/ab67616d0000b273c8e97cafeb2acb85b21a777e
2025-12-20,26,Cuando No Era Cantante,"El Bogueto, Yung Beef",91,211084,album,23,2024-09-26,True,https://i.scdn.co/image/ab67616d0000b27315110c9ad66e065592cc3496
2025-12-20,27,BIRDS OF A FEATHER,Billie Eilish,95,210373,album,10,2024-05-17,False,https://i.scdn.co/image/ab67616d0000b27371d62ea7ea8a5be92d3c1f62
2025-12-20,28,Die With A Smile,"Lady Gaga, Bruno Mars",92,251667,single,1,2024-08-16,False,https://i.scdn.co/image/ab67616d0000b27382ea2e9e1858aa012c57cd45
2025-12-20,29,Opalite,Taylor Swift,95,235355,album,12,2025-10-03,False,https://i.scdn.co/image/ab67616d0000b273d7812467811a7da6e6a44902
2025-12-20,30,Christmas (Baby Please Come Home),Darlene Love,88,166453,compilation,15,2020-12-04,False,https://i.scdn.co/image/ab67616d0000b2734bd42504ca3569f71af64fc8
2025-12-20,31,Iris,The Goo Goo Dolls,93,289533,album,13,1998-01-01,False,https://i.scdn.co/image/ab67616d0000b273eda9478c39a21e1cdc6609ca
2025-12-20,32,BAILE INoLVIDABLE,Bad Bunny,92,367725,album,17,2025-01-05,True,https://i.scdn.co/image/ab67616d0000b273bbd45c8d36e0e045ef640411
2025-12-20,33,Happy Xmas (War Is Over) - Remastered 2010,"John Lennon, Yoko Ono",91,214333,compilation,119,2010-10-05,False,https://i.scdn.co/image/ab67616d0000b27361a389971d7842d02b0623ab
2025-12-20,34,DtMF,Bad Bunny,93,237117,album,17,2025-01-05,True,https://i.scdn.co/image/ab67616d0000b273bbd45c8d36e0e045ef640411
2025-12-20,35,Cuando No Era Cantante - Remix,"El Bogueto, Anuel AA, Fuerza Regida, Yung Beef",82,327488,single,1,2025-12-10,True,https://i.scdn.co/image/ab67616d0000b27376ca2bb969e79a911090df63
2025-12-20,36,Wonderful Christmastime - Edited Version / Remastered 2011,Paul McCartney,91,227653,album,19,1980-05-16,False,https://i.scdn.co/image/ab67616d0000b2733cef016d13d82873d45af84a
2025-12-20,37,Sailor Song,Gigi Perez,88,211978,single,1,2024-07-26,False,https://i.scdn.co/image/ab67616d0000b273e6065f209e0a01986206bd53
2025-12-20,38,Sedia Aku Sebelum Hujan,Idgitaf,87,230130,single,1,2025-10-08,False,https://i.scdn.co/image/ab67616d0000b2738dc8c573565969d55f9f3477
2025-12-20,39,Don’t Say You Love Me,Jin,88,180716,album,7,2025-05-16,False,https://i.scdn.co/image/ab67616d0000b27389228504f700641956e29f5d
2025-12-20,40,Lush Life,Zara Larsson,2,201122,single,1,2015-06-09,False,https://i.scdn.co/image/ab67616d0000b2736eaa0691ac9d790b41d21a91
2025-12-20,41,La Perla,"ROSALÍA, Yahritza Y Su Esencia",93,195546,album,15,2025-11-07,True,https://i.scdn.co/image/ab67616d0000b27393ee2e2f2dfb7de9befcc164
2025-12-20,42,Gabriela,KATSEYE,94,197226,single,2,2025-06-20,False,https://i.scdn.co/image/ab67616d0000b273f8d4d00ffe09373efb13ce29
2025-12-20,43,Sweater Weather,The Neighbourhood,93,240400,album,11,2013-04-22,False,https://i.scdn.co/image/ab67616d0000b2738265a736a1eb838ad5a0b921
2025-12-20,44,No Broke Boys,"Disco Lines, Tinashe",93,163994,single,1,2025-06-06,True,https://i.scdn.co/image/ab67616d0000b2735dcede7ece7b2cb72cee4eee
2025-12-20,45,"One Of The Girls (with JENNIE, Lily Rose Depp)","The Weeknd, JENNIE, Lily-Rose Depp",93,244684,single,3,2023-06-23,False,https://i.scdn.co/image/ab67616d0000b273b0dd6a5cd1dec96c4119c262
2025-12-20,46,Merry Christmas Everyone,Shakin' Stevens,89,220160,album,13,1991-11-25,False,https://i.scdn.co/image/ab67616d0000b273d962f3b4235f8c6429a829fb
2025-12-20,47,Posso Até Não Te Dar Flores,"DJ Japa NK, MC Meno K, MC Ryan SP, Mc Jacaré, DJ DAVI DOGDOG",92,158769,single,1,2025-09-11,True,https://i.scdn.co/image/ab67616d0000b27303965d16104282739d6e0a58
2025-12-20,48,Creep,Radiohead,92,238640,album,12,1993-02-22,True,https://i.scdn.co/image/ab67616d0000b273ec548c00d3ac2f10be73366d
2025-12-20,49,WILDFLOWER,Billie Eilish,93,261466,album,10,2024-05-17,False,https://i.scdn.co/image/ab67616d0000b27371d62ea7ea8a5be92d3c1f62
2025-12-20,50,Who,Jimin,87,170887,album,7,2024-07-19,False,https://i.scdn.co/image/ab67616d0000b273f02c451189a709b9a952aaec
2025-12-21,1,Last Christmas,Wham!,97,262960,single,3,1984-11-29,False,https://i.scdn.co/image/ab67616d0000b273f2d2adaa21ad616df6241e7d
2025-12-21,2,All I Want for Christmas Is You,Mariah Carey,98,241562,album,10,1994-10-28,False,https://i.scdn.co/image/ab67616d0000b273c0862332847213b151ffab31
2025-12-21,3,Rockin' Around The Christmas Tree,Brenda Lee,97,126266,album,12,1964-10-19,False,https://i.scdn.co/image/ab67616d0000b2737845f74d6db14b400fa61cd3
2025-12-21,4,The Fate of Ophelia,Taylor Swift,100,226073,album,12,2025-10-03,False,https://i.scdn.co/image/ab67616d0000b273d7812467811a7da6e6a44902
2025-12-21,5,Jingle Bell Rock,Bobby Helms,95,130973,single,2,1957-12-02,False,https://i.scdn.co/image/ab67616d0000b273fd56f3c7a294f5cfe51c7b17
2025-12-21,6,Santa Tell Me,Ariana Grande,96,204093,single,1,2014-11-24,False,https://i.scdn.co/image/ab67616d0000b273a1db745e63940bc06985dea5
2025-12-21,7,Underneath the Tree,Kelly Clarkson,92,229638,album,16,2013-10-25,False,https://i.scdn.co/image/ab67616d0000b273c87992b7588879f66d192905
2025-12-21,8,Let It Snow! Let It Snow! Let It Snow!,Dean Martin,94,117146,album,12,1959-01-01,False,https://i.scdn.co/image/ab67616d0000b2736d88028a85c771f37374c8ea
2025-12-21,9,Snowman,Sia,95,165900,album,13,2018-11-01,False,https://i.scdn.co/image/ab67616d0000b273e8b11389352ddae61df3a93b
2025-12-21,10,Golden,"HUNTR/X, EJAE, AUDREY NUNA, REI AMI, KPop Demon Hunters Cast",98,194607,album,12,2025-06-20,False,https://i.scdn.co/image/ab67616d0000b2734dcb6c5df15cf74596ab25a4
2025-12-21,11,It's the Most Wonderful Time of the Year,Andy Williams,82,151000,album,12,1963-01-01,False,https://i.scdn.co/image/ab67616d0000b273585897779cf3591ba0f07650
2025-12-21,12,It's Beginning to Look a Lot like Christmas,Michael Bublé,87,206639,album,16,2011-10-24,False,https://i.scdn.co/image/ab67616d0000b27395517befb15ad5d63af701ab
2025-12-21,13,Man I Need,Olivia Dean,97,184000,single,3,2025-08-15,False,https://i.scdn.co/image/ab67616d0000b273e3d69e17dde129037a1f09e2
2025-12-21,14,Holly Jolly Christmas,Michael Bublé,87,119786,album,16,2011-10-24,False,https://i.scdn.co/image/ab67616d0000b27395517befb15ad5d63af701ab
2025-12-21,15,Feliz Navidad,José Feliciano,79,182306,album,23,2001-01-01,False,https://i.scdn.co/image/ab67616d0000b27357db4e3ca6a227ed612ad0b8
2025-12-21,16,back to friends,sombr,93,199032,single,1,2024-12-27,False,https://i.scdn.co/image/ab67616d0000b2739d24f74c1e2d8a12b1e591ec
2025-12-21,17,Mistletoe,Justin Bieber,92,182946,album,15,2011-01-01,False,https://i.scdn.co/image/ab67616d0000b273af0aff7f601df9ed6d2d531d
2025-12-21,18,Sleigh Ride,The Ronettes,82,181266,compilation,15,2020-12-04,False,https://i.scdn.co/image/ab67616d0000b2731f0d5a8ff630fd5944c3936d
2025-12-21,19,The Christmas Song (Merry Christmas To You),Nat King Cole,91,192160,album,19,1962-01-01,False,https://i.scdn.co/image/ab67616d0000b27330dc6027fd140c7ba68e900c
2025-12-21,20,WHERE IS MY HUSBAND!,RAYE,95,196795,single,1,2025-09-19,False,https://i.scdn.co/image/ab67616d0000b2737cc8cee5c81409833e540974
2025-12-21,21,Ordinary,Alex Warren,92,186964,album,11,2024-09-26,False,https://i.scdn.co/image/ab67616d0000b27342fe69c0e7e5c92f01ece8ce
2025-12-21,22,End of Beginning,Djo,94,159245,album,13,2022-09-16,False,https://i.scdn.co/image/ab67616d0000b273fddfffec51b4580acae727c1
2025-12-21,23,So Easy (To Fall In Love),Olivia Dean,96,169000,album,12,2025-09-26,False,https://i.scdn.co/image/ab67616d0000b2739a336bfb6d40bbd90a507417
2025-12-21,24,CHANEL,Tyla,91,188059,single,1,2025-10-24,True,https://i.scdn.co/image/ab67616d0000b27336e063ca7f0b26f63515ca57
2025-12-21,25,Every Breath You Take,The Police,93,253920,album,11,1983-06-17,False,https://i.scdn.co/image/ab67616d0000b273c8e97cafeb2acb85b21a777e
2025-12-21,26,Happy Xmas (War Is Over) - Remastered 2010,"John Lennon, Yoko Ono",91,214333,compilation,119,2010-10-05,False,https://i.scdn.co/image/ab67616d0000b27361a389971d7842d02b0623ab
2025-12-21,27,Christmas (Baby Please Come Home),Darlene Love,88,166453,compilation,15,2020-12-04,False,https://i.scdn.co/image/ab67616d0000b2734bd42504ca3569f71af64fc8
2025-12-21,28,BIRDS OF A FEATHER,Billie Eilish,95,210373,album,10,2024-05-17,False,https://i.scdn.co/image/ab67616d0000b27371d62ea7ea8a5be92d3c1f62
2025-12-21,29,Wonderful Christmastime - Edited Version / Remastered 2011,Paul McCartney,91,227653,album,19,1980-05-16,False,https://i.scdn.co/image/ab67616d0000b2733cef016d13d82873d45af84a
2025-12-21,30,Die With A Smile,"Lady Gaga, Bruno Mars",92,251667,single,1,2024-08-16,False,https://i.scdn.co/image/ab67616d0000b27382ea2e9e1858aa012c57cd45
2025-12-21,31,Cuando No Era Cantante,"El Bogueto, Yung Beef",91,211084,album,23,2024-09-26,True,https://i.scdn.co/image/ab67616d0000b27315110c9ad66e065592cc3496
2025-12-21,32,Merry Christmas Everyone,Shakin' Stevens,89,220160,album,13,1991-11-25,False,https://i.scdn.co/image/ab67616d0000b273d962f3b4235f8c6429a829fb
2025-12-21,33,BAILE INoLVIDABLE,Bad Bunny,92,367725,album,17,2025-01-05,True,https://i.scdn.co/image/ab67616d0000b273bbd45c8d36e0e045ef640411
2025-12-21,34,Opalite,Taylor Swift,95,235355,album,12,2025-10-03,False,https://i.scdn.co/image/ab67616d0000b273d7812467811a7da6e6a44902
2025-12-21,35,DtMF,Bad Bunny,93,237117,album,17,2025-01-05,True,https://i.scdn.co/image/ab67616d0000b273bbd45c8d36e0e045ef640411
2025-12-21,36,Cuando No Era Cantante - Remix,"El Bogueto, Anuel AA, Fuerza Regida, Yung Beef",83,327488,single,1,2025-12-10,True,https://i.scdn.co/image/ab67616d0000b27376ca2bb969e79a911090df63
2025-12-21,37,Sailor Song,Gigi Perez,88,211978,single,1,2024-07-26,False,https://i.scdn.co/image/ab67616d0000b273e6065f209e0a01986206bd53
2025-12-21,38,Do They Know It's Christmas? - 1984 Version,Band Aid,73,222533,single,2,2004-01-01,False,https://i.scdn.co/image/ab67616d0000b2732f77772e5c981e44fc347e22
2025-12-21,39,Lush Life,Zara Larsson,2,201122,single,1,2015-06-09,False,https://i.scdn.co/image/ab67616d0000b2736eaa0691ac9d790b41d21a91
2025-12-21,40,Iris,The Goo Goo Dolls,93,289533,album,13,1998-01-01,False,https://i.scdn.co/image/ab67616d0000b273eda9478c39a21e1cdc6609ca
2025-12-21,41,Driving Home for Christmas - 2019 Remaster,Chris Rea,83,241626,album,28,1987-08-02,False,https://i.scdn.co/image/ab67616d0000b2736d621c2d5114cc41c96b376a
2025-12-21,42,Posso Até Não Te Dar Flores,"DJ Japa NK, MC Meno K, MC Ryan SP, Mc Jacaré, DJ DAVI DOGDOG",92,158769,single,1,2025-09-11,True,https://i.scdn.co/image/ab67616d0000b27303965d16104282739d6e0a58
2025-12-21,43,Gabriela,KATSEYE,93,197226,single,2,2025-06-20,False,https://i.scdn.co/image/ab67616d0000b273f8d4d00ffe09373efb13ce29
2025-12-21,44,Sedia Aku Sebelum Hujan,Idgitaf,87,230130,single,1,2025-10-08,False,https://i.scdn.co/image/ab67616d0000b2738dc8c573565969d55f9f3477
2025-12-21,45,La Perla,"ROSALÍA, Yahritza Y Su Esencia",93,195546,album,15,2025-11-07,True,https://i.scdn.co/image/ab67616d0000b27393ee2e2f2dfb7de9befcc164
2025-12-21,46,No Broke Boys,"Disco Lines, Tinashe",93,163994,single,1,2025-06-06,True,https://i.scdn.co/image/ab67616d0000b2735dcede7ece7b2cb72cee4eee
2025-12-21,47,White Christmas - 1947 Version,"Bing Crosby, Ken Darby Singers, John Scott Trotter & His Orchestra",90,183613,compilation,12,1945-01-01,False,https://i.scdn.co/image/ab67616d0000b2738004cd6b343732b0e1e666f5
2025-12-21,48,Don’t Say You Love Me,Jin,88,180716,album,7,2025-05-16,False,https://i.scdn.co/image/ab67616d0000b27389228504f700641956e29f5d
2025-12-21,49,It's Beginning to Look a Lot Like Christmas (with Mitchell Ayres & His Orchestra),"Perry Como, The Fontane Sisters, Mitchell Ayres & His Orchestra",89,155933,album,21,1999-08-23,False,https://i.scdn.co/image/ab67616d0000b273d5f598be32d3027b9578ecd6
2025-12-21,50,Run Rudolph Run,Chuck Berry,89,165733,album,20,1986-01-01,False,https://i.scdn.co/image/ab67616d0000b27339807cff601735a3dec9e24c
2025-12-22,1,Last Christmas,Wham!,97,262960,single,3,1984-11-29,False,https://i.scdn.co/image/ab67616d0000b273f2d2adaa21ad616df6241e7d
2025-12-22,2,All I Want for Christmas Is You,Mariah Carey,98,241562,album,10,1994-10-28,False,https://i.scdn.co/image/ab67616d0000b273c0862332847213b151ffab31
2025-12-22,3,Rockin' Around The Christmas Tree,Brenda Lee,97,126266,album,12,1964-10-19,False,https://i.scdn.co/image/ab67616d0000b2737845f74d6db14b400fa61cd3
2025-12-22,4,Jingle Bell Rock,Bobby Helms,95,130973,single,2,1957-12-02,False,https://i.scdn.co/image/ab67616d0000b273fd56f3c7a294f5cfe51c7b17
2025-12-22,5,The Fate of Ophelia,Taylor Swift,100,226073,album,12,2025-10-03,False,https://i.scdn.co/image/ab67616d0000b273d7812467811a7da6e6a44902
2025-12-22,6,Santa Tell Me,Ariana Grande,96,204093,single,1,2014-11-24,False,https://i.scdn.co/image/ab67616d0000b273a1db745e63940bc06985dea5
2025-12-22,7,Let It Snow! Let It Snow! Let It Snow!,Dean Martin,95,117146,album,12,1959-01-01,False,https://i.scdn.co/image/ab67616d0000b2736d88028a85c771f37374c8ea
2025-12-22,8,Underneath the Tree,Kelly Clarkson,93,229638,album,16,2013-10-25,False,https://i.scdn.co/image/ab67616d0000b273c87992b7588879f66d192905
2025-12-22,9,Snowman,Sia,95,165900,album,13,2018-11-01,False,https://i.scdn.co/image/ab67616d0000b273e8b11389352ddae61df3a93b
2025-12-22,10,It's the Most Wonderful Time of the Year,Andy Williams,83,151000,album,12,1963-01-01,False,https://i.scdn.co/image/ab67616d0000b273585897779cf3591ba0f07650
2025-12-22,11,It's Beginning to Look a Lot like Christmas,Michael Bublé,87,206639,album,16,2011-10-24,False,https://i.scdn.co/image/ab67616d0000b27395517befb15ad5d63af701ab
2025-12-22,12,Golden,"HUNTR/X, EJAE, AUDREY NUNA, REI AMI, KPop Demon Hunters Cast",98,194607,album,12,2025-06-20,False,https://i.scdn.co/image/ab67616d0000b2734dcb6c5df15cf74596ab25a4
2025-12-22,13,Holly Jolly Christmas,Michael Bublé,87,119786,album,16,2011-10-24,False,https://i.scdn.co/image/ab67616d0000b27395517befb15ad5d63af701ab
2025-12-22,14,Feliz Navidad,José Feliciano,80,182306,album,23,2001-01-01,False,https://i.scdn.co/image/ab67616d0000b27357db4e3ca6a227ed612ad0b8
2025-12-22,15,Sleigh Ride,The Ronettes,82,181266,compilation,15,2020-12-04,False,https://i.scdn.co/image/ab67616d0000b2731f0d5a8ff630fd5944c3936d
2025-12-22,16,Mistletoe,Justin Bieber,92,182946,album,15,2011-01-01,False,https://i.scdn.co/image/ab67616d0000b273af0aff7f601df9ed6d2d531d
2025-12-22,17,The Christmas Song (Merry Christmas To You),Nat King Cole,91,192160,album,19,1962-01-01,False,https://i.scdn.co/image/ab67616d0000b27330dc6027fd140c7ba68e900c
2025-12-22,18,Man I Need,Olivia Dean,97,184000,single,3,2025-08-15,False,https://i.scdn.co/image/ab67616d0000b273e3d69e17dde129037a1f09e2
2025-12-22,19,back to friends,sombr,93,199032,single,1,2024-12-27,False,https://i.scdn.co/image/ab67616d0000b2739d24f74c1e2d8a12b1e591ec
2025-12-22,20,Happy Xmas (War Is Over) - Remastered 2010,"John Lennon, Yoko Ono",91,214333,compilation,119,2010-10-05,False,https://i.scdn.co/image/ab67616d0000b27361a389971d7842d02b0623ab
2025-12-22,21,Christmas (Baby Please Come Home),Darlene Love,88,166453,compilation,15,2020-12-04,False,https://i.scdn.co/image/ab67616d0000b2734bd42504ca3569f71af64fc8
2025-12-22,22,Wonderful Christmastime - Edited Version / Remastered 2011,Paul McCartney,91,227653,album,19,1980-05-16,False,https://i.scdn.co/image/ab67616d0000b2733cef016d13d82873d45af84a
2025-12-22,23,WHERE IS MY HUSBAND!,RAYE,95,196795,single,1,2025-09-19,False,https://i.scdn.co/image/ab67616d0000b2737cc8cee5c81409833e540974
2025-12-22,24,End of Beginning,Djo,94,159245,album,13,2022-09-16,False,https://i.scdn.co/image/ab67616d0000b273fddfffec51b4580acae727c1
2025-12-22,25,Ordinary,Alex Warren,92,186964,album,11,2024-09-26,False,https://i.scdn.co/image/ab67616d0000b27342fe69c0e7e5c92f01ece8ce
2025-12-22,26,CHANEL,Tyla,92,188059,single,1,2025-10-24,True,https://i.scdn.co/image/ab67616d0000b27336e063ca7f0b26f63515ca57
2025-12-22,27,So Easy (To Fall In Love),Olivia Dean,96,169000,album,12,2025-09-26,False,https://i.scdn.co/image/ab67616d0000b2739a336bfb6d40bbd90a507417
2025-12-22,28,Merry Christmas Everyone,Shakin' Stevens,90,220160,album,13,1991-11-25,False,https://i.scdn.co/image/ab67616d0000b273d962f3b4235f8c6429a829fb
2025-12-22,29,BIRDS OF A FEATHER,Billie Eilish,95,210373,album,10,2024-05-17,False,https://i.scdn.co/image/ab67616d0000b27371d62ea7ea8a5be92d3c1f62
2025-12-22,30,Every Breath You Take,The Police,93,253920,album,11,1983-06-17,False,https://i.scdn.co/image/ab67616d0000b273c8e97cafeb2acb85b21a777e
2025-12-22,31,Die With A Smile,"Lady Gaga, Bruno Mars",92,251667,single,1,2024-08-16,False,https://i.scdn.co/image/ab67616d0000b27382ea2e9e1858aa012c57cd45
2025-12-22,32,Do They Know It's Christmas? - 1984 Version,Band Aid,73,222533,single,2,2004-01-01,False,https://i.scdn.co/image/ab67616d0000b2732f77772e5c981e44fc347e22
2025-12-22,33,Driving Home for Christmas - 2019 Remaster,Chris Rea,84,241626,album,28,1987-08-02,False,https://i.scdn.co/image/ab67616d0000b2736d621c2d5114cc41c96b376a
2025-12-22,34,Cuando No Era Cantante,"El Bogueto, Yung Beef",91,211084,album,23,2024-09-26,True,https://i.scdn.co/image/ab67616d0000b27315110c9ad66e065592cc3496
2025-12-22,35,It's Beginning to Look a Lot Like Christmas (with Mitchell Ayres & His Orchestra),"Perry Como, The Fontane Sisters, Mitchell Ayres & His Orchestra",89,155933,album,21,1999-08-23,False,https://i.scdn.co/image/ab67616d0000b273d5f598be32d3027b9578ecd6
2025-12-22,36,White Christmas - 1947 Version,"Bing Crosby, Ken Darby Singers, John Scott Trotter & His Orchestra",90,183613,compilation,12,1945-01-01,False,https://i.scdn.co/image/ab67616d0000b2738004cd6b343732b0e1e666f5
2025-12-22,37,Run Rudolph Run,Chuck Berry,89,165733,album,20,1986-01-01,False,https://i.scdn.co/image/ab67616d0000b27339807cff601735a3dec9e24c
2025-12-22,38,DtMF,Bad Bunny,93,237117,album,17,2025-01-05,True,https://i.scdn.co/image/ab67616d0000b273bbd45c8d36e0e045ef640411
2025-12-22,39,BAILE INoLVIDABLE,Bad Bunny,92,367725,album,17,2025-01-05,True,https://i.scdn.co/image/ab67616d0000b273bbd45c8d36e0e045ef640411
2025-12-22,40,"Carol of the Bells (From ""Home Alone"" Soundtrack)",John Williams,89,85266,album,19,1990-01-01,False,https://i.scdn.co/image/ab67616d0000b273f497846e25233023ca7cb8b1
2025-12-22,41,Please Come Home for Christmas - 2013 Remaster,Eagles,89,177440,single,2,1978-11-27,False,https://i.scdn.co/image/ab67616d0000b2736d4362a2b2e39422000f8ed3
2025-12-22,42,Posso Até Não Te Dar Flores,"DJ Japa NK, MC Meno K, MC Ryan SP, Mc Jacaré, DJ DAVI DOGDOG",92,158769,single,1,2025-09-11,True,https://i.scdn.co/image/ab67616d0000b27303965d16104282739d6e0a58
2025-12-22,43,"Santa, Can’t You Hear Me","Kelly Clarkson, Ariana Grande",88,242644,album,15,2021-10-15,False,https://i.scdn.co/image/ab67616d0000b2731fa667a7a53c7072fed91a17
2025-12-22,44,Cuando No Era Cantante - Remix,"El Bogueto, Anuel AA, Fuerza Regida, Yung Beef",84,327488,single,1,2025-12-10,True,https://i.scdn.co/image/ab67616d0000b27376ca2bb969e79a911090df63
2025-12-22,45,Step Into Christmas - Remastered 1995,Elton John,87,272333,album,14,1974-06-28,False,https://i.scdn.co/image/ab67616d0000b27368f5959744717483eed212b2
2025-12-22,46,Opalite,Taylor Swift,95,235355,album,12,2025-10-03,False,https://i.scdn.co/image/ab67616d0000b273d7812467811a7da6e6a44902
2025-12-22,47,Sailor Song,Gigi Perez,88,211978,single,1,2024-07-26,False,https://i.scdn.co/image/ab67616d0000b273e6065f209e0a01986206bd53
2025-12-22,48,Gabriela,KATSEYE,93,197226,single,2,2025-06-20,False,https://i.scdn.co/image/ab67616d0000b273f8d4d00ffe09373efb13ce29
2025-12-22,49,Lush Life,Zara Larsson,2,201122,single,1,2015-06-09,False,https://i.scdn.co/image/ab67616d0000b2736eaa0691ac9d790b41d21a91
2025-12-22,50,Sedia Aku Sebelum Hujan,Idgitaf,87,230130,single,1,2025-10-08,False,https://i.scdn.co/image/ab67616d0000b2738dc8c573565969d55f9f3477
2025-12-23,1,Last Christmas,Wham!,97,262960,single,3,1984-11-29,False,https://i.scdn.co/image/ab67616d0000b273f2d2adaa21ad616df6241e7d
2025-12-23,2,All I Want for Christmas Is You,Mariah Carey,99,241562,album,10,1994-10-28,False,https://i.scdn.co/image/ab67616d0000b273c0862332847213b151ffab31
2025-12-23,3,Rockin' Around The Christmas Tree,Brenda Lee,97,126266,album,12,1964-10-19,False,https://i.scdn.co/image/ab67616d0000b2737845f74d6db14b400fa61cd3
2025-12-23,4,Jingle Bell Rock,Bobby Helms,95,130973,single,2,1957-12-02,False,https://i.scdn.co/image/ab67616d0000b273fd56f3c7a294f5cfe51c7b17
2025-12-23,5,Santa Tell Me,Ariana Grande,96,204093,single,1,2014-11-24,False,https://i.scdn.co/image/ab67616d0000b273a1db745e63940bc06985dea5
2025-12-23,6,The Fate of Ophelia,Taylor Swift,100,226073,album,12,2025-10-03,False,https://i.scdn.co/image/ab67616d0000b273d7812467811a7da6e6a44902
2025-12-23,7,Let It Snow! Let It Snow! Let It Snow!,Dean Martin,95,117146,album,12,1959-01-01,False,https://i.scdn.co/image/ab67616d0000b2736d88028a85c771f37374c8ea
2025-12-23,8,Snowman,Sia,95,165900,album,13,2018-11-01,False,https://i.scdn.co/image/ab67616d0000b273e8b11389352ddae61df3a93b
2025-12-23,9,Underneath the Tree,Kelly Clarkson,93,229638,album,16,2013-10-25,False,https://i.scdn.co/image/ab67616d0000b273c87992b7588879f66d192905
2025-12-23,10,It's the Most Wonderful Time of the Year,Andy Williams,83,151000,album,12,1963-01-01,False,https://i.scdn.co/image/ab67616d0000b273585897779cf3591ba0f07650
2025-12-23,11,It's Beginning to Look a Lot like Christmas,Michael Bublé,87,206639,album,16,2011-10-24,False,https://i.scdn.co/image/ab67616d0000b27395517befb15ad5d63af701ab
2025-12-23,12,Holly Jolly Christmas,Michael Bublé,87,119786,album,16,2011-10-24,False,https://i.scdn.co/image/ab67616d0000b27395517befb15ad5d63af701ab
2025-12-23,13,Feliz Navidad,José Feliciano,80,182306,album,23,2001-01-01,False,https://i.scdn.co/image/ab67616d0000b27357db4e3ca6a227ed612ad0b8
2025-12-23,14,Golden,"HUNTR/X, EJAE, AUDREY NUNA, REI AMI, KPop Demon Hunters Cast",98,194607,album,12,2025-06-20,False,https://i.scdn.co/image/ab67616d0000b2734dcb6c5df15cf74596ab25a4
2025-12-23,15,Sleigh Ride,The Ronettes,82,181266,compilation,15,2020-12-04,False,https://i.scdn.co/image/ab67616d0000b2731f0d5a8ff630fd5944c3936d
2025-12-23,16,The Christmas Song (Merry Christmas To You),Nat King Cole,91,192160,album,19,1962-01-01,False,https://i.scdn.co/image/ab67616d0000b27330dc6027fd140c7ba68e900c
2025-12-23,17,Mistletoe,Justin Bieber,93,182946,album,15,2011-01-01,False,https://i.scdn.co/image/ab67616d0000b273af0aff7f601df9ed6d2d531d
2025-12-23,18,Happy Xmas (War Is Over) - Remastered 2010,"John Lennon, Yoko Ono",92,214333,compilation,119,2010-10-05,False,https://i.scdn.co/image/ab67616d0000b27361a389971d7842d02b0623ab
2025-12-23,19,Man I Need,Olivia Dean,97,184000,single,3,2025-08-15,False,https://i.scdn.co/image/ab67616d0000b273e3d69e17dde129037a1f09e2
2025-12-23,20,back to friends,sombr,93,199032,single,1,2024-12-27,False,https://i.scdn.co/image/ab67616d0000b2739d24f74c1e2d8a12b1e591ec
2025-12-23,21,Christmas (Baby Please Come Home),Darlene Love,89,166453,compilation,15,2020-12-04,False,https://i.scdn.co/image/ab67616d0000b2734bd42504ca3569f71af64fc8
2025-12-23,22,Wonderful Christmastime - Edited Version / Remastered 2011,Paul McCartney,91,227653,album,19,1980-05-16,False,https://i.scdn.co/image/ab67616d0000b2733cef016d13d82873d45af84a
2025-12-23,23,So Easy (To Fall In Love),Olivia Dean,96,169000,album,12,2025-09-26,False,https://i.scdn.co/image/ab67616d0000b2739a336bfb6d40bbd90a507417
2025-12-23,24,End of Beginning,Djo,94,159245,album,13,2022-09-16,False,https://i.scdn.co/image/ab67616d0000b273fddfffec51b4580acae727c1
2025-12-23,25,Merry Christmas Everyone,Shakin' Stevens,90,220160,album,13,1991-11-25,False,https://i.scdn.co/image/ab67616d0000b273d962f3b4235f8c6429a829fb
2025-12-23,26,Ordinary,Alex Warren,92,186964,album,11,2024-09-26,False,https://i.scdn.co/image/ab67616d0000b27342fe69c0e7e5c92f01ece8ce
2025-12-23,27,WHERE IS MY HUSBAND!,RAYE,95,196795,single,1,2025-09-19,False,https://i.scdn.co/image/ab67616d0000b2737cc8cee5c81409833e540974
2025-12-23,28,CHANEL,Tyla,92,188059,single,1,2025-10-24,True,https://i.scdn.co/image/ab67616d0000b27336e063ca7f0b26f63515ca57
2025-12-23,29,Every Breath You Take,The Police,93,253920,album,11,1983-06-17,False,https://i.scdn.co/image/ab67616d0000b273c8e97cafeb2acb85b21a777e
2025-12-23,30,Driving Home for Christmas - 2019 Remaster,Chris Rea,84,241626,album,28,1987-08-02,False,https://i.scdn.co/image/ab67616d0000b2736d621c2d5114cc41c96b376a
2025-12-23,31,Do They Know It's Christmas? - 1984 Version,Band Aid,73,222533,single,2,2004-01-01,False,https://i.scdn.co/image/ab67616d0000b2732f77772e5c981e44fc347e22
2025-12-23,32,White Christmas - 1947 Version,"Bing Crosby, Ken Darby Singers, John Scott Trotter & His Orchestra",90,183613,compilation,12,1945-01-01,False,https://i.scdn.co/image/ab67616d0000b2738004cd6b343732b0e1e666f5
2025-12-23,33,BIRDS OF A FEATHER,Billie Eilish,95,210373,album,10,2024-05-17,False,https://i.scdn.co/image/ab67616d0000b27371d62ea7ea8a5be92d3c1f62
2025-12-23,34,Die With A Smile,"Lady Gaga, Bruno Mars",92,251667,single,1,2024-08-16,False,https://i.scdn.co/image/ab67616d0000b27382ea2e9e1858aa012c57cd45
2025-12-23,35,It's Beginning to Look a Lot Like Christmas (with Mitchell Ayres & His Orchestra),"Perry Como, The Fontane Sisters, Mitchell Ayres & His Orchestra",89,155933,album,21,1999-08-23,False,https://i.scdn.co/image/ab67616d0000b273d5f598be32d3027b9578ecd6
2025-12-23,36,"Carol of the Bells (From ""Home Alone"" Soundtrack)",John Williams,90,85266,album,19,1990-01-01,False,https://i.scdn.co/image/ab67616d0000b273f497846e25233023ca7cb8b1
2025-12-23,37,Run Rudolph Run,Chuck Berry,90,165733,album,20,1986-01-01,False,https://i.scdn.co/image/ab67616d0000b27339807cff601735a3dec9e24c
2025-12-23,38,Please Come Home for Christmas - 2013 Remaster,Eagles,90,177440,single,2,1978-11-27,False,https://i.scdn.co/image/ab67616d0000b2736d4362a2b2e39422000f8ed3
2025-12-23,39,Step Into Christmas - Remastered 1995,Elton John,88,272333,album,14,1974-06-28,False,https://i.scdn.co/image/ab67616d0000b27368f5959744717483eed212b2
2025-12-23,40,Cuando No Era Cantante,"El Bogueto, Yung Beef",91,211084,album,23,2024-09-26,True,https://i.scdn.co/image/ab67616d0000b27315110c9ad66e065592cc3496
2025-12-23,41,Lush Life,Zara Larsson,2,201122,single,1,2015-06-09,False,https://i.scdn.co/image/ab67616d0000b2736eaa0691ac9d790b41d21a91
2025-12-23,42,"Santa, Can’t You Hear Me","Kelly Clarkson, Ariana Grande",89,242644,album,15,2021-10-15,False,https://i.scdn.co/image/ab67616d0000b2731fa667a7a53c7072fed91a17
2025-12-23,43,Sedia Aku Sebelum Hujan,Idgitaf,87,230130,single,1,2025-10-08,False,https://i.scdn.co/image/ab67616d0000b2738dc8c573565969d55f9f3477
2025-12-23,44,DtMF,Bad Bunny,93,237117,album,17,2025-01-05,True,https://i.scdn.co/image/ab67616d0000b273bbd45c8d36e0e045ef640411
2025-12-23,45,Merry Christmas,"Ed Sheeran, Elton John",0,208546,album,15,2021-12-01,False,https://i.scdn.co/image/ab67616d0000b273442f8c48ad3cc14f1de383fd
2025-12-23,46,BAILE INoLVIDABLE,Bad Bunny,92,367725,album,17,2025-01-05,True,https://i.scdn.co/image/ab67616d0000b273bbd45c8d36e0e045ef640411
2025-12-23,47,Sailor Song,Gigi Perez,88,211978,single,1,2024-07-26,False,https://i.scdn.co/image/ab67616d0000b273e6065f209e0a01986206bd53
2025-12-23,48,Gabriela,KATSEYE,93,197226,single,2,2025-06-20,False,https://i.scdn.co/image/ab67616d0000b273f8d4d00ffe09373efb13ce29
2025-12-23,49,Iris,The Goo Goo Dolls,93,289533,album,13,1998-01-01,False,https://i.scdn.co/image/ab67616d0000b273eda9478c39a21e1cdc6609ca
2025-12-23,50,Let It Snow! Let It Snow! Let It Snow! (with The B. Swanson Quartet),"Frank Sinatra, B. Swanson Quartet",88,155453,compilation,14,1994-11-08,False,https://i.scdn.co/image/ab67616d0000b2739457e3a848ca8bc8270f6057
2025-12-24,1,Last Christmas,Wham!,98,262960,single,3,1984-11-29,False,https://i.scdn.co/image/ab67616d0000b273f2d2adaa21ad616df6241e7d
2025-12-24,2,All I Want for Christmas Is You,Mariah Carey,99,241562,album,10,1994-10-28,False,https://i.scdn.co/image/ab67616d0000b273c0862332847213b151ffab31
2025-12-24,3,Rockin' Around The Christmas Tree,Brenda Lee,98,126266,album,12,1964-10-19,False,https://i.scdn.co/image/ab67616d0000b2737845f74d6db14b400fa61cd3
2025-12-24,4,The Fate of Ophelia,Taylor Swift,100,226073,album,12,2025-10-03,False,https://i.scdn.co/image/ab67616d0000b273d7812467811a7da6e6a44902
2025-12-24,5,Jingle Bell Rock,Bobby Helms,96,130973,single,2,1957-12-02,False,https://i.scdn.co/image/ab67616d0000b273fd56f3c7a294f5cfe51c7b17
2025-12-24,6,Santa Tell Me,Ariana Grande,96,204093,single,1,2014-11-24,False,https://i.scdn.co/image/ab67616d0000b273a1db745e63940bc06985dea5
2025-12-24,7,Let It Snow! Let It Snow! Let It Snow!,Dean Martin,95,117146,album,12,1959-01-01,False,https://i.scdn.co/image/ab67616d0000b2736d88028a85c771f37374c8ea
2025-12-24,8,Snowman,Sia,95,165900,album,13,2018-11-01,False,https://i.scdn.co/image/ab67616d0000b273e8b11389352ddae61df3a93b
2025-12-24,9,Underneath the Tree,Kelly Clarkson,93,229638,album,16,2013-10-25,False,https://i.scdn.co/image/ab67616d0000b273c87992b7588879f66d192905
2025-12-24,10,It's the Most Wonderful Time of the Year,Andy Williams,83,151000,album,12,1963-01-01,False,https://i.scdn.co/image/ab67616d0000b273585897779cf3591ba0f07650
2025-12-24,11,Golden,"HUNTR/X, EJAE, AUDREY NUNA, REI AMI, KPop Demon Hunters Cast",98,194607,album,12,2025-06-20,False,https://i.scdn.co/image/ab67616d0000b2734dcb6c5df15cf74596ab25a4
2025-12-24,12,It's Beginning to Look a Lot like Christmas,Michael Bublé,87,206639,album,16,2011-10-24,False,https://i.scdn.co/image/ab67616d0000b27395517befb15ad5d63af701ab
2025-12-24,13,Holly Jolly Christmas,Michael Bublé,88,119786,album,16,2011-10-24,False,https://i.scdn.co/image/ab67616d0000b27395517befb15ad5d63af701ab
2025-12-24,14,Feliz Navidad,José Feliciano,80,182306,album,23,2001-01-01,False,https://i.scdn.co/image/ab67616d0000b27357db4e3ca6a227ed612ad0b8
2025-12-24,15,Sleigh Ride,The Ronettes,83,181266,compilation,15,2020-12-04,False,https://i.scdn.co/image/ab67616d0000b2731f0d5a8ff630fd5944c3936d
2025-12-24,16,Mistletoe,Justin Bieber,93,182946,album,15,2011-01-01,False,https://i.scdn.co/image/ab67616d0000b273af0aff7f601df9ed6d2d531d
2025-12-24,17,Man I Need,Olivia Dean,97,184000,single,3,2025-08-15,False,https://i.scdn.co/image/ab67616d0000b273e3d69e17dde129037a1f09e2
2025-12-24,18,The Christmas Song (Merry Christmas To You),Nat King Cole,92,192160,album,19,1962-01-01,False,https://i.scdn.co/image/ab67616d0000b27330dc6027fd140c7ba68e900c
2025-12-24,19,back to friends,sombr,93,199032,single,1,2024-12-27,False,https://i.scdn.co/image/ab67616d0000b2739d24f74c1e2d8a12b1e591ec
2025-12-24,20,Happy Xmas (War Is Over) - Remastered 2010,"John Lennon, Yoko Ono",92,214333,compilation,119,2010-10-05,False,https://i.scdn.co/image/ab67616d0000b27361a389971d7842d02b0623ab
2025-12-24,21,Christmas (Baby Please Come Home),Darlene Love,89,166453,compilation,15,2020-12-04,False,https://i.scdn.co/image/ab67616d0000b2734bd42504ca3569f71af64fc8
2025-12-24,22,So Easy (To Fall In Love),Olivia Dean,96,169000,album,12,2025-09-26,False,https://i.scdn.co/image/ab67616d0000b2739a336bfb6d40bbd90a507417
2025-12-24,23,WHERE IS MY HUSBAND!,RAYE,95,196795,single,1,2025-09-19,False,https://i.scdn.co/image/ab67616d0000b2737cc8cee5c81409833e540974
2025-12-24,24,End of Beginning,Djo,94,159245,album,13,2022-09-16,False,https://i.scdn.co/image/ab67616d0000b273fddfffec51b4580acae727c1
2025-12-24,25,Ordinary,Alex Warren,92,186964,album,11,2024-09-26,False,https://i.scdn.co/image/ab67616d0000b27342fe69c0e7e5c92f01ece8ce
2025-12-24,26,CHANEL,Tyla,92,188059,single,1,2025-10-24,True,https://i.scdn.co/image/ab67616d0000b27336e063ca7f0b26f63515ca57
2025-12-24,27,Wonderful Christmastime - Edited Version / Remastered 2011,Paul McCartney,92,227653,album,19,1980-05-16,False,https://i.scdn.co/image/ab67616d0000b2733cef016d13d82873d45af84a
2025-12-24,28,Driving Home for Christmas - 2019 Remaster,Chris Rea,85,241626,album,28,1987-08-02,False,https://i.scdn.co/image/ab67616d0000b2736d621c2d5114cc41c96b376a
2025-12-24,29,Merry Christmas Everyone,Shakin' Stevens,91,220160,album,13,1991-11-25,False,https://i.scdn.co/image/ab67616d0000b273d962f3b4235f8c6429a829fb
2025-12-24,30,Every Breath You Take,The Police,93,253920,album,11,1983-06-17,False,https://i.scdn.co/image/ab67616d0000b273c8e97cafeb2acb85b21a777e
2025-12-24,31,Do They Know It's Christmas? - 1984 Version,Band Aid,74,222533,single,2,2004-01-01,False,https://i.scdn.co/image/ab67616d0000b2732f77772e5c981e44fc347e22
2025-12-24,32,BIRDS OF A FEATHER,Billie Eilish,95,210373,album,10,2024-05-17,False,https://i.scdn.co/image/ab67616d0000b27371d62ea7ea8a5be92d3c1f62
2025-12-24,33,Die With A Smile,"Lady Gaga, Bruno Mars",92,251667,single,1,2024-08-16,False,https://i.scdn.co/image/ab67616d0000b27382ea2e9e1858aa012c57cd45
2025-12-24,34,White Christmas - 1947 Version,"Bing Crosby, Ken Darby Singers, John Scott Trotter & His Orchestra",91,183613,compilation,12,1945-01-01,False,https://i.scdn.co/image/ab67616d0000b2738004cd6b343732b0e1e666f5
2025-12-24,35,Sailor Song,Gigi Perez,88,211978,single,1,2024-07-26,False,https://i.scdn.co/image/ab67616d0000b273e6065f209e0a01986206bd53
2025-12-24,36,Please Come Home for Christmas - 2013 Remaster,Eagles,90,177440,single,2,1978-11-27,False,https://i.scdn.co/image/ab67616d0000b2736d4362a2b2e39422000f8ed3
2025-12-24,37,DtMF,Bad Bunny,93,237117,album,17,2025-01-05,True,https://i.scdn.co/image/ab67616d0000b273bbd45c8d36e0e045ef640411
2025-12-24,38,It's Beginning to Look a Lot Like Christmas (with Mitchell Ayres & His Orchestra),"Perry Como, The Fontane Sisters, Mitchell Ayres & His Orchestra",90,155933,album,21,1999-08-23,False,https://i.scdn.co/image/ab67616d0000b273d5f598be32d3027b9578ecd6
2025-12-24,39,Lush Life,Zara Larsson,2,201122,single,1,2015-06-09,False,https://i.scdn.co/image/ab67616d0000b2736eaa0691ac9d790b41d21a91
2025-12-24,40,Cuando No Era Cantante,"El Bogueto, Yung Beef",91,211084,album,23,2024-09-26,True,https://i.scdn.co/image/ab67616d0000b27315110c9ad66e065592cc3496
2025-12-24,41,Step Into Christmas - Remastered 1995,Elton John,88,272333,album,14,1974-06-28,False,https://i.scdn.co/image/ab67616d0000b27368f5959744717483eed212b2
2025-12-24,42,Iris,The Goo Goo Dolls,93,289533,album,13,1998-01-01,False,https://i.scdn.co/image/ab67616d0000b273eda9478c39a21e1cdc6609ca
2025-12-24,43,"Carol of the Bells (From ""Home Alone"" Soundtrack)",John Williams,90,85266,album,19,1990-01-01,False,https://i.scdn.co/image/ab67616d0000b273f497846e25233023ca7cb8b1
2025-12-24,44,Run Rudolph Run,Chuck Berry,90,165733,album,20,1986-01-01,False,https://i.scdn.co/image/ab67616d0000b27339807cff601735a3dec9e24c
2025-12-24,45,Gabriela,KATSEYE,93,197226,single,2,2025-06-20,False,https://i.scdn.co/image/ab67616d0000b273f8d4d00ffe09373efb13ce29
2025-12-24,46,BAILE INoLVIDABLE,Bad Bunny,93,367725,album,17,2025-01-05,True,https://i.scdn.co/image/ab67616d0000b273bbd45c8d36e0e045ef640411
2025-12-24,47,"Santa, Can’t You Hear Me","Kelly Clarkson, Ariana Grande",89,242644,album,15,2021-10-15,False,https://i.scdn.co/image/ab67616d0000b2731fa667a7a53c7072fed91a17
2025-12-24,48,Opalite,Taylor Swift,95,235355,album,12,2025-10-03,False,https://i.scdn.co/image/ab67616d0000b273d7812467811a7da6e6a44902
2025-12-24,49,Sedia Aku Sebelum Hujan,Idgitaf,88,230130,single,1,2025-10-08,False,https://i.scdn.co/image/ab67616d0000b2738dc8c573565969d55f9f3477
2025-12-24,50,Merry Christmas,"Ed Sheeran, Elton John",0,208546,album,15,2021-12-01,False,https://i.scdn.co/image/ab67616d0000b273442f8c48ad3cc14f1de383fd
2025-12-25,1,Last Christmas,Wham!,98,262960,single,3,1984-11-29,False,https://i.scdn.co/image/ab67616d0000b273f2d2adaa21ad616df6241e7d
2025-12-25,2,All I Want for Christmas Is You,Mariah Carey,99,241562,album,10,1994-10-28,False,https://i.scdn.co/image/ab67616d0000b273c0862332847213b151ffab31
2025-12-25,3,Rockin' Around The Christmas Tree,Brenda Lee,98,126266,album,12,1964-10-19,False,https://i.scdn.co/image/ab67616d0000b2737845f74d6db14b400fa61cd3
2025-12-25,4,Jingle Bell Rock,Bobby Helms,96,130973,single,2,1957-12-02,False,https://i.scdn.co/image/ab67616d0000b273fd56f3c7a294f5cfe51c7b17
2025-12-25,5,Santa Tell Me,Ariana Grande,97,204093,single,1,2014-11-24,False,https://i.scdn.co/image/ab67616d0000b273a1db745e63940bc06985dea5
2025-12-25,6,Let It Snow! Let It Snow! Let It Snow!,Dean Martin,96,117146,album,12,1959-01-01,False,https://i.scdn.co/image/ab67616d0000b2736d88028a85c771f37374c8ea
2025-12-25,7,Underneath the Tree,Kelly Clarkson,93,229638,album,16,2013-10-25,False,https://i.scdn.co/image/ab67616d0000b273c87992b7588879f66d192905
2025-12-25,8,Snowman,Sia,96,165900,album,13,2018-11-01,False,https://i.scdn.co/image/ab67616d0000b273e8b11389352ddae61df3a93b
2025-12-25,9,The Fate of Ophelia,Taylor Swift,100,226073,album,12,2025-10-03,False,https://i.scdn.co/image/ab67616d0000b273d7812467811a7da6e6a44902
2025-12-25,10,It's Beginning to Look a Lot like Christmas,Michael Bublé,88,206639,album,16,2011-10-24,False,https://i.scdn.co/image/ab67616d0000b27395517befb15ad5d63af701ab
2025-12-25,11,It's the Most Wonderful Time of the Year,Andy Williams,84,151000,album,12,1963-01-01,False,https://i.scdn.co/image/ab67616d0000b273585897779cf3591ba0f07650
2025-12-25,12,Feliz Navidad,José Feliciano,81,182306,album,23,2001-01-01,False,https://i.scdn.co/image/ab67616d0000b27357db4e3ca6a227ed612ad0b8
2025-12-25,13,Mistletoe,Justin Bieber,93,182946,album,15,2011-01-01,False,https://i.scdn.co/image/ab67616d0000b273af0aff7f601df9ed6d2d531d
2025-12-25,14,Driving Home for Christmas - 2019 Remaster,Chris Rea,85,241626,album,28,1987-08-02,False,https://i.scdn.co/image/ab67616d0000b2736d621c2d5114cc41c96b376a
2025-12-25,15,The Christmas Song (Merry Christmas To You),Nat King Cole,92,192160,album,19,1962-01-01,False,https://i.scdn.co/image/ab67616d0000b27330dc6027fd140c7ba68e900c
2025-12-25,16,Sleigh Ride,The Ronettes,83,181266,compilation,15,2020-12-04,False,https://i.scdn.co/image/ab67616d0000b2731f0d5a8ff630fd5944c3936d
2025-12-25,17,Holly Jolly Christmas,Michael Bublé,88,119786,album,16,2011-10-24,False,https://i.scdn.co/image/ab67616d0000b27395517befb15ad5d63af701ab
2025-12-25,18,Golden,"HUNTR/X, EJAE, AUDREY NUNA, REI AMI, KPop Demon Hunters Cast",98,194607,album,12,2025-06-20,False,https://i.scdn.co/image/ab67616d0000b2734dcb6c5df15cf74596ab25a4
2025-12-25,19,Happy Xmas (War Is Over) - Remastered 2010,"John Lennon, Yoko Ono",92,214333,compilation,119,2010-10-05,False,https://i.scdn.co/image/ab67616d0000b27361a389971d7842d02b0623ab
2025-12-25,20,Christmas (Baby Please Come Home),Darlene Love,89,166453,compilation,15,2020-12-04,False,https://i.scdn.co/image/ab67616d0000b2734bd42504ca3569f71af64fc8
2025-12-25,21,Wonderful Christmastime - Edited Version / Remastered 2011,Paul McCartney,92,227653,album,19,1980-05-16,False,https://i.scdn.co/image/ab67616d0000b2733cef016d13d82873d45af84a
2025-12-25,22,Man I Need,Olivia Dean,97,184000,single,3,2025-08-15,False,https://i.scdn.co/image/ab67616d0000b273e3d69e17dde129037a1f09e2
2025-12-25,23,Merry Christmas Everyone,Shakin' Stevens,91,220160,album,13,1991-11-25,False,https://i.scdn.co/image/ab67616d0000b273d962f3b4235f8c6429a829fb
2025-12-25,24,back to friends,sombr,93,199032,single,1,2024-12-27,False,https://i.scdn.co/image/ab67616d0000b2739d24f74c1e2d8a12b1e591ec
2025-12-25,25,Do They Know It's Christmas? - 1984 Version,Band Aid,90,222533,single,2,1984-11-25,False,https://i.scdn.co/image/ab67616d0000b273d549b09f0264901929eaa6e8
2025-12-25,26,End of Beginning,Djo,94,159245,album,13,2022-09-16,False,https://i.scdn.co/image/ab67616d0000b273fddfffec51b4580acae727c1
2025-12-25,27,So Easy (To Fall In Love),Olivia Dean,96,169000,album,12,2025-09-26,False,https://i.scdn.co/image/ab67616d0000b2739a336bfb6d40bbd90a507417
2025-12-25,28,WHERE IS MY HUSBAND!,RAYE,95,196795,single,1,2025-09-19,False,https://i.scdn.co/image/ab67616d0000b2737cc8cee5c81409833e540974
2025-12-25,29,Ordinary,Alex Warren,92,186964,album,11,2024-09-26,False,https://i.scdn.co/image/ab67616d0000b27342fe69c0e7e5c92f01ece8ce
2025-12-25,30,White Christmas - 1947 Version,"Bing Crosby, Ken Darby Singers, John Scott Trotter & His Orchestra",91,183613,compilation,12,1945-01-01,False,https://i.scdn.co/image/ab67616d0000b2738004cd6b343732b0e1e666f5
2025-12-25,31,CHANEL,Tyla,92,188059,single,1,2025-10-24,True,https://i.scdn.co/image/ab67616d0000b27336e063ca7f0b26f63515ca57
2025-12-25,32,It's Beginning to Look a Lot Like Christmas (with Mitchell Ayres & His Orchestra),"Perry Como, The Fontane Sisters, Mitchell Ayres & His Orchestra",90,155933,album,21,1999-08-23,False,https://i.scdn.co/image/ab67616d0000b273d5f598be32d3027b9578ecd6
2025-12-25,33,"Carol of the Bells (From ""Home Alone"" Soundtrack)",John Williams,90,85266,album,19,1990-01-01,False,https://i.scdn.co/image/ab67616d0000b273f497846e25233023ca7cb8b1
2025-12-25,34,Please Come Home for Christmas - 2013 Remaster,Eagles,90,177440,single,2,1978-11-27,False,https://i.scdn.co/image/ab67616d0000b2736d4362a2b2e39422000f8ed3
2025-12-25,35,Run Rudolph Run,Chuck Berry,90,165733,album,20,1986-01-01,False,https://i.scdn.co/image/ab67616d0000b27339807cff601735a3dec9e24c
2025-12-25,36,Merry Christmas,"Ed Sheeran, Elton John",0,208546,album,15,2021-12-01,False,https://i.scdn.co/image/ab67616d0000b273442f8c48ad3cc14f1de383fd
2025-12-25,37,"Santa, Can’t You Hear Me","Kelly Clarkson, Ariana Grande",89,242644,album,15,2021-10-15,False,https://i.scdn.co/image/ab67616d0000b2731fa667a7a53c7072fed91a17
2025-12-25,38,Step Into Christmas - Remastered 1995,Elton John,89,272333,album,14,1974-06-28,False,https://i.scdn.co/image/ab67616d0000b27368f5959744717483eed212b2
2025-12-25,39,Every Breath You Take,The Police,93,253920,album,11,1983-06-17,False,https://i.scdn.co/image/ab67616d0000b273c8e97cafeb2acb85b21a777e
2025-12-25,40,Die With A Smile,"Lady Gaga, Bruno Mars",92,251667,single,1,2024-08-16,False,https://i.scdn.co/image/ab67616d0000b27382ea2e9e1858aa012c57cd45
2025-12-25,41,BIRDS OF A FEATHER,Billie Eilish,95,210373,album,10,2024-05-17,False,https://i.scdn.co/image/ab67616d0000b27371d62ea7ea8a5be92d3c1f62
2025-12-25,42,Fairytale of New York (feat. Kirsty MacColl),"The Pogues, Kirsty MacColl",83,272466,album,19,1988-09-05,False,https://i.scdn.co/image/ab67616d0000b273d0ccf94a2d981db731f5dab8
2025-12-25,43,Let It Snow! Let It Snow! Let It Snow! (with The B. Swanson Quartet),"Frank Sinatra, B. Swanson Quartet",89,155453,compilation,14,1994-11-08,False,https://i.scdn.co/image/ab67616d0000b2739457e3a848ca8bc8270f6057
2025-12-25,44,Have Yourself A Merry Little Christmas - Remastered 1999,Frank Sinatra,89,206600,album,15,1957-09-01,False,https://i.scdn.co/image/ab67616d0000b27394fd2e614d0862bdd2592594
2025-12-25,45,Winter Wonderland,Laufey,37,132799,album,7,2025-11-05,False,https://i.scdn.co/image/ab67616d0000b273c6aea59379b5012bb5fae434
2025-12-25,46,Cuando No Era Cantante,"El Bogueto, Yung Beef",91,211084,album,23,2024-09-26,True,https://i.scdn.co/image/ab67616d0000b27315110c9ad66e065592cc3496
2025-12-25,47,Blue Christmas,Elvis Presley,89,130234,album,12,1957-10-15,False,https://i.scdn.co/image/ab67616d0000b273a2a6d54759001ebdfe9a37a1
2025-12-25,48,DtMF,Bad Bunny,93,237117,album,17,2025-01-05,True,https://i.scdn.co/image/ab67616d0000b273bbd45c8d36e0e045ef640411
2025-12-25,49,Hallelujah,Pentatonix,80,268956,album,11,2016-10-21,False,https://i.scdn.co/image/ab67616d0000b2732fbeaac6a873e249523e948d
2025-12-25,50,BAILE INoLVIDABLE,Bad Bunny,93,367725,album,17,2025-01-05,True,https://i.scdn.co/image/ab67616d0000b273bbd45c8d36e0e045ef640411
2025-12-26,1,All I Want for Christmas Is You,Mariah Carey,100,241562,album,10,1994-10-28,False,https://i.scdn.co/image/ab67616d0000b273c0862332847213b151ffab31
2025-12-26,2,Last Christmas,Wham!,98,262960,single,3,1984-11-29,False,https://i.scdn.co/image/ab67616d0000b273f2d2adaa21ad616df6241e7d
2025-12-26,3,Rockin' Around The Christmas Tree,Brenda Lee,98,126266,album,12,1964-10-19,False,https://i.scdn.co/image/ab67616d0000b2737845f74d6db14b400fa61cd3
2025-12-26,4,Jingle Bell Rock,Bobby Helms,96,130973,single,2,1957-12-02,False,https://i.scdn.co/image/ab67616d0000b273fd56f3c7a294f5cfe51c7b17
2025-12-26,5,Let It Snow! Let It Snow! Let It Snow!,Dean Martin,96,117146,album,12,1959-01-01,False,https://i.scdn.co/image/ab67616d0000b2736d88028a85c771f37374c8ea
2025-12-26,6,Santa Tell Me,Ariana Grande,97,204093,single,1,2014-11-24,False,https://i.scdn.co/image/ab67616d0000b273a1db745e63940bc06985dea5
2025-12-26,7,Underneath the Tree,Kelly Clarkson,94,229638,album,16,2013-10-25,False,https://i.scdn.co/image/ab67616d0000b273c87992b7588879f66d192905
2025-12-26,8,Snowman,Sia,96,165900,album,13,2018-11-01,False,https://i.scdn.co/image/ab67616d0000b273e8b11389352ddae61df3a93b
2025-12-26,9,It's the Most Wonderful Time of the Year,Andy Williams,84,151000,album,12,1963-01-01,False,https://i.scdn.co/image/ab67616d0000b273585897779cf3591ba0f07650
2025-12-26,10,Feliz Navidad,José Feliciano,81,182306,album,23,2001-01-01,False,https://i.scdn.co/image/ab67616d0000b27357db4e3ca6a227ed612ad0b8
2025-12-26,11,It's Beginning to Look a Lot like Christmas,Michael Bublé,88,206639,album,16,2011-10-24,False,https://i.scdn.co/image/ab67616d0000b27395517befb15ad5d63af701ab
2025-12-26,12,Sleigh Ride,The Ronettes,83,181266,compilation,15,2020-12-04,False,https://i.scdn.co/image/ab67616d0000b2731f0d5a8ff630fd5944c3936d
2025-12-26,13,Holly Jolly Christmas,Michael Bublé,88,119786,album,16,2011-10-24,False,https://i.scdn.co/image/ab67616d0000b27395517befb15ad5d63af701ab
2025-12-26,14,Mistletoe,Justin Bieber,94,182946,album,15,2011-01-01,False,https://i.scdn.co/image/ab67616d0000b273af0aff7f601df9ed6d2d531d
2025-12-26,15,Happy Xmas (War Is Over) - Remastered 2010,"John Lennon, Yoko Ono",93,214333,compilation,119,2010-10-05,False,https://i.scdn.co/image/ab67616d0000b27361a389971d7842d02b0623ab
2025-12-26,16,The Christmas Song (Merry Christmas To You),Nat King Cole,92,192160,album,19,1962-01-01,False,https://i.scdn.co/image/ab67616d0000b27330dc6027fd140c7ba68e900c
2025-12-26,17,Wonderful Christmastime - Edited Version / Remastered 2011,Paul McCartney,92,227653,album,19,1980-05-16,False,https://i.scdn.co/image/ab67616d0000b2733cef016d13d82873d45af84a
2025-12-26,18,Driving Home for Christmas - 2019 Remaster,Chris Rea,85,241626,album,28,1987-08-02,False,https://i.scdn.co/image/ab67616d0000b2736d621c2d5114cc41c96b376a
2025-12-26,19,Christmas (Baby Please Come Home),Darlene Love,90,166453,compilation,15,2020-12-04,False,https://i.scdn.co/image/ab67616d0000b2734bd42504ca3569f71af64fc8
2025-12-26,20,Merry Christmas Everyone,Shakin' Stevens,91,220160,album,13,1991-11-25,False,https://i.scdn.co/image/ab67616d0000b273d962f3b4235f8c6429a829fb
2025-12-26,21,Do They Know It's Christmas? - 1984 Version,Band Aid,90,222533,single,2,1984-11-25,False,https://i.scdn.co/image/ab67616d0000b273d549b09f0264901929eaa6e8
2025-12-26,22,"Carol of the Bells (From ""Home Alone"" Soundtrack)",John Williams,91,85266,album,19,1990-01-01,False,https://i.scdn.co/image/ab67616d0000b273f497846e25233023ca7cb8b1
2025-12-26,23,It's Beginning to Look a Lot Like Christmas (with Mitchell Ayres & His Orchestra),"Perry Como, The Fontane Sisters, Mitchell Ayres & His Orchestra",90,155933,album,21,1999-08-23,False,https://i.scdn.co/image/ab67616d0000b273d5f598be32d3027b9578ecd6
2025-12-26,24,Please Come Home for Christmas - 2013 Remaster,Eagles,91,177440,single,2,1978-11-27,False,https://i.scdn.co/image/ab67616d0000b2736d4362a2b2e39422000f8ed3
2025-12-26,25,Step Into Christmas - Remastered 1995,Elton John,89,272333,album,14,1974-06-28,False,https://i.scdn.co/image/ab67616d0000b27368f5959744717483eed212b2
2025-12-26,26,Run Rudolph Run,Chuck Berry,91,165733,album,20,1986-01-01,False,https://i.scdn.co/image/ab67616d0000b27339807cff601735a3dec9e24c
2025-12-26,27,Merry Christmas,"Ed Sheeran, Elton John",80,208546,album,25,2024-09-27,False,https://i.scdn.co/image/ab67616d0000b273e88b1e1a3534ea4fced8dc24
2025-12-26,28,White Christmas - 1947 Version,"Bing Crosby, Ken Darby Singers, John Scott Trotter & His Orchestra",91,183613,compilation,12,1945-01-01,False,https://i.scdn.co/image/ab67616d0000b2738004cd6b343732b0e1e666f5
2025-12-26,29,"Santa, Can’t You Hear Me","Kelly Clarkson, Ariana Grande",90,242644,album,15,2021-10-15,False,https://i.scdn.co/image/ab67616d0000b2731fa667a7a53c7072fed91a17
2025-12-26,30,Let It Snow! Let It Snow! Let It Snow! (with The B. Swanson Quartet),"Frank Sinatra, B. Swanson Quartet",89,155453,compilation,14,1994-11-08,False,https://i.scdn.co/image/ab67616d0000b2739457e3a848ca8bc8270f6057
2025-12-26,31,The Fate of Ophelia,Taylor Swift,99,226073,album,12,2025-10-03,False,https://i.scdn.co/image/ab67616d0000b273d7812467811a7da6e6a44902
2025-12-26,32,Thank God It's Christmas - Non-Album Single,Queen,83,261626,album,15,1984-02-27,False,https://i.scdn.co/image/ab67616d0000b273d1e7c0e1bf0980298428a1ae
2025-12-26,33,Hallelujah,Pentatonix,80,268956,album,11,2016-10-21,False,https://i.scdn.co/image/ab67616d0000b2732fbeaac6a873e249523e948d
2025-12-26,34,Winter Wonderland,Laufey,37,132799,album,7,2025-11-05,False,https://i.scdn.co/image/ab67616d0000b273c6aea59379b5012bb5fae434
2025-12-26,35,My Only Wish (This Year),Britney Spears,89,255400,single,1,2000-11-14,False,https://i.scdn.co/image/ab67616d0000b27316ed688a08ecd351560f4566
2025-12-26,36,Blue Christmas,Elvis Presley,90,130234,album,12,1957-10-15,False,https://i.scdn.co/image/ab67616d0000b273a2a6d54759001ebdfe9a37a1
2025-12-26,37,Have Yourself A Merry Little Christmas - Remastered 1999,Frank Sinatra,90,206600,album,15,1957-09-01,False,https://i.scdn.co/image/ab67616d0000b27394fd2e614d0862bdd2592594
2025-12-26,38,Jingle Bells - Remastered 1999,Frank Sinatra,86,120693,album,15,1957-09-01,False,https://i.scdn.co/image/ab67616d0000b27394fd2e614d0862bdd2592594
2025-12-26,39,Fairytale of New York (feat. Kirsty MacColl),"The Pogues, Kirsty MacColl",83,272466,album,19,1988-09-05,False,https://i.scdn.co/image/ab67616d0000b273d0ccf94a2d981db731f5dab8
2025-12-26,40,You Make It Feel Like Christmas (feat. Blake Shelton),"Gwen Stefani, Blake Shelton",88,156773,album,12,2017-10-06,False,https://i.scdn.co/image/ab67616d0000b273f1ead165a7504b97e66ea7c4
2025-12-26,41,A Nonsense Christmas,Sabrina Carpenter,77,153099,single,2,2022-12-07,False,https://i.scdn.co/image/ab67616d0000b2734601ead4fc2b9b65627b8298
2025-12-26,42,Mele Kalikimaka (Merry Christmas),"Bing Crosby, The Andrews Sisters",89,175333,compilation,12,1945-01-01,False,https://i.scdn.co/image/ab67616d0000b2738004cd6b343732b0e1e666f5
2025-12-26,43,Deck The Hall,Nat King Cole,88,68760,album,19,1962-01-01,False,https://i.scdn.co/image/ab67616d0000b27330dc6027fd140c7ba68e900c
2025-12-26,44,Santa Baby (with Henri René & His Orchestra),"Eartha Kitt, Henri René and His Orchestra",89,206066,album,14,2002-01-01,False,https://i.scdn.co/image/ab67616d0000b273cfbcba7cc35a40e08e5aff67
2025-12-26,45,A Holly Jolly Christmas,Burl Ives,88,135533,compilation,12,1965-10-01,False,https://i.scdn.co/image/ab67616d0000b273efe2a536761d4f8e8401ae62
2025-12-26,46,Golden,"HUNTR/X, EJAE, AUDREY NUNA, REI AMI, KPop Demon Hunters Cast",98,194607,album,12,2025-06-20,False,https://i.scdn.co/image/ab67616d0000b2734dcb6c5df15cf74596ab25a4
2025-12-26,47,Little Saint Nick - 1991 Remix,The Beach Boys,86,118840,album,12,1964-11-09,False,https://i.scdn.co/image/ab67616d0000b27308c270b3ef1602ff84ed2c05
2025-12-26,48,Christmas Lights,Coldplay,87,242495,single,1,2010-12-01,False,https://i.scdn.co/image/ab67616d0000b2735f30d36db3dd22681531d1da
2025-12-26,49,"Santa Claus Is Comin' to Town - Live at C.W. Post College, Greenvale, NY - December 1975",Bruce Springsteen,88,267600,single,1,1981-01-01,False,https://i.scdn.co/image/ab67616d0000b2736a68798b2ac41fde44823eb5
2025-12-26,50,Christmas (Baby Please Come Home),Mariah Carey,87,155492,album,10,1994-10-28,False,https://i.scdn.co/image/ab67616d0000b273c0862332847213b151ffab31
2025-12-27,1,All I Want for Christmas Is You,Mariah Carey,100,241562,album,10,1994-10-28,False,https://i.scdn.co/image/ab67616d0000b273c0862332847213b151ffab31
2025-12-27,2,Last Christmas,Wham!,98,262960,single,3,1984-11-29,False,https://i.scdn.co/image/ab67616d0000b273f2d2adaa21ad616df6241e7d
2025-12-27,3,Rockin' Around The Christmas Tree,Brenda Lee,98,126266,album,12,1964-10-19,False,https://i.scdn.co/image/ab67616d0000b2737845f74d6db14b400fa61cd3
2025-12-27,4,Jingle Bell Rock,Bobby Helms,96,130973,single,2,1957-12-02,False,https://i.scdn.co/image/ab67616d0000b273fd56f3c7a294f5cfe51c7b17
2025-12-27,5,Let It Snow! Let It Snow! Let It Snow!,Dean Martin,96,117146,album,12,1959-01-01,False,https://i.scdn.co/image/ab67616d0000b2736d88028a85c771f37374c8ea
2025-12-27,6,It's the Most Wonderful Time of the Year,Andy Williams,84,151000,album,12,1963-01-01,False,https://i.scdn.co/image/ab67616d0000b273585897779cf3591ba0f07650
2025-12-27,7,Santa Tell Me,Ariana Grande,97,204093,single,1,2014-11-24,False,https://i.scdn.co/image/ab67616d0000b273a1db745e63940bc06985dea5
2025-12-27,8,Feliz Navidad,José Feliciano,81,182306,album,23,2001-01-01,False,https://i.scdn.co/image/ab67616d0000b27357db4e3ca6a227ed612ad0b8
2025-12-27,9,Underneath the Tree,Kelly Clarkson,94,229638,album,16,2013-10-25,False,https://i.scdn.co/image/ab67616d0000b273c87992b7588879f66d192905
2025-12-27,10,Sleigh Ride,The Ronettes,83,181266,compilation,15,2020-12-04,False,https://i.scdn.co/image/ab67616d0000b2731f0d5a8ff630fd5944c3936d
2025-12-27,11,Snowman,Sia,96,165900,album,13,2018-11-01,False,https://i.scdn.co/image/ab67616d0000b273e8b11389352ddae61df3a93b
2025-12-27,12,The Christmas Song (Merry Christmas To You),Nat King Cole,92,192160,album,19,1962-01-01,False,https://i.scdn.co/image/ab67616d0000b27330dc6027fd140c7ba68e900c
2025-12-27,13,It's Beginning to Look a Lot like Christmas,Michael Bublé,28,207199,album,21,2011-10-24,False,https://i.scdn.co/image/ab67616d0000b2732ead7786631d8dd3b59be4f0
2025-12-27,14,Holly Jolly Christmas,Michael Bublé,88,119786,album,16,2011-10-24,False,https://i.scdn.co/image/ab67616d0000b27395517befb15ad5d63af701ab
2025-12-27,15,Mistletoe,Justin Bieber,94,182946,album,15,2011-01-01,False,https://i.scdn.co/image/ab67616d0000b273af0aff7f601df9ed6d2d531d
2025-12-27,16,Christmas (Baby Please Come Home),Darlene Love,90,166453,compilation,15,2020-12-04,False,https://i.scdn.co/image/ab67616d0000b2734bd42504ca3569f71af64fc8
2025-12-27,17,Happy Xmas (War Is Over) - Remastered 2010,"John Lennon, Yoko Ono",93,214333,compilation,119,2010-10-05,False,https://i.scdn.co/image/ab67616d0000b27361a389971d7842d02b0623ab
2025-12-27,18,Wonderful Christmastime - Edited Version / Remastered 2011,Paul McCartney,92,227653,album,19,1980-05-16,False,https://i.scdn.co/image/ab67616d0000b2733cef016d13d82873d45af84a
2025-12-27,19,Please Come Home for Christmas - 2013 Remaster,Eagles,91,177440,single,2,1978-11-27,False,https://i.scdn.co/image/ab67616d0000b2736d4362a2b2e39422000f8ed3
2025-12-27,20,It's Beginning to Look a Lot Like Christmas (with Mitchell Ayres & His Orchestra),"Perry Como, The Fontane Sisters, Mitchell Ayres & His Orchestra",90,155933,album,21,1999-08-23,False,https://i.scdn.co/image/ab67616d0000b273d5f598be32d3027b9578ecd6
2025-12-27,21,White Christmas - 1947 Version,"Bing Crosby, Ken Darby Singers, John Scott Trotter & His Orchestra",91,183613,compilation,12,1945-01-01,False,https://i.scdn.co/image/ab67616d0000b2738004cd6b343732b0e1e666f5
2025-12-27,22,Run Rudolph Run,Chuck Berry,91,165733,album,20,1986-01-01,False,https://i.scdn.co/image/ab67616d0000b27339807cff601735a3dec9e24c
2025-12-27,23,"Carol of the Bells (From ""Home Alone"" Soundtrack)",John Williams,91,85266,album,19,1990-01-01,False,https://i.scdn.co/image/ab67616d0000b273f497846e25233023ca7cb8b1
2025-12-27,24,Merry Christmas Everyone,Shakin' Stevens,91,220160,album,13,1991-11-25,False,https://i.scdn.co/image/ab67616d0000b273d962f3b4235f8c6429a829fb
2025-12-27,25,Blue Christmas,Elvis Presley,90,130234,album,12,1957-10-15,False,https://i.scdn.co/image/ab67616d0000b273a2a6d54759001ebdfe9a37a1
2025-12-27,26,Step Into Christmas - Remastered 1995,Elton John,89,272333,album,14,1974-06-28,False,https://i.scdn.co/image/ab67616d0000b27368f5959744717483eed212b2
2025-12-27,27,Do They Know It's Christmas? - 1984 Version,Band Aid,90,222533,single,2,1984-11-25,False,https://i.scdn.co/image/ab67616d0000b273d549b09f0264901929eaa6e8
2025-12-27,28,Let It Snow! Let It Snow! Let It Snow! (with The B. Swanson Quartet),"Frank Sinatra, B. Swanson Quartet",89,155453,compilation,14,1994-11-08,False,https://i.scdn.co/image/ab67616d0000b2739457e3a848ca8bc8270f6057
2025-12-27,29,Have Yourself A Merry Little Christmas - Remastered 1999,Frank Sinatra,90,206600,album,15,1957-09-01,False,https://i.scdn.co/image/ab67616d0000b27394fd2e614d0862bdd2592594
2025-12-27,30,Driving Home for Christmas - 2019 Remaster,Chris Rea,85,241626,album,28,1987-08-02,False,https://i.scdn.co/image/ab67616d0000b2736d621c2d5114cc41c96b376a
2025-12-27,31,"Santa, Can’t You Hear Me","Kelly Clarkson, Ariana Grande",90,242644,album,15,2021-10-15,False,https://i.scdn.co/image/ab67616d0000b2731fa667a7a53c7072fed91a17
2025-12-27,32,Mele Kalikimaka (Merry Christmas),"Bing Crosby, The Andrews Sisters",89,175333,compilation,12,1945-01-01,False,https://i.scdn.co/image/ab67616d0000b2738004cd6b343732b0e1e666f5
2025-12-27,33,Jingle Bells - Remastered 1999,Frank Sinatra,86,120693,album,15,1957-09-01,False,https://i.scdn.co/image/ab67616d0000b27394fd2e614d0862bdd2592594
2025-12-27,34,Winter Wonderland,Laufey,37,132799,album,7,2025-11-05,False,https://i.scdn.co/image/ab67616d0000b273c6aea59379b5012bb5fae434
2025-12-27,35,Deck The Hall,Nat King Cole,88,68760,album,19,1962-01-01,False,https://i.scdn.co/image/ab67616d0000b27330dc6027fd140c7ba68e900c
2025-12-27,36,Little Saint Nick - 1991 Remix,The Beach Boys,86,118840,album,12,1964-11-09,False,https://i.scdn.co/image/ab67616d0000b27308c270b3ef1602ff84ed2c05
2025-12-27,37,A Nonsense Christmas,Sabrina Carpenter,77,153099,single,2,2022-12-07,False,https://i.scdn.co/image/ab67616d0000b2734601ead4fc2b9b65627b8298
2025-12-27,38,Santa Baby (with Henri René & His Orchestra),"Eartha Kitt, Henri René and His Orchestra",89,206066,album,14,2002-01-01,False,https://i.scdn.co/image/ab67616d0000b273cfbcba7cc35a40e08e5aff67
2025-12-27,39,Merry Christmas,"Ed Sheeran, Elton John",80,208546,album,25,2024-09-27,False,https://i.scdn.co/image/ab67616d0000b273e88b1e1a3534ea4fced8dc24
2025-12-27,40,Fairytale of New York (feat. Kirsty MacColl),"The Pogues, Kirsty MacColl",83,272466,album,19,1988-09-05,False,https://i.scdn.co/image/ab67616d0000b273d0ccf94a2d981db731f5dab8
2025-12-27,41,Christmas Time Is Here,Vince Guaraldi Trio,84,163093,album,14,1998-01-01,False,https://i.scdn.co/image/ab67616d0000b273a1c6bc83f5404947ffb87891
2025-12-27,42,"Santa Claus Is Comin' to Town - Live at C.W. Post College, Greenvale, NY - December 1975",Bruce Springsteen,88,267600,single,1,1981-01-01,False,https://i.scdn.co/image/ab67616d0000b2736a68798b2ac41fde44823eb5
2025-12-27,43,A Holly Jolly Christmas,Burl Ives,88,135533,compilation,12,1965-10-01,False,https://i.scdn.co/image/ab67616d0000b273efe2a536761d4f8e8401ae62
2025-12-27,44,You Make It Feel Like Christmas (feat. Blake Shelton),"Gwen Stefani, Blake Shelton",88,156773,album,12,2017-10-06,False,https://i.scdn.co/image/ab67616d0000b273f1ead165a7504b97e66ea7c4
2025-12-27,45,Hallelujah,Pentatonix,80,268956,album,11,2016-10-21,False,https://i.scdn.co/image/ab67616d0000b2732fbeaac6a873e249523e948d
2025-12-27,46,My Only Wish (This Year),Britney Spears,89,255400,single,1,2000-11-14,False,https://i.scdn.co/image/ab67616d0000b27316ed688a08ecd351560f4566
2025-12-27,47,The Fate of Ophelia,Taylor Swift,99,226073,album,12,2025-10-03,False,https://i.scdn.co/image/ab67616d0000b273d7812467811a7da6e6a44902
2025-12-27,48,Thank God It's Christmas - Non-Album Single,Queen,83,261626,album,15,1984-02-27,False,https://i.scdn.co/image/ab67616d0000b273d1e7c0e1bf0980298428a1ae
2025-12-27,49,Here Comes Santa Claus (Right Down Santa Claus Lane) - 1947 Version,Gene Autry,88,153797,album,18,1947-01-01,False,https://i.scdn.co/image/ab67616d0000b27361b80b3738446f5eedc3610d
2025-12-27,50,This Christmas,Donny Hathaway,75,231173,album,11,1971-01-01,False,https://i.scdn.co/image/ab67616d0000b27315b4801ea97bec74170e35b0
2025-12-28,1,The Fate of Ophelia,Taylor Swift,99,226073,album,12,2025-10-03,False,https://i.scdn.co/image/ab67616d0000b273d7812467811a7da6e6a44902
2025-12-28,2,Last Christmas,Wham!,98,262960,single,3,1984-11-29,False,https://i.scdn.co/image/ab67616d0000b273f2d2adaa21ad616df6241e7d
2025-12-28,3,All I Want for Christmas Is You,Mariah Carey,100,241562,album,10,1994-10-28,False,https://i.scdn.co/image/ab67616d0000b273c0862332847213b151ffab31
2025-12-28,4,Rockin' Around The Christmas Tree,Brenda Lee,98,126266,album,12,1964-10-19,False,https://i.scdn.co/image/ab67616d0000b2737845f74d6db14b400fa61cd3
2025-12-28,5,Golden,"HUNTR/X, EJAE, AUDREY NUNA, REI AMI, KPop Demon Hunters Cast",98,194607,album,12,2025-06-20,False,https://i.scdn.co/image/ab67616d0000b2734dcb6c5df15cf74596ab25a4
2025-12-28,6,Jingle Bell Rock,Bobby Helms,96,130973,single,2,1957-12-02,False,https://i.scdn.co/image/ab67616d0000b273fd56f3c7a294f5cfe51c7b17
2025-12-28,7,Santa Tell Me,Ariana Grande,97,204093,single,1,2014-11-24,False,https://i.scdn.co/image/ab67616d0000b273a1db745e63940bc06985dea5
2025-12-28,8,Snowman,Sia,96,165900,album,13,2018-11-01,False,https://i.scdn.co/image/ab67616d0000b273e8b11389352ddae61df3a93b
2025-12-28,9,Man I Need,Olivia Dean,97,184000,single,3,2025-08-15,False,https://i.scdn.co/image/ab67616d0000b273e3d69e17dde129037a1f09e2
2025-12-28,10,Let It Snow! Let It Snow! Let It Snow!,Dean Martin,96,117146,album,12,1959-01-01,False,https://i.scdn.co/image/ab67616d0000b2736d88028a85c771f37374c8ea
2025-12-28,11,back to friends,sombr,93,199032,single,1,2024-12-27,False,https://i.scdn.co/image/ab67616d0000b2739d24f74c1e2d8a12b1e591ec
2025-12-28,12,Underneath the Tree,Kelly Clarkson,94,229638,album,16,2013-10-25,False,https://i.scdn.co/image/ab67616d0000b273c87992b7588879f66d192905
2025-12-28,13,It's the Most Wonderful Time of the Year,Andy Williams,84,151000,album,12,1963-01-01,False,https://i.scdn.co/image/ab67616d0000b273585897779cf3591ba0f07650
2025-12-28,14,Feliz Navidad,José Feliciano,81,182306,album,23,2001-01-01,False,https://i.scdn.co/image/ab67616d0000b27357db4e3ca6a227ed612ad0b8
2025-12-28,15,End of Beginning,Djo,94,159245,album,13,2022-09-16,False,https://i.scdn.co/image/ab67616d0000b273fddfffec51b4580acae727c1
2025-12-28,16,It's Beginning to Look a Lot like Christmas,Michael Bublé,28,207199,album,21,2011-10-24,False,https://i.scdn.co/image/ab67616d0000b2732ead7786631d8dd3b59be4f0
2025-12-28,17,CHANEL,Tyla,92,188059,single,1,2025-10-24,True,https://i.scdn.co/image/ab67616d0000b27336e063ca7f0b26f63515ca57
2025-12-28,18,So Easy (To Fall In Love),Olivia Dean,95,169000,album,12,2025-09-26,False,https://i.scdn.co/image/ab67616d0000b2739a336bfb6d40bbd90a507417
2025-12-28,19,Ordinary,Alex Warren,92,186964,album,11,2024-09-26,False,https://i.scdn.co/image/ab67616d0000b27342fe69c0e7e5c92f01ece8ce
2025-12-28,20,dopamina,"Peso Pluma, Tito Double P",0,185326,album,15,2025-12-25,True,https://i.scdn.co/image/ab67616d0000b273a9e6a250ea86a8f387873ef9
2025-12-28,21,Mistletoe,Justin Bieber,94,182946,album,15,2011-01-01,False,https://i.scdn.co/image/ab67616d0000b273af0aff7f601df9ed6d2d531d
2025-12-28,22,WHERE IS MY HUSBAND!,RAYE,95,196795,single,1,2025-09-19,False,https://i.scdn.co/image/ab67616d0000b2737cc8cee5c81409833e540974
2025-12-28,23,Every Breath You Take,The Police,93,253920,album,11,1983-06-17,False,https://i.scdn.co/image/ab67616d0000b273c8e97cafeb2acb85b21a777e
2025-12-28,24,Sleigh Ride,The Ronettes,83,181266,compilation,15,2020-12-04,False,https://i.scdn.co/image/ab67616d0000b2731f0d5a8ff630fd5944c3936d
2025-12-28,25,The Christmas Song (Merry Christmas To You),Nat King Cole,92,192160,album,19,1962-01-01,False,https://i.scdn.co/image/ab67616d0000b27330dc6027fd140c7ba68e900c
2025-12-28,26,Die With A Smile,"Lady Gaga, Bruno Mars",92,251667,single,1,2024-08-16,False,https://i.scdn.co/image/ab67616d0000b27382ea2e9e1858aa012c57cd45
2025-12-28,27,BIRDS OF A FEATHER,Billie Eilish,95,210373,album,10,2024-05-17,False,https://i.scdn.co/image/ab67616d0000b27371d62ea7ea8a5be92d3c1f62
2025-12-28,28,Holly Jolly Christmas,Michael Bublé,88,119786,album,16,2011-10-24,False,https://i.scdn.co/image/ab67616d0000b27395517befb15ad5d63af701ab
2025-12-28,29,Happy Xmas (War Is Over) - Remastered 2010,"John Lennon, Yoko Ono",93,214333,compilation,119,2010-10-05,False,https://i.scdn.co/image/ab67616d0000b27361a389971d7842d02b0623ab
2025-12-28,30,Gabriela,KATSEYE,93,197226,single,2,2025-06-20,False,https://i.scdn.co/image/ab67616d0000b273f8d4d00ffe09373efb13ce29
2025-12-28,31,Wonderful Christmastime - Edited Version / Remastered 2011,Paul McCartney,92,227653,album,19,1980-05-16,False,https://i.scdn.co/image/ab67616d0000b2733cef016d13d82873d45af84a
2025-12-28,32,Sedia Aku Sebelum Hujan,Idgitaf,88,230130,single,1,2025-10-08,False,https://i.scdn.co/image/ab67616d0000b2738dc8c573565969d55f9f3477
2025-12-28,33,Cuando No Era Cantante,"El Bogueto, Yung Beef",91,211084,album,23,2024-09-26,True,https://i.scdn.co/image/ab67616d0000b27315110c9ad66e065592cc3496
2025-12-28,34,Lush Life,Zara Larsson,2,201122,single,1,2015-06-09,False,https://i.scdn.co/image/ab67616d0000b2736eaa0691ac9d790b41d21a91
2025-12-28,35,Opalite,Taylor Swift,94,235355,album,12,2025-10-03,False,https://i.scdn.co/image/ab67616d0000b273d7812467811a7da6e6a44902
2025-12-28,36,DtMF,Bad Bunny,93,237117,album,17,2025-01-05,True,https://i.scdn.co/image/ab67616d0000b273bbd45c8d36e0e045ef640411
2025-12-28,37,BAILE INoLVIDABLE,Bad Bunny,93,367725,album,17,2025-01-05,True,https://i.scdn.co/image/ab67616d0000b273bbd45c8d36e0e045ef640411
2025-12-28,38,Iris,The Goo Goo Dolls,93,289533,album,13,1998-01-01,False,https://i.scdn.co/image/ab67616d0000b273eda9478c39a21e1cdc6609ca
2025-12-28,39,Sailor Song,Gigi Perez,88,211978,single,1,2024-07-26,False,https://i.scdn.co/image/ab67616d0000b273e6065f209e0a01986206bd53
2025-12-28,40,Posso Até Não Te Dar Flores,"DJ Japa NK, MC Meno K, MC Ryan SP, Mc Jacaré, DJ DAVI DOGDOG",92,158769,single,1,2025-09-11,True,https://i.scdn.co/image/ab67616d0000b27303965d16104282739d6e0a58
2025-12-28,41,Driving Home for Christmas - 2019 Remaster,Chris Rea,85,241626,album,28,1987-08-02,False,https://i.scdn.co/image/ab67616d0000b2736d621c2d5114cc41c96b376a
2025-12-28,42,Don’t Say You Love Me,Jin,87,180716,album,7,2025-05-16,False,https://i.scdn.co/image/ab67616d0000b27389228504f700641956e29f5d
2025-12-28,43,Merry Christmas Everyone,Shakin' Stevens,91,220160,album,13,1991-11-25,False,https://i.scdn.co/image/ab67616d0000b273d962f3b4235f8c6429a829fb
2025-12-28,44,Christmas (Baby Please Come Home),Darlene Love,90,166453,compilation,15,2020-12-04,False,https://i.scdn.co/image/ab67616d0000b2734bd42504ca3569f71af64fc8
2025-12-28,45,Who,Jimin,87,170887,album,7,2024-07-19,False,https://i.scdn.co/image/ab67616d0000b273f02c451189a709b9a952aaec
2025-12-28,46,"One Of The Girls (with JENNIE, Lily Rose Depp)","The Weeknd, JENNIE, Lily-Rose Depp",92,244684,single,3,2023-06-23,False,https://i.scdn.co/image/ab67616d0000b273b0dd6a5cd1dec96c4119c262
2025-12-28,47,Cuando No Era Cantante - Remix,"El Bogueto, Anuel AA, Fuerza Regida, Yung Beef",86,327488,single,1,2025-12-10,True,https://i.scdn.co/image/ab67616d0000b27376ca2bb969e79a911090df63
2025-12-28,48,I Thought I Saw Your Face Today,She & Him,87,170333,album,13,2008-03-18,False,https://i.scdn.co/image/ab67616d0000b273a47c6d8a934b4833c0916cc9
2025-12-28,49,Sweater Weather,The Neighbourhood,92,240400,album,11,2013-04-22,False,https://i.scdn.co/image/ab67616d0000b2738265a736a1eb838ad5a0b921
2025-12-28,50,bckpckbyz,"Peso Pluma, Tito Double P",0,223640,album,15,2025-12-25,True,https://i.scdn.co/image/ab67616d0000b273a9e6a250ea86a8f387873ef9
2025-12-29,1,The Fate of Ophelia,Taylor Swift,98,226073,album,12,2025-10-03,False,https://i.scdn.co/image/ab67616d0000b273d7812467811a7da6e6a44902
2025-12-29,2,Golden,"HUNTR/X, EJAE, AUDREY NUNA, REI AMI, KPop Demon Hunters Cast",97,194607,album,12,2025-06-20,False,https://i.scdn.co/image/ab67616d0000b2734dcb6c5df15cf74596ab25a4
2025-12-29,3,Man I Need,Olivia Dean,96,184000,single,3,2025-08-15,False,https://i.scdn.co/image/ab67616d0000b273e3d69e17dde129037a1f09e2
2025-12-29,4,back to friends,sombr,91,199032,single,1,2024-12-27,False,https://i.scdn.co/image/ab67616d0000b2739d24f74c1e2d8a12b1e591ec
2025-12-29,5,End of Beginning,Djo,93,159245,album,13,2022-09-16,False,https://i.scdn.co/image/ab67616d0000b273fddfffec51b4580acae727c1
2025-12-29,6,Ordinary,Alex Warren,91,186964,album,11,2024-09-26,False,https://i.scdn.co/image/ab67616d0000b27342fe69c0e7e5c92f01ece8ce
2025-12-29,7,So Easy (To Fall In Love),Olivia Dean,94,169000,album,12,2025-09-26,False,https://i.scdn.co/image/ab67616d0000b2739a336bfb6d40bbd90a507417
2025-12-29,8,WHERE IS MY HUSBAND!,RAYE,94,196795,single,1,2025-09-19,False,https://i.scdn.co/image/ab67616d0000b2737cc8cee5c81409833e540974
2025-12-29,9,Every Breath You Take,The Police,92,253920,album,11,1983-06-17,False,https://i.scdn.co/image/ab67616d0000b273c8e97cafeb2acb85b21a777e
2025-12-29,10,CHANEL,Tyla,91,188059,single,1,2025-10-24,True,https://i.scdn.co/image/ab67616d0000b27336e063ca7f0b26f63515ca57
2025-12-29,11,dopamina,"Peso Pluma, Tito Double P",0,185326,album,15,2025-12-25,True,https://i.scdn.co/image/ab67616d0000b273a9e6a250ea86a8f387873ef9
2025-12-29,12,Die With A Smile,"Lady Gaga, Bruno Mars",91,251667,single,1,2024-08-16,False,https://i.scdn.co/image/ab67616d0000b27382ea2e9e1858aa012c57cd45
2025-12-29,13,BIRDS OF A FEATHER,Billie Eilish,94,210373,album,10,2024-05-17,False,https://i.scdn.co/image/ab67616d0000b27371d62ea7ea8a5be92d3c1f62
2025-12-29,14,Last Christmas,Wham!,98,262960,single,3,1984-11-29,False,https://i.scdn.co/image/ab67616d0000b273f2d2adaa21ad616df6241e7d
2025-12-29,15,Gabriela,KATSEYE,92,197226,single,2,2025-06-20,False,https://i.scdn.co/image/ab67616d0000b273f8d4d00ffe09373efb13ce29
2025-12-29,16,All I Want for Christmas Is You,Mariah Carey,100,241562,album,10,1994-10-28,False,https://i.scdn.co/image/ab67616d0000b273c0862332847213b151ffab31
2025-12-29,17,Lush Life,Zara Larsson,1,201122,single,1,2015-06-09,False,https://i.scdn.co/image/ab67616d0000b2736eaa0691ac9d790b41d21a91
2025-12-29,18,Cuando No Era Cantante,"El Bogueto, Yung Beef",90,211084,album,23,2024-09-26,True,https://i.scdn.co/image/ab67616d0000b27315110c9ad66e065592cc3496
2025-12-29,19,Posso Até Não Te Dar Flores,"DJ Japa NK, MC Meno K, MC Ryan SP, Mc Jacaré, DJ DAVI DOGDOG",91,158769,single,1,2025-09-11,True,https://i.scdn.co/image/ab67616d0000b27303965d16104282739d6e0a58
2025-12-29,20,DtMF,Bad Bunny,92,237117,album,17,2025-01-05,True,https://i.scdn.co/image/ab67616d0000b273bbd45c8d36e0e045ef640411
2025-12-29,21,Sailor Song,Gigi Perez,87,211978,single,1,2024-07-26,False,https://i.scdn.co/image/ab67616d0000b273e6065f209e0a01986206bd53
2025-12-29,22,Sedia Aku Sebelum Hujan,Idgitaf,87,230130,single,1,2025-10-08,False,https://i.scdn.co/image/ab67616d0000b2738dc8c573565969d55f9f3477
2025-12-29,23,Iris,The Goo Goo Dolls,92,289533,album,13,1998-01-01,False,https://i.scdn.co/image/ab67616d0000b273eda9478c39a21e1cdc6609ca
2025-12-29,24,Opalite,Taylor Swift,93,235355,album,12,2025-10-03,False,https://i.scdn.co/image/ab67616d0000b273d7812467811a7da6e6a44902
2025-12-29,25,BAILE INoLVIDABLE,Bad Bunny,92,367725,album,17,2025-01-05,True,https://i.scdn.co/image/ab67616d0000b273bbd45c8d36e0e045ef640411
2025-12-29,26,Sweater Weather,The Neighbourhood,91,240400,album,11,2013-04-22,False,https://i.scdn.co/image/ab67616d0000b2738265a736a1eb838ad5a0b921
2025-12-29,27,I Thought I Saw Your Face Today,She & Him,87,170333,album,13,2008-03-18,False,https://i.scdn.co/image/ab67616d0000b273a47c6d8a934b4833c0916cc9
2025-12-29,28,"One Of The Girls (with JENNIE, Lily Rose Depp)","The Weeknd, JENNIE, Lily-Rose Depp",91,244684,single,3,2023-06-23,False,https://i.scdn.co/image/ab67616d0000b273b0dd6a5cd1dec96c4119c262
2025-12-29,29,Cuando No Era Cantante - Remix,"El Bogueto, Anuel AA, Fuerza Regida, Yung Beef",86,327488,single,1,2025-12-10,True,https://i.scdn.co/image/ab67616d0000b27376ca2bb969e79a911090df63
2025-12-29,30,Who,Jimin,86,170887,album,7,2024-07-19,False,https://i.scdn.co/image/ab67616d0000b273f02c451189a709b9a952aaec
2025-12-29,31,Don’t Say You Love Me,Jin,86,180716,album,7,2025-05-16,False,https://i.scdn.co/image/ab67616d0000b27389228504f700641956e29f5d
2025-12-29,32,La Plena - W Sound 05,"W Sound, Beéle, Ovy On The Drums",89,150001,single,1,2025-02-19,True,https://i.scdn.co/image/ab67616d0000b2734740100d84f3667f1eae6870
2025-12-29,33,Running Up That Hill (A Deal With God),Kate Bush,8,298933,album,12,1985-01-01,False,https://i.scdn.co/image/ab67616d0000b27396ab64f52273635308b6bf27
2025-12-29,34,Beautiful Things,Benson Boone,88,180304,album,15,2024-04-05,False,https://i.scdn.co/image/ab67616d0000b273cc04ff3e70e146ba9abacf40
2025-12-29,35,No Broke Boys,"Disco Lines, Tinashe",92,163994,single,1,2025-06-06,True,https://i.scdn.co/image/ab67616d0000b2735dcede7ece7b2cb72cee4eee
2025-12-29,36,Phantom,"EsDeeKid, Rico Ace",90,109759,album,11,2025-06-20,True,https://i.scdn.co/image/ab67616d0000b273b340c3c62478b6961d7f3c34
2025-12-29,37,WILDFLOWER,Billie Eilish,92,261466,album,10,2024-05-17,False,https://i.scdn.co/image/ab67616d0000b27371d62ea7ea8a5be92d3c1f62
2025-12-29,38,APT.,"ROSÉ, Bruno Mars",83,169917,album,12,2024-12-06,False,https://i.scdn.co/image/ab67616d0000b2735074bd0894cb1340b8d8a678
2025-12-29,39,Creep,Radiohead,91,238640,album,12,1993-02-22,True,https://i.scdn.co/image/ab67616d0000b273ec548c00d3ac2f10be73366d
2025-12-29,40,Love Me Not,Ravyn Lenae,87,213466,album,11,2024-08-09,False,https://i.scdn.co/image/ab67616d0000b273ef985ba96e76a9574cc68a30
2025-12-29,41,Manchild,Sabrina Carpenter,85,213645,single,1,2025-06-05,True,https://i.scdn.co/image/ab67616d0000b273062c6573009fdebd43de443b
2025-12-29,42,Rockin' Around The Christmas Tree,Brenda Lee,98,126266,album,12,1964-10-19,False,https://i.scdn.co/image/ab67616d0000b2737845f74d6db14b400fa61cd3
2025-12-29,43,I Wanna Be Yours,Arctic Monkeys,91,183956,album,12,2013-09-09,False,https://i.scdn.co/image/ab67616d0000b2734ae1c4c5c45aabe565499163
2025-12-29,44,Yellow,Coldplay,90,266773,album,10,2000-07-10,False,https://i.scdn.co/image/ab67616d0000b2739164bafe9aaa168d93f4816a
2025-12-29,45,Espresso,Sabrina Carpenter,86,175459,album,12,2024-08-23,True,https://i.scdn.co/image/ab67616d0000b273fd8d7a8d96871e791cb1f626
2025-12-29,46,The Night We Met,Lord Huron,89,208211,album,14,2015-04-06,False,https://i.scdn.co/image/ab67616d0000b27317875a0610c23d8946454583
2025-12-29,47,One Dance,"Drake, Wizkid, Kyla",89,173986,album,20,2016-05-06,False,https://i.scdn.co/image/ab67616d0000b2739416ed64daf84936d89e671c
2025-12-29,48,Snowman,Sia,96,165900,album,13,2018-11-01,False,https://i.scdn.co/image/ab67616d0000b273e8b11389352ddae61df3a93b
2025-12-29,49,Starboy,"The Weeknd, Daft Punk",90,230453,album,18,2016-11-25,True,https://i.scdn.co/image/ab67616d0000b2734718e2b124f79258be7bc452
2025-12-29,50,That’s So True,Gracie Abrams,90,166300,album,20,2024-10-18,True,https://i.scdn.co/image/ab67616d0000b2731dac3694b3289cd903cb3acf
2025-12-30,1,The Fate of Ophelia,Taylor Swift,98,226073,album,12,2025-10-03,False,https://i.scdn.co/image/ab67616d0000b273d7812467811a7da6e6a44902
2025-12-30,2,Golden,"HUNTR/X, EJAE, AUDREY NUNA, REI AMI, KPop Demon Hunters Cast",96,194607,album,12,2025-06-20,False,https://i.scdn.co/image/ab67616d0000b2734dcb6c5df15cf74596ab25a4
2025-12-30,3,back to friends,sombr,91,199032,single,1,2024-12-27,False,https://i.scdn.co/image/ab67616d0000b2739d24f74c1e2d8a12b1e591ec
2025-12-30,4,End of Beginning,Djo,93,159245,album,13,2022-09-16,False,https://i.scdn.co/image/ab67616d0000b273fddfffec51b4580acae727c1
2025-12-30,5,Man I Need,Olivia Dean,95,184000,single,3,2025-08-15,False,https://i.scdn.co/image/ab67616d0000b273e3d69e17dde129037a1f09e2
2025-12-30,6,So Easy (To Fall In Love),Olivia Dean,94,169000,album,12,2025-09-26,False,https://i.scdn.co/image/ab67616d0000b2739a336bfb6d40bbd90a507417
2025-12-30,7,Ordinary,Alex Warren,90,186964,album,11,2024-09-26,False,https://i.scdn.co/image/ab67616d0000b27342fe69c0e7e5c92f01ece8ce
2025-12-30,8,WHERE IS MY HUSBAND!,RAYE,94,196795,single,1,2025-09-19,False,https://i.scdn.co/image/ab67616d0000b2737cc8cee5c81409833e540974
2025-12-30,9,Every Breath You Take,The Police,92,253920,album,11,1983-06-17,False,https://i.scdn.co/image/ab67616d0000b273c8e97cafeb2acb85b21a777e
2025-12-30,10,CHANEL,Tyla,91,188059,single,1,2025-10-24,True,https://i.scdn.co/image/ab67616d0000b27336e063ca7f0b26f63515ca57
2025-12-30,11,Die With A Smile,"Lady Gaga, Bruno Mars",90,251667,single,1,2024-08-16,False,https://i.scdn.co/image/ab67616d0000b27382ea2e9e1858aa012c57cd45
2025-12-30,12,BIRDS OF A FEATHER,Billie Eilish,93,210373,album,10,2024-05-17,False,https://i.scdn.co/image/ab67616d0000b27371d62ea7ea8a5be92d3c1f62
2025-12-30,13,dopamina,"Peso Pluma, Tito Double P",76,185326,album,15,2025-12-25,True,https://i.scdn.co/image/ab67616d0000b273a9e6a250ea86a8f387873ef9
2025-12-30,14,Gabriela,KATSEYE,92,197226,single,2,2025-06-20,False,https://i.scdn.co/image/ab67616d0000b273f8d4d00ffe09373efb13ce29
2025-12-30,15,Sedia Aku Sebelum Hujan,Idgitaf,87,230130,single,1,2025-10-08,False,https://i.scdn.co/image/ab67616d0000b2738dc8c573565969d55f9f3477
2025-12-30,16,Sailor Song,Gigi Perez,86,211978,single,1,2024-07-26,False,https://i.scdn.co/image/ab67616d0000b273e6065f209e0a01986206bd53
2025-12-30,17,Iris,The Goo Goo Dolls,91,289533,album,13,1998-01-01,False,https://i.scdn.co/image/ab67616d0000b273eda9478c39a21e1cdc6609ca
2025-12-30,18,Cuando No Era Cantante,"El Bogueto, Yung Beef",90,211084,album,23,2024-09-26,True,https://i.scdn.co/image/ab67616d0000b27315110c9ad66e065592cc3496
2025-12-30,19,Posso Até Não Te Dar Flores,"DJ Japa NK, MC Meno K, MC Ryan SP, Mc Jacaré, DJ DAVI DOGDOG",90,158769,single,1,2025-09-11,True,https://i.scdn.co/image/ab67616d0000b27303965d16104282739d6e0a58
2025-12-30,20,Opalite,Taylor Swift,93,235355,album,12,2025-10-03,False,https://i.scdn.co/image/ab67616d0000b273d7812467811a7da6e6a44902
2025-12-30,21,DtMF,Bad Bunny,92,237117,album,17,2025-01-05,True,https://i.scdn.co/image/ab67616d0000b273bbd45c8d36e0e045ef640411
2025-12-30,22,I Thought I Saw Your Face Today,She & Him,87,170333,album,13,2008-03-18,False,https://i.scdn.co/image/ab67616d0000b273a47c6d8a934b4833c0916cc9
2025-12-30,23,BAILE INoLVIDABLE,Bad Bunny,91,367725,album,17,2025-01-05,True,https://i.scdn.co/image/ab67616d0000b273bbd45c8d36e0e045ef640411
2025-12-30,24,Who,Jimin,85,170887,album,7,2024-07-19,False,https://i.scdn.co/image/ab67616d0000b273f02c451189a709b9a952aaec
2025-12-30,25,Sweater Weather,The Neighbourhood,91,240400,album,11,2013-04-22,False,https://i.scdn.co/image/ab67616d0000b2738265a736a1eb838ad5a0b921
2025-12-30,26,Lush Life,Zara Larsson,1,201122,single,1,2015-06-09,False,https://i.scdn.co/image/ab67616d0000b2736eaa0691ac9d790b41d21a91
2025-12-30,27,Running Up That Hill (A Deal With God),Kate Bush,8,298933,album,12,1985-01-01,False,https://i.scdn.co/image/ab67616d0000b27396ab64f52273635308b6bf27
2025-12-30,28,Don’t Say You Love Me,Jin,86,180716,album,7,2025-05-16,False,https://i.scdn.co/image/ab67616d0000b27389228504f700641956e29f5d
2025-12-30,29,"One Of The Girls (with JENNIE, Lily Rose Depp)","The Weeknd, JENNIE, Lily-Rose Depp",91,244684,single,3,2023-06-23,False,https://i.scdn.co/image/ab67616d0000b273b0dd6a5cd1dec96c4119c262
2025-12-30,30,Cuando No Era Cantante - Remix,"El Bogueto, Anuel AA, Fuerza Regida, Yung Beef",86,327488,single,1,2025-12-10,True,https://i.scdn.co/image/ab67616d0000b27376ca2bb969e79a911090df63
2025-12-30,31,Creep,Radiohead,91,238640,album,12,1993-02-22,True,https://i.scdn.co/image/ab67616d0000b273ec548c00d3ac2f10be73366d
2025-12-30,32,WILDFLOWER,Billie Eilish,91,261466,album,10,2024-05-17,False,https://i.scdn.co/image/ab67616d0000b27371d62ea7ea8a5be92d3c1f62
2025-12-30,33,No Broke Boys,"Disco Lines, Tinashe",91,163994,single,1,2025-06-06,True,https://i.scdn.co/image/ab67616d0000b2735dcede7ece7b2cb72cee4eee
2025-12-30,34,I Wanna Be Yours,Arctic Monkeys,91,183956,album,12,2013-09-09,False,https://i.scdn.co/image/ab67616d0000b2734ae1c4c5c45aabe565499163
2025-12-30,35,Beautiful Things,Benson Boone,88,180304,album,15,2024-04-05,False,https://i.scdn.co/image/ab67616d0000b273cc04ff3e70e146ba9abacf40
2025-12-30,36,Phantom,"EsDeeKid, Rico Ace",89,109759,album,11,2025-06-20,True,https://i.scdn.co/image/ab67616d0000b273b340c3c62478b6961d7f3c34
2025-12-30,37,Manchild,Sabrina Carpenter,84,213645,single,1,2025-06-05,True,https://i.scdn.co/image/ab67616d0000b273062c6573009fdebd43de443b
2025-12-30,38,Last Christmas,Wham!,98,262960,single,3,1984-11-29,False,https://i.scdn.co/image/ab67616d0000b273f2d2adaa21ad616df6241e7d
2025-12-30,39,Love Me Not,Ravyn Lenae,87,213466,album,11,2024-08-09,False,https://i.scdn.co/image/ab67616d0000b273ef985ba96e76a9574cc68a30
2025-12-30,40,APT.,"ROSÉ, Bruno Mars",83,169917,album,12,2024-12-06,False,https://i.scdn.co/image/ab67616d0000b2735074bd0894cb1340b8d8a678
2025-12-30,41,La Plena - W Sound 05,"W Sound, Beéle, Ovy On The Drums",88,150001,single,1,2025-02-19,True,https://i.scdn.co/image/ab67616d0000b2734740100d84f3667f1eae6870
2025-12-30,42,Raindance (feat. Tems),"Dave, Tems",87,219743,album,10,2025-10-23,True,https://i.scdn.co/image/ab67616d0000b273fecaa7826bb0cbe139a8cb83
2025-12-30,43,Espresso,Sabrina Carpenter,85,175459,album,12,2024-08-23,True,https://i.scdn.co/image/ab67616d0000b273fd8d7a8d96871e791cb1f626
2025-12-30,44,That’s So True,Gracie Abrams,89,166300,album,20,2024-10-18,True,https://i.scdn.co/image/ab67616d0000b2731dac3694b3289cd903cb3acf
2025-12-30,45,Sparks,Coldplay,90,227093,album,10,2000-07-10,False,https://i.scdn.co/image/ab67616d0000b2739164bafe9aaa168d93f4816a
2025-12-30,46,12 to 12,sombr,87,242903,album,10,2025-08-22,False,https://i.scdn.co/image/ab67616d0000b273d2eb391e0b3c3bc21c127db6
2025-12-30,47,The Night We Met,Lord Huron,89,208211,album,14,2015-04-06,False,https://i.scdn.co/image/ab67616d0000b27317875a0610c23d8946454583
2025-12-30,48,Yellow,Coldplay,90,266773,album,10,2000-07-10,False,https://i.scdn.co/image/ab67616d0000b2739164bafe9aaa168d93f4816a
2025-12-30,49,Starboy,"The Weeknd, Daft Punk",90,230453,album,18,2016-11-25,True,https://i.scdn.co/image/ab67616d0000b2734718e2b124f79258be7bc452
2025-12-30,50,All I Want for Christmas Is You,Mariah Carey,100,241562,album,10,1994-10-28,False,https://i.scdn.co/image/ab67616d0000b273c0862332847213b151ffab31
2025-12-31,1,The Fate of Ophelia,Taylor Swift,98,226073,album,12,2025-10-03,False,https://i.scdn.co/image/ab67616d0000b273d7812467811a7da6e6a44902
2025-12-31,2,Golden,"HUNTR/X, EJAE, AUDREY NUNA, REI AMI, KPop Demon Hunters Cast",96,194607,album,12,2025-06-20,False,https://i.scdn.co/image/ab67616d0000b2734dcb6c5df15cf74596ab25a4
2025-12-31,3,End of Beginning,Djo,93,159245,album,13,2022-09-16,False,https://i.scdn.co/image/ab67616d0000b273fddfffec51b4580acae727c1
2025-12-31,4,Man I Need,Olivia Dean,95,184000,single,3,2025-08-15,False,https://i.scdn.co/image/ab67616d0000b273e3d69e17dde129037a1f09e2
2025-12-31,5,back to friends,sombr,90,199032,album,10,2025-08-22,False,https://i.scdn.co/image/ab67616d0000b273d2eb391e0b3c3bc21c127db6
2025-12-31,6,So Easy (To Fall In Love),Olivia Dean,94,169000,album,12,2025-09-26,False,https://i.scdn.co/image/ab67616d0000b2739a336bfb6d40bbd90a507417
2025-12-31,7,WHERE IS MY HUSBAND!,RAYE,94,196795,single,1,2025-09-19,False,https://i.scdn.co/image/ab67616d0000b2737cc8cee5c81409833e540974
2025-12-31,8,Ordinary,Alex Warren,90,186964,album,11,2024-09-26,False,https://i.scdn.co/image/ab67616d0000b27342fe69c0e7e5c92f01ece8ce
2025-12-31,9,CHANEL,Tyla,91,188059,single,1,2025-10-24,True,https://i.scdn.co/image/ab67616d0000b27336e063ca7f0b26f63515ca57
2025-12-31,10,Every Breath You Take,The Police,92,253920,album,11,1983-06-17,False,https://i.scdn.co/image/ab67616d0000b273c8e97cafeb2acb85b21a777e
2025-12-31,11,BIRDS OF A FEATHER,Billie Eilish,94,210373,album,10,2024-05-17,False,https://i.scdn.co/image/ab67616d0000b27371d62ea7ea8a5be92d3c1f62
2025-12-31,12,Die With A Smile,"Lady Gaga, Bruno Mars",91,251667,single,1,2024-08-16,False,https://i.scdn.co/image/ab67616d0000b27382ea2e9e1858aa012c57cd45
2025-12-31,13,dopamina,"Peso Pluma, Tito Double P",78,185326,album,15,2025-12-25,True,https://i.scdn.co/image/ab67616d0000b273a9e6a250ea86a8f387873ef9
2025-12-31,14,Gabriela,KATSEYE,92,197226,single,2,2025-06-20,False,https://i.scdn.co/image/ab67616d0000b273f8d4d00ffe09373efb13ce29
2025-12-31,15,Sailor Song,Gigi Perez,87,211978,single,1,2024-07-26,False,https://i.scdn.co/image/ab67616d0000b273e6065f209e0a01986206bd53
2025-12-31,16,Iris,The Goo Goo Dolls,92,289533,album,13,1998-01-01,False,https://i.scdn.co/image/ab67616d0000b273eda9478c39a21e1cdc6609ca
2025-12-31,17,Cuando No Era Cantante,"El Bogueto, Yung Beef",90,211084,album,23,2024-09-26,True,https://i.scdn.co/image/ab67616d0000b27315110c9ad66e065592cc3496
2025-12-31,18,Opalite,Taylor Swift,93,235355,album,12,2025-10-03,False,https://i.scdn.co/image/ab67616d0000b273d7812467811a7da6e6a44902
2025-12-31,19,Lush Life,Zara Larsson,1,201122,single,1,2015-06-09,False,https://i.scdn.co/image/ab67616d0000b2736eaa0691ac9d790b41d21a91
2025-12-31,20,DtMF,Bad Bunny,92,237117,album,17,2025-01-05,True,https://i.scdn.co/image/ab67616d0000b273bbd45c8d36e0e045ef640411
2025-12-31,21,Sedia Aku Sebelum Hujan,Idgitaf,88,230130,single,1,2025-10-08,False,https://i.scdn.co/image/ab67616d0000b2738dc8c573565969d55f9f3477
2025-12-31,22,Sweater Weather,The Neighbourhood,91,240400,album,11,2013-04-22,False,https://i.scdn.co/image/ab67616d0000b2738265a736a1eb838ad5a0b921
2025-12-31,23,BAILE INoLVIDABLE,Bad Bunny,92,367725,album,17,2025-01-05,True,https://i.scdn.co/image/ab67616d0000b273bbd45c8d36e0e045ef640411
2025-12-31,24,I Thought I Saw Your Face Today,She & Him,87,170333,album,13,2008-03-18,False,https://i.scdn.co/image/ab67616d0000b273a47c6d8a934b4833c0916cc9
2025-12-31,25,Running Up That Hill (A Deal With God),Kate Bush,8,298933,album,12,1985-01-01,False,https://i.scdn.co/image/ab67616d0000b27396ab64f52273635308b6bf27
2025-12-31,26,Posso Até Não Te Dar Flores,"DJ Japa NK, MC Meno K, MC Ryan SP, Mc Jacaré, DJ DAVI DOGDOG",91,158769,single,1,2025-09-11,True,https://i.scdn.co/image/ab67616d0000b27303965d16104282739d6e0a58
2025-12-31,27,No Broke Boys,"Disco Lines, Tinashe",91,163994,single,1,2025-06-06,True,https://i.scdn.co/image/ab67616d0000b2735dcede7ece7b2cb72cee4eee
2025-12-31,28,"One Of The Girls (with JENNIE, Lily Rose Depp)","The Weeknd, JENNIE, Lily-Rose Depp",91,244684,single,3,2023-06-23,False,https://i.scdn.co/image/ab67616d0000b273b0dd6a5cd1dec96c4119c262
2025-12-31,29,Who,Jimin,86,170887,album,7,2024-07-19,False,https://i.scdn.co/image/ab67616d0000b273f02c451189a709b9a952aaec
2025-12-31,30,Beautiful Things,Benson Boone,88,180304,album,15,2024-04-05,False,https://i.scdn.co/image/ab67616d0000b273cc04ff3e70e146ba9abacf40
2025-12-31,31,Don’t Say You Love Me,Jin,86,180716,album,7,2025-05-16,False,https://i.scdn.co/image/ab67616d0000b27389228504f700641956e29f5d
2025-12-31,32,Cuando No Era Cantante - Remix,"El Bogueto, Anuel AA, Fuerza Regida, Yung Beef",87,327488,single,1,2025-12-10,True,https://i.scdn.co/image/ab67616d0000b27376ca2bb969e79a911090df63
2025-12-31,33,Love Me Not,Ravyn Lenae,87,213466,album,11,2024-08-09,False,https://i.scdn.co/image/ab67616d0000b273ef985ba96e76a9574cc68a30
2025-12-31,34,Manchild,Sabrina Carpenter,84,213645,single,1,2025-06-05,True,https://i.scdn.co/image/ab67616d0000b273062c6573009fdebd43de443b
2025-12-31,35,WILDFLOWER,Billie Eilish,92,261466,album,10,2024-05-17,False,https://i.scdn.co/image/ab67616d0000b27371d62ea7ea8a5be92d3c1f62
2025-12-31,36,bckpckbyz,"Peso Pluma, Tito Double P",76,223640,album,15,2025-12-25,True,https://i.scdn.co/image/ab67616d0000b273a9e6a250ea86a8f387873ef9
2025-12-31,37,APT.,"ROSÉ, Bruno Mars",83,169917,album,12,2024-12-06,False,https://i.scdn.co/image/ab67616d0000b2735074bd0894cb1340b8d8a678
2025-12-31,38,12 to 12,sombr,88,242903,album,10,2025-08-22,False,https://i.scdn.co/image/ab67616d0000b273d2eb391e0b3c3bc21c127db6
2025-12-31,39,I Wanna Be Yours,Arctic Monkeys,91,183956,album,12,2013-09-09,False,https://i.scdn.co/image/ab67616d0000b2734ae1c4c5c45aabe565499163
2025-12-31,40,La Plena - W Sound 05,"W Sound, Beéle, Ovy On The Drums",88,150001,single,1,2025-02-19,True,https://i.scdn.co/image/ab67616d0000b2734740100d84f3667f1eae6870
2025-12-31,41,Creep,Radiohead,91,238640,album,12,1993-02-22,True,https://i.scdn.co/image/ab67616d0000b273ec548c00d3ac2f10be73366d
2025-12-31,42,Espresso,Sabrina Carpenter,85,175459,album,12,2024-08-23,True,https://i.scdn.co/image/ab67616d0000b273fd8d7a8d96871e791cb1f626
2025-12-31,43,The Night We Met,Lord Huron,89,208211,album,14,2015-04-06,False,https://i.scdn.co/image/ab67616d0000b27317875a0610c23d8946454583
2025-12-31,44,Yellow,Coldplay,90,266773,album,10,2000-07-10,False,https://i.scdn.co/image/ab67616d0000b2739164bafe9aaa168d93f4816a
2025-12-31,45,Phantom,"EsDeeKid, Rico Ace",90,109759,album,11,2025-06-20,True,https://i.scdn.co/image/ab67616d0000b273b340c3c62478b6961d7f3c34
2025-12-31,46,Raindance (feat. Tems),"Dave, Tems",87,219743,album,10,2025-10-23,True,https://i.scdn.co/image/ab67616d0000b273fecaa7826bb0cbe139a8cb83
2025-12-31,47,Sparks,Coldplay,90,227093,album,10,2000-07-10,False,https://i.scdn.co/image/ab67616d0000b2739164bafe9aaa168d93f4816a
2025-12-31,48,La Perla,"ROSALÍA, Yahritza Y Su Esencia",91,195546,album,15,2025-11-07,True,https://i.scdn.co/image/ab67616d0000b27393ee2e2f2dfb7de9befcc164
2025-12-31,49,That’s So True,Gracie Abrams,90,166300,album,20,2024-10-18,True,https://i.scdn.co/image/ab67616d0000b2731dac3694b3289cd903cb3acf
2025-12-31,50,Lose Control,Teddy Swims,88,210688,album,10,2023-09-15,False,https://i.scdn.co/image/ab67616d0000b2731a0323cc23419360a34a3ace
2026-01-01,1,The Fate of Ophelia,Taylor Swift,98,226073,album,12,2025-10-03,False,https://i.scdn.co/image/ab67616d0000b273d7812467811a7da6e6a44902
2026-01-01,2,End of Beginning,Djo,94,159245,album,13,2022-09-16,False,https://i.scdn.co/image/ab67616d0000b273fddfffec51b4580acae727c1
2026-01-01,3,Golden,"HUNTR/X, EJAE, AUDREY NUNA, REI AMI, KPop Demon Hunters Cast",97,194607,album,12,2025-06-20,False,https://i.scdn.co/image/ab67616d0000b2734dcb6c5df15cf74596ab25a4
2026-01-01,4,back to friends,sombr,91,199032,album,10,2025-08-22,False,https://i.scdn.co/image/ab67616d0000b273d2eb391e0b3c3bc21c127db6
2026-01-01,5,Man I Need,Olivia Dean,96,184000,single,3,2025-08-15,False,https://i.scdn.co/image/ab67616d0000b273e3d69e17dde129037a1f09e2
2026-01-01,6,So Easy (To Fall In Love),Olivia Dean,95,169000,album,12,2025-09-26,False,https://i.scdn.co/image/ab67616d0000b2739a336bfb6d40bbd90a507417
2026-01-01,7,Ordinary,Alex Warren,91,186964,album,11,2024-09-26,False,https://i.scdn.co/image/ab67616d0000b27342fe69c0e7e5c92f01ece8ce
2026-01-01,8,WHERE IS MY HUSBAND!,RAYE,94,196795,single,1,2025-09-19,False,https://i.scdn.co/image/ab67616d0000b2737cc8cee5c81409833e540974
2026-01-01,9,Every Breath You Take,The Police,93,253920,album,11,1983-06-17,False,https://i.scdn.co/image/ab67616d0000b273c8e97cafeb2acb85b21a777e
2026-01-01,10,CHANEL,Tyla,92,188059,single,1,2025-10-24,True,https://i.scdn.co/image/ab67616d0000b27336e063ca7f0b26f63515ca57
2026-01-01,11,Die With A Smile,"Lady Gaga, Bruno Mars",91,251667,single,1,2024-08-16,False,https://i.scdn.co/image/ab67616d0000b27382ea2e9e1858aa012c57cd45
2026-01-01,12,BIRDS OF A FEATHER,Billie Eilish,94,210373,album,10,2024-05-17,False,https://i.scdn.co/image/ab67616d0000b27371d62ea7ea8a5be92d3c1f62
2026-01-01,13,Cuando No Era Cantante,"El Bogueto, Yung Beef",90,211084,album,23,2024-09-26,True,https://i.scdn.co/image/ab67616d0000b27315110c9ad66e065592cc3496
2026-01-01,14,Gabriela,KATSEYE,92,197226,single,2,2025-06-20,False,https://i.scdn.co/image/ab67616d0000b273f8d4d00ffe09373efb13ce29
2026-01-01,15,Lush Life,Zara Larsson,1,201122,single,1,2015-06-09,False,https://i.scdn.co/image/ab67616d0000b2736eaa0691ac9d790b41d21a91
2026-01-01,16,Iris,The Goo Goo Dolls,92,289533,album,13,1998-01-01,False,https://i.scdn.co/image/ab67616d0000b273eda9478c39a21e1cdc6609ca
2026-01-01,17,dopamina,"Peso Pluma, Tito Double P",80,185326,album,15,2025-12-25,True,https://i.scdn.co/image/ab67616d0000b273a9e6a250ea86a8f387873ef9
2026-01-01,18,Sailor Song,Gigi Perez,87,211978,single,1,2024-07-26,False,https://i.scdn.co/image/ab67616d0000b273e6065f209e0a01986206bd53
2026-01-01,19,Opalite,Taylor Swift,93,235355,album,12,2025-10-03,False,https://i.scdn.co/image/ab67616d0000b273d7812467811a7da6e6a44902
2026-01-01,20,Posso Até Não Te Dar Flores,"DJ Japa NK, MC Meno K, MC Ryan SP, Mc Jacaré, DJ DAVI DOGDOG",91,158769,single,1,2025-09-11,True,https://i.scdn.co/image/ab67616d0000b27303965d16104282739d6e0a58
2026-01-01,21,DtMF,Bad Bunny,92,237117,album,17,2025-01-05,True,https://i.scdn.co/image/ab67616d0000b273bbd45c8d36e0e045ef640411
2026-01-01,22,Sweater Weather,The Neighbourhood,91,240400,album,11,2013-04-22,False,https://i.scdn.co/image/ab67616d0000b2738265a736a1eb838ad5a0b921
2026-01-01,23,No Broke Boys,"Disco Lines, Tinashe",92,163994,single,1,2025-06-06,True,https://i.scdn.co/image/ab67616d0000b2735dcede7ece7b2cb72cee4eee
2026-01-01,24,Running Up That Hill (A Deal With God),Kate Bush,8,298933,album,12,1985-01-01,False,https://i.scdn.co/image/ab67616d0000b27396ab64f52273635308b6bf27
2026-01-01,25,BAILE INoLVIDABLE,Bad Bunny,92,367725,album,17,2025-01-05,True,https://i.scdn.co/image/ab67616d0000b273bbd45c8d36e0e045ef640411
2026-01-01,26,I Thought I Saw Your Face Today,She & Him,88,170333,album,13,2008-03-18,False,https://i.scdn.co/image/ab67616d0000b273a47c6d8a934b4833c0916cc9
2026-01-01,27,Sedia Aku Sebelum Hujan,Idgitaf,88,230130,single,1,2025-10-08,False,https://i.scdn.co/image/ab67616d0000b2738dc8c573565969d55f9f3477
2026-01-01,28,Beautiful Things,Benson Boone,88,180304,album,15,2024-04-05,False,https://i.scdn.co/image/ab67616d0000b273cc04ff3e70e146ba9abacf40
2026-01-01,29,"One Of The Girls (with JENNIE, Lily Rose Depp)","The Weeknd, JENNIE, Lily-Rose Depp",91,244684,single,3,2023-06-23,False,https://i.scdn.co/image/ab67616d0000b273b0dd6a5cd1dec96c4119c262
2026-01-01,30,Espresso,Sabrina Carpenter,86,175459,album,12,2024-08-23,True,https://i.scdn.co/image/ab67616d0000b273fd8d7a8d96871e791cb1f626
2026-01-01,31,Cuando No Era Cantante - Remix,"El Bogueto, Anuel AA, Fuerza Regida, Yung Beef",87,327488,single,1,2025-12-10,True,https://i.scdn.co/image/ab67616d0000b27376ca2bb969e79a911090df63
2026-01-01,32,Who,Jimin,86,170887,album,7,2024-07-19,False,https://i.scdn.co/image/ab67616d0000b273f02c451189a709b9a952aaec
2026-01-01,33,Love Me Not,Ravyn Lenae,87,213466,album,11,2024-08-09,False,https://i.scdn.co/image/ab67616d0000b273ef985ba96e76a9574cc68a30
2026-01-01,34,Manchild,Sabrina Carpenter,84,213645,single,1,2025-06-05,True,https://i.scdn.co/image/ab67616d0000b273062c6573009fdebd43de443b
2026-01-01,35,APT.,"ROSÉ, Bruno Mars",83,169917,album,12,2024-12-06,False,https://i.scdn.co/image/ab67616d0000b2735074bd0894cb1340b8d8a678
2026-01-01,36,Don’t Say You Love Me,Jin,86,180716,album,7,2025-05-16,False,https://i.scdn.co/image/ab67616d0000b27389228504f700641956e29f5d
2026-01-01,37,La Plena - W Sound 05,"W Sound, Beéle, Ovy On The Drums",89,150001,single,1,2025-02-19,True,https://i.scdn.co/image/ab67616d0000b2734740100d84f3667f1eae6870
2026-01-01,38,The Night We Met,Lord Huron,89,208211,album,14,2015-04-06,False,https://i.scdn.co/image/ab67616d0000b27317875a0610c23d8946454583
2026-01-01,39,12 to 12,sombr,88,242903,album,10,2025-08-22,False,https://i.scdn.co/image/ab67616d0000b273d2eb391e0b3c3bc21c127db6
2026-01-01,40,Raindance (feat. Tems),"Dave, Tems",88,219743,album,10,2025-10-23,True,https://i.scdn.co/image/ab67616d0000b273fecaa7826bb0cbe139a8cb83
2026-01-01,41,Creep,Radiohead,91,238640,album,12,1993-02-22,True,https://i.scdn.co/image/ab67616d0000b273ec548c00d3ac2f10be73366d
2026-01-01,42,I Wanna Be Yours,Arctic Monkeys,91,183956,album,12,2013-09-09,False,https://i.scdn.co/image/ab67616d0000b2734ae1c4c5c45aabe565499163
2026-01-01,43,WILDFLOWER,Billie Eilish,92,261466,album,10,2024-05-17,False,https://i.scdn.co/image/ab67616d0000b27371d62ea7ea8a5be92d3c1f62
2026-01-01,44,That’s So True,Gracie Abrams,90,166300,album,20,2024-10-18,True,https://i.scdn.co/image/ab67616d0000b2731dac3694b3289cd903cb3acf
2026-01-01,45,Starboy,"The Weeknd, Daft Punk",90,230453,album,18,2016-11-25,True,https://i.scdn.co/image/ab67616d0000b2734718e2b124f79258be7bc452
2026-01-01,46,One Dance,"Drake, Wizkid, Kyla",89,173986,album,20,2016-05-06,False,https://i.scdn.co/image/ab67616d0000b2739416ed64daf84936d89e671c
2026-01-01,47,Lose Control,Teddy Swims,89,210688,album,10,2023-09-15,False,https://i.scdn.co/image/ab67616d0000b2731a0323cc23419360a34a3ace
2026-01-01,48,La Perla,"ROSALÍA, Yahritza Y Su Esencia",91,195546,album,15,2025-11-07,True,https://i.scdn.co/image/ab67616d0000b27393ee2e2f2dfb7de9befcc164
2026-01-01,49,Phantom,"EsDeeKid, Rico Ace",90,109759,album,11,2025-06-20,True,https://i.scdn.co/image/ab67616d0000b273b340c3c62478b6961d7f3c34
2026-01-01,50,Yellow,Coldplay,90,266773,album,10,2000-07-10,False,https://i.scdn.co/image/ab67616d0000b2739164bafe9aaa168d93f4816a
2026-01-02,1,The Fate of Ophelia,Taylor Swift,99,226073,album,12,2025-10-03,False,https://i.scdn.co/image/ab67616d0000b273d7812467811a7da6e6a44902
2026-01-02,2,Golden,"HUNTR/X, EJAE, AUDREY NUNA, REI AMI, KPop Demon Hunters Cast",97,194607,album,12,2025-06-20,False,https://i.scdn.co/image/ab67616d0000b2734dcb6c5df15cf74596ab25a4
2026-01-02,3,End of Beginning,Djo,94,159245,album,13,2022-09-16,False,https://i.scdn.co/image/ab67616d0000b273fddfffec51b4580acae727c1
2026-01-02,4,Man I Need,Olivia Dean,96,184000,single,3,2025-08-15,False,https://i.scdn.co/image/ab67616d0000b273e3d69e17dde129037a1f09e2
2026-01-02,5,WHERE IS MY HUSBAND!,RAYE,94,196795,single,1,2025-09-19,False,https://i.scdn.co/image/ab67616d0000b2737cc8cee5c81409833e540974
2026-01-02,6,No Broke Boys,"Disco Lines, Tinashe",92,163994,single,1,2025-06-06,True,https://i.scdn.co/image/ab67616d0000b2735dcede7ece7b2cb72cee4eee
2026-01-02,7,back to friends,sombr,91,199032,album,10,2025-08-22,False,https://i.scdn.co/image/ab67616d0000b273d2eb391e0b3c3bc21c127db6
2026-01-02,8,CHANEL,Tyla,92,188059,single,1,2025-10-24,True,https://i.scdn.co/image/ab67616d0000b27336e063ca7f0b26f63515ca57
2026-01-02,9,So Easy (To Fall In Love),Olivia Dean,95,169000,album,12,2025-09-26,False,https://i.scdn.co/image/ab67616d0000b2739a336bfb6d40bbd90a507417
2026-01-02,10,Ordinary,Alex Warren,91,186964,album,11,2024-09-26,False,https://i.scdn.co/image/ab67616d0000b27342fe69c0e7e5c92f01ece8ce
2026-01-02,11,Every Breath You Take,The Police,93,253920,album,11,1983-06-17,False,https://i.scdn.co/image/ab67616d0000b273c8e97cafeb2acb85b21a777e
2026-01-02,12,APT.,"ROSÉ, Bruno Mars",84,169917,album,12,2024-12-06,False,https://i.scdn.co/image/ab67616d0000b2735074bd0894cb1340b8d8a678
2026-01-02,13,BIRDS OF A FEATHER,Billie Eilish,94,210373,album,10,2024-05-17,False,https://i.scdn.co/image/ab67616d0000b27371d62ea7ea8a5be92d3c1f62
2026-01-02,14,Die With A Smile,"Lady Gaga, Bruno Mars",91,251667,single,1,2024-08-16,False,https://i.scdn.co/image/ab67616d0000b27382ea2e9e1858aa012c57cd45
2026-01-02,15,Espresso,Sabrina Carpenter,86,175459,album,12,2024-08-23,True,https://i.scdn.co/image/ab67616d0000b273fd8d7a8d96871e791cb1f626
2026-01-02,16,Lush Life,Zara Larsson,1,201122,single,1,2015-06-09,False,https://i.scdn.co/image/ab67616d0000b2736eaa0691ac9d790b41d21a91
2026-01-02,17,Posso Até Não Te Dar Flores,"DJ Japa NK, MC Meno K, MC Ryan SP, Mc Jacaré, DJ DAVI DOGDOG",91,158769,single,1,2025-09-11,True,https://i.scdn.co/image/ab67616d0000b27303965d16104282739d6e0a58
2026-01-02,18,Opalite,Taylor Swift,93,235355,album,12,2025-10-03,False,https://i.scdn.co/image/ab67616d0000b273d7812467811a7da6e6a44902
2026-01-02,19,DtMF,Bad Bunny,92,237117,album,17,2025-01-05,True,https://i.scdn.co/image/ab67616d0000b273bbd45c8d36e0e045ef640411
2026-01-02,20,Gabriela,KATSEYE,93,197226,single,2,2025-06-20,False,https://i.scdn.co/image/ab67616d0000b273f8d4d00ffe09373efb13ce29
2026-01-02,21,BAILE INoLVIDABLE,Bad Bunny,92,367725,album,17,2025-01-05,True,https://i.scdn.co/image/ab67616d0000b273bbd45c8d36e0e045ef640411
2026-01-02,22,Love Me Not,Ravyn Lenae,88,213466,album,11,2024-08-09,False,https://i.scdn.co/image/ab67616d0000b273ef985ba96e76a9574cc68a30
2026-01-02,23,Cuando No Era Cantante,"El Bogueto, Yung Beef",91,211084,album,23,2024-09-26,True,https://i.scdn.co/image/ab67616d0000b27315110c9ad66e065592cc3496
2026-01-02,24,Running Up That Hill (A Deal With God),Kate Bush,8,298933,album,12,1985-01-01,False,https://i.scdn.co/image/ab67616d0000b27396ab64f52273635308b6bf27
2026-01-02,25,12 to 12,sombr,88,242903,album,10,2025-08-22,False,https://i.scdn.co/image/ab67616d0000b273d2eb391e0b3c3bc21c127db6
2026-01-02,26,Manchild,Sabrina Carpenter,85,213645,single,1,2025-06-05,True,https://i.scdn.co/image/ab67616d0000b273062c6573009fdebd43de443b
2026-01-02,27,Sailor Song,Gigi Perez,87,211978,single,1,2024-07-26,False,https://i.scdn.co/image/ab67616d0000b273e6065f209e0a01986206bd53
2026-01-02,28,dopamina,"Peso Pluma, Tito Double P",82,185326,album,15,2025-12-25,True,https://i.scdn.co/image/ab67616d0000b273a9e6a250ea86a8f387873ef9
2026-01-02,29,Gimme! Gimme! Gimme! (A Man After Midnight),ABBA,83,292613,album,13,1979-01-01,False,https://i.scdn.co/image/ab67616d0000b273aa22899360d8ba6704732dec
2026-01-02,30,Pink Pony Club,Chappell Roan,83,258034,album,14,2023-09-21,False,https://i.scdn.co/image/ab67616d0000b273a21d22ecf823e1c90aa22d1f
2026-01-02,31,Iris,The Goo Goo Dolls,92,289533,album,13,1998-01-01,False,https://i.scdn.co/image/ab67616d0000b273eda9478c39a21e1cdc6609ca
2026-01-02,32,We Found Love,"Rihanna, Calvin Harris",61,215226,album,11,2011-01-01,False,https://i.scdn.co/image/ab67616d0000b273439c7d14cc7e91953b8ab9fd
2026-01-02,33,Blinding Lights,The Weeknd,90,200040,album,14,2020-03-20,False,https://i.scdn.co/image/ab67616d0000b2738863bc11d2aa12b54f5aeb36
2026-01-02,34,I Thought I Saw Your Face Today,She & Him,88,170333,album,13,2008-03-18,False,https://i.scdn.co/image/ab67616d0000b273a47c6d8a934b4833c0916cc9
2026-01-02,35,Beautiful Things,Benson Boone,88,180304,album,15,2024-04-05,False,https://i.scdn.co/image/ab67616d0000b273cc04ff3e70e146ba9abacf40
2026-01-02,36,Cuando No Era Cantante - Remix,"El Bogueto, Anuel AA, Fuerza Regida, Yung Beef",88,327488,single,1,2025-12-10,True,https://i.scdn.co/image/ab67616d0000b27376ca2bb969e79a911090df63
2026-01-02,37,Sweater Weather,The Neighbourhood,92,240400,album,11,2013-04-22,False,https://i.scdn.co/image/ab67616d0000b2738265a736a1eb838ad5a0b921
2026-01-02,38,Sedia Aku Sebelum Hujan,Idgitaf,88,230130,single,1,2025-10-08,False,https://i.scdn.co/image/ab67616d0000b2738dc8c573565969d55f9f3477
2026-01-02,39,I Gotta Feeling,Black Eyed Peas,83,289133,album,25,2009-01-01,False,https://i.scdn.co/image/ab67616d0000b2730bd44f5ff9ecc99f7770acc5
2026-01-02,40,Mr. Brightside,The Killers,89,222973,album,12,2004-01-01,False,https://i.scdn.co/image/ab67616d0000b273ccdddd46119a4ff53eaf1f5d
2026-01-02,41,La Plena - W Sound 05,"W Sound, Beéle, Ovy On The Drums",89,150001,single,1,2025-02-19,True,https://i.scdn.co/image/ab67616d0000b2734740100d84f3667f1eae6870
2026-01-02,42,NUEVAYoL,Bad Bunny,90,183685,album,17,2025-01-05,False,https://i.scdn.co/image/ab67616d0000b273bbd45c8d36e0e045ef640411
2026-01-02,43,That’s So True,Gracie Abrams,90,166300,album,20,2024-10-18,True,https://i.scdn.co/image/ab67616d0000b2731dac3694b3289cd903cb3acf
2026-01-02,44,P do Pecado - Ao Vivo,"Grupo Menos É Mais, Simone Mendes",84,192367,single,1,2025-04-29,False,https://i.scdn.co/image/ab67616d0000b2733eb9bb75e0b5472777ba0291
2026-01-02,45,La Perla,"ROSALÍA, Yahritza Y Su Esencia",92,195546,album,15,2025-11-07,True,https://i.scdn.co/image/ab67616d0000b27393ee2e2f2dfb7de9befcc164
2026-01-02,46,Lose Control,Teddy Swims,89,210688,album,10,2023-09-15,False,https://i.scdn.co/image/ab67616d0000b2731a0323cc23419360a34a3ace
2026-01-02,47,One Dance,"Drake, Wizkid, Kyla",90,173986,album,20,2016-05-06,False,https://i.scdn.co/image/ab67616d0000b2739416ed64daf84936d89e671c
2026-01-02,48,Save Your Tears (Remix) (with Ariana Grande) - Bonus Track,"The Weeknd, Ariana Grande",84,191013,album,18,2020-03-20,False,https://i.scdn.co/image/ab67616d0000b273b5097b81179824803664aaaf
2026-01-02,49,"One Of The Girls (with JENNIE, Lily Rose Depp)","The Weeknd, JENNIE, Lily-Rose Depp",92,244684,single,3,2023-06-23,False,https://i.scdn.co/image/ab67616d0000b273b0dd6a5cd1dec96c4119c262
2026-01-02,50,Everybody Wants To Rule The World,Tears For Fears,89,251488,album,59,1985-02-25,False,https://i.scdn.co/image/ab67616d0000b27322463d6939fec9e17b2a6235
2026-01-03,1,The Fate of Ophelia,Taylor Swift,99,226073,album,12,2025-10-03,False,https://i.scdn.co/image/ab67616d0000b273d7812467811a7da6e6a44902
2026-01-03,2,End of Beginning,Djo,95,159245,album,13,2022-09-16,False,https://i.scdn.co/image/ab67616d0000b273fddfffec51b4580acae727c1
2026-01-03,3,Golden,"HUNTR/X, EJAE, AUDREY NUNA, REI AMI, KPop Demon Hunters Cast",97,194607,album,12,2025-06-20,False,https://i.scdn.co/image/ab67616d0000b2734dcb6c5df15cf74596ab25a4
2026-01-03,4,Man I Need,Olivia Dean,96,184000,single,3,2025-08-15,False,https://i.scdn.co/image/ab67616d0000b273e3d69e17dde129037a1f09e2
2026-01-03,5,back to friends,sombr,91,199032,album,10,2025-08-22,False,https://i.scdn.co/image/ab67616d0000b273d2eb391e0b3c3bc21c127db6
2026-01-03,6,WHERE IS MY HUSBAND!,RAYE,95,196795,single,1,2025-09-19,False,https://i.scdn.co/image/ab67616d0000b2737cc8cee5c81409833e540974
2026-01-03,7,Every Breath You Take,The Police,93,253920,album,11,1983-06-17,False,https://i.scdn.co/image/ab67616d0000b273c8e97cafeb2acb85b21a777e
2026-01-03,8,Ordinary,Alex Warren,91,186964,album,11,2024-09-26,False,https://i.scdn.co/image/ab67616d0000b27342fe69c0e7e5c92f01ece8ce
2026-01-03,9,So Easy (To Fall In Love),Olivia Dean,95,169000,album,12,2025-09-26,False,https://i.scdn.co/image/ab67616d0000b2739a336bfb6d40bbd90a507417
2026-01-03,10,CHANEL,Tyla,92,188059,single,1,2025-10-24,True,https://i.scdn.co/image/ab67616d0000b27336e063ca7f0b26f63515ca57
2026-01-03,11,Posso Até Não Te Dar Flores,"DJ Japa NK, MC Meno K, MC Ryan SP, Mc Jacaré, DJ DAVI DOGDOG",92,158769,single,1,2025-09-11,True,https://i.scdn.co/image/ab67616d0000b27303965d16104282739d6e0a58
2026-01-03,12,BIRDS OF A FEATHER,Billie Eilish,95,210373,album,10,2024-05-17,False,https://i.scdn.co/image/ab67616d0000b27371d62ea7ea8a5be92d3c1f62
2026-01-03,13,No Broke Boys,"Disco Lines, Tinashe",93,163994,single,1,2025-06-06,True,https://i.scdn.co/image/ab67616d0000b2735dcede7ece7b2cb72cee4eee
2026-01-03,14,P do Pecado - Ao Vivo,"Grupo Menos É Mais, Simone Mendes",84,192367,single,1,2025-04-29,False,https://i.scdn.co/image/ab67616d0000b2733eb9bb75e0b5472777ba0291
2026-01-03,15,BAILE INoLVIDABLE,Bad Bunny,92,367725,album,17,2025-01-05,True,https://i.scdn.co/image/ab67616d0000b273bbd45c8d36e0e045ef640411
2026-01-03,16,Die With A Smile,"Lady Gaga, Bruno Mars",91,251667,single,1,2024-08-16,False,https://i.scdn.co/image/ab67616d0000b27382ea2e9e1858aa012c57cd45
2026-01-03,17,DtMF,Bad Bunny,93,237117,album,17,2025-01-05,True,https://i.scdn.co/image/ab67616d0000b273bbd45c8d36e0e045ef640411
2026-01-03,18,APT.,"ROSÉ, Bruno Mars",84,169917,album,12,2024-12-06,False,https://i.scdn.co/image/ab67616d0000b2735074bd0894cb1340b8d8a678
2026-01-03,19,Espresso,Sabrina Carpenter,87,175459,album,12,2024-08-23,True,https://i.scdn.co/image/ab67616d0000b273fd8d7a8d96871e791cb1f626
2026-01-03,20,Sailor Song,Gigi Perez,87,211978,single,1,2024-07-26,False,https://i.scdn.co/image/ab67616d0000b273e6065f209e0a01986206bd53
2026-01-03,21,Running Up That Hill (A Deal With God),Kate Bush,8,298933,album,12,1985-01-01,False,https://i.scdn.co/image/ab67616d0000b27396ab64f52273635308b6bf27
2026-01-03,22,Lush Life,Zara Larsson,2,201122,single,1,2015-06-09,False,https://i.scdn.co/image/ab67616d0000b2736eaa0691ac9d790b41d21a91
2026-01-03,23,I Thought I Saw Your Face Today,She & Him,89,170333,album,13,2008-03-18,False,https://i.scdn.co/image/ab67616d0000b273a47c6d8a934b4833c0916cc9
2026-01-03,24,dopamina,"Peso Pluma, Tito Double P",84,185326,album,15,2025-12-25,True,https://i.scdn.co/image/ab67616d0000b273a9e6a250ea86a8f387873ef9
2026-01-03,25,Cuando No Era Cantante,"El Bogueto, Yung Beef",91,211084,album,23,2024-09-26,True,https://i.scdn.co/image/ab67616d0000b27315110c9ad66e065592cc3496
2026-01-03,26,Gabriela,KATSEYE,93,197226,single,2,2025-06-20,False,https://i.scdn.co/image/ab67616d0000b273f8d4d00ffe09373efb13ce29
2026-01-03,27,Opalite,Taylor Swift,94,235355,album,12,2025-10-03,False,https://i.scdn.co/image/ab67616d0000b273d7812467811a7da6e6a44902
2026-01-03,28,Iris,The Goo Goo Dolls,92,289533,album,13,1998-01-01,False,https://i.scdn.co/image/ab67616d0000b273eda9478c39a21e1cdc6609ca
2026-01-03,29,Love Me Not,Ravyn Lenae,88,213466,album,11,2024-08-09,False,https://i.scdn.co/image/ab67616d0000b273ef985ba96e76a9574cc68a30
2026-01-03,30,Pink Pony Club,Chappell Roan,83,258034,album,14,2023-09-21,False,https://i.scdn.co/image/ab67616d0000b273a21d22ecf823e1c90aa22d1f
2026-01-03,31,Sedia Aku Sebelum Hujan,Idgitaf,89,230130,single,1,2025-10-08,False,https://i.scdn.co/image/ab67616d0000b2738dc8c573565969d55f9f3477
2026-01-03,32,Who,Jimin,87,170887,album,7,2024-07-19,False,https://i.scdn.co/image/ab67616d0000b273f02c451189a709b9a952aaec
2026-01-03,33,Eu Me Apaixonei,Vitinho Imperador,87,205714,single,1,2025-02-27,False,https://i.scdn.co/image/ab67616d0000b273781def2b7594a2cd1bf123b7
2026-01-03,34,Sweater Weather,The Neighbourhood,92,240400,album,11,2013-04-22,False,https://i.scdn.co/image/ab67616d0000b2738265a736a1eb838ad5a0b921
2026-01-03,35,Blinding Lights,The Weeknd,90,200040,album,14,2020-03-20,False,https://i.scdn.co/image/ab67616d0000b2738863bc11d2aa12b54f5aeb36
2026-01-03,36,Everybody Wants To Rule The World,Tears For Fears,89,251488,album,59,1985-02-25,False,https://i.scdn.co/image/ab67616d0000b27322463d6939fec9e17b2a6235
2026-01-03,37,Cuando No Era Cantante - Remix,"El Bogueto, Anuel AA, Fuerza Regida, Yung Beef",88,327488,single,1,2025-12-10,True,https://i.scdn.co/image/ab67616d0000b27376ca2bb969e79a911090df63
2026-01-03,38,Manchild,Sabrina Carpenter,85,213645,single,1,2025-06-05,True,https://i.scdn.co/image/ab67616d0000b273062c6573009fdebd43de443b
2026-01-03,39,Beautiful Things,Benson Boone,89,180304,album,15,2024-04-05,False,https://i.scdn.co/image/ab67616d0000b273cc04ff3e70e146ba9abacf40
2026-01-03,40,NUEVAYoL,Bad Bunny,90,183685,album,17,2025-01-05,False,https://i.scdn.co/image/ab67616d0000b273bbd45c8d36e0e045ef640411
2026-01-03,41,12 to 12,sombr,89,242903,album,10,2025-08-22,False,https://i.scdn.co/image/ab67616d0000b273d2eb391e0b3c3bc21c127db6
2026-01-03,42,Mr. Brightside,The Killers,90,222973,album,12,2004-01-01,False,https://i.scdn.co/image/ab67616d0000b273ccdddd46119a4ff53eaf1f5d
2026-01-03,43,"One Of The Girls (with JENNIE, Lily Rose Depp)","The Weeknd, JENNIE, Lily-Rose Depp",92,244684,single,3,2023-06-23,False,https://i.scdn.co/image/ab67616d0000b273b0dd6a5cd1dec96c4119c262
2026-01-03,44,Pela Última Vez - Ao Vivo,"Grupo Menos É Mais, NATTAN",81,162325,album,7,2025-10-16,False,https://i.scdn.co/image/ab67616d0000b273c89ff3434d85f33354c929b8
2026-01-03,45,I Gotta Feeling,Black Eyed Peas,84,289133,album,25,2009-01-01,False,https://i.scdn.co/image/ab67616d0000b2730bd44f5ff9ecc99f7770acc5
2026-01-03,46,Don’t Say You Love Me,Jin,87,180716,album,7,2025-05-16,False,https://i.scdn.co/image/ab67616d0000b27389228504f700641956e29f5d
2026-01-03,47,The Night We Met,Lord Huron,90,208211,album,14,2015-04-06,False,https://i.scdn.co/image/ab67616d0000b27317875a0610c23d8946454583
2026-01-03,48,Dreams - 2004 Remaster,Fleetwood Mac,90,257800,album,58,1977-02-04,False,https://i.scdn.co/image/ab67616d0000b273e52a59a28efa4773dd2bfe1b
2026-01-03,49,We Found Love,"Rihanna, Calvin Harris",62,215226,album,11,2011-01-01,False,https://i.scdn.co/image/ab67616d0000b273439c7d14cc7e91953b8ab9fd
2026-01-03,50,I Wanna Be Yours,Arctic Monkeys,92,183956,album,12,2013-09-09,False,https://i.scdn.co/image/ab67616d0000b2734ae1c4c5c45aabe565499163
2026-01-04,1,End of Beginning,Djo,95,159245,album,13,2022-09-16,False,https://i.scdn.co/image/ab67616d0000b273fddfffec51b4580acae727c1
2026-01-04,2,The Fate of Ophelia,Taylor Swift,99,226073,album,12,2025-10-03,False,https://i.scdn.co/image/ab67616d0000b273d7812467811a7da6e6a44902
2026-01-04,3,Golden,"HUNTR/X, EJAE, AUDREY NUNA, REI AMI, KPop Demon Hunters Cast",98,194607,album,12,2025-06-20,False,https://i.scdn.co/image/ab67616d0000b2734dcb6c5df15cf74596ab25a4
2026-01-04,4,Man I Need,Olivia Dean,97,184000,single,3,2025-08-15,False,https://i.scdn.co/image/ab67616d0000b273e3d69e17dde129037a1f09e2
2026-01-04,5,back to friends,sombr,92,199032,album,10,2025-08-22,False,https://i.scdn.co/image/ab67616d0000b273d2eb391e0b3c3bc21c127db6
2026-01-04,6,Every Breath You Take,The Police,94,253920,album,11,1983-06-17,False,https://i.scdn.co/image/ab67616d0000b273c8e97cafeb2acb85b21a777e
2026-01-04,7,WHERE IS MY HUSBAND!,RAYE,95,196795,single,1,2025-09-19,False,https://i.scdn.co/image/ab67616d0000b2737cc8cee5c81409833e540974
2026-01-04,8,Ordinary,Alex Warren,92,186964,album,11,2024-09-26,False,https://i.scdn.co/image/ab67616d0000b27342fe69c0e7e5c92f01ece8ce
2026-01-04,9,So Easy (To Fall In Love),Olivia Dean,95,169000,album,12,2025-09-26,False,https://i.scdn.co/image/ab67616d0000b2739a336bfb6d40bbd90a507417
2026-01-04,10,BIRDS OF A FEATHER,Billie Eilish,95,210373,album,10,2024-05-17,False,https://i.scdn.co/image/ab67616d0000b27371d62ea7ea8a5be92d3c1f62
2026-01-04,11,CHANEL,Tyla,93,188059,single,1,2025-10-24,True,https://i.scdn.co/image/ab67616d0000b27336e063ca7f0b26f63515ca57
2026-01-04,12,Lush Life,Zara Larsson,2,201122,single,1,2015-06-09,False,https://i.scdn.co/image/ab67616d0000b2736eaa0691ac9d790b41d21a91
2026-01-04,13,Internet Girl,KATSEYE,50,163831,single,2,2026-01-02,False,https://i.scdn.co/image/ab67616d0000b27376cf80e10aea7ef055e34ea3
2026-01-04,14,No Broke Boys,"Disco Lines, Tinashe",93,163994,single,1,2025-06-06,True,https://i.scdn.co/image/ab67616d0000b2735dcede7ece7b2cb72cee4eee
2026-01-04,15,Die With A Smile,"Lady Gaga, Bruno Mars",92,251667,single,1,2024-08-16,False,https://i.scdn.co/image/ab67616d0000b27382ea2e9e1858aa012c57cd45
2026-01-04,16,Gabriela,KATSEYE,93,197226,single,2,2025-06-20,False,https://i.scdn.co/image/ab67616d0000b273f8d4d00ffe09373efb13ce29
2026-01-04,17,Running Up That Hill (A Deal With God),Kate Bush,9,298933,album,12,1985-01-01,False,https://i.scdn.co/image/ab67616d0000b27396ab64f52273635308b6bf27
2026-01-04,18,Sailor Song,Gigi Perez,88,211978,single,1,2024-07-26,False,https://i.scdn.co/image/ab67616d0000b273e6065f209e0a01986206bd53
2026-01-04,19,APT.,"ROSÉ, Bruno Mars",84,169917,album,12,2024-12-06,False,https://i.scdn.co/image/ab67616d0000b2735074bd0894cb1340b8d8a678
2026-01-04,20,Cuando No Era Cantante,"El Bogueto, Yung Beef",91,211084,album,23,2024-09-26,True,https://i.scdn.co/image/ab67616d0000b27315110c9ad66e065592cc3496
2026-01-04,21,Iris,The Goo Goo Dolls,93,289533,album,13,1998-01-01,False,https://i.scdn.co/image/ab67616d0000b273eda9478c39a21e1cdc6609ca
2026-01-04,22,Opalite,Taylor Swift,94,235355,album,12,2025-10-03,False,https://i.scdn.co/image/ab67616d0000b273d7812467811a7da6e6a44902
2026-01-04,23,Espresso,Sabrina Carpenter,87,175459,album,12,2024-08-23,True,https://i.scdn.co/image/ab67616d0000b273fd8d7a8d96871e791cb1f626
2026-01-04,24,I Thought I Saw Your Face Today,She & Him,89,170333,album,13,2008-03-18,False,https://i.scdn.co/image/ab67616d0000b273a47c6d8a934b4833c0916cc9
2026-01-04,25,DtMF,Bad Bunny,93,237117,album,17,2025-01-05,True,https://i.scdn.co/image/ab67616d0000b273bbd45c8d36e0e045ef640411
2026-01-04,26,Sedia Aku Sebelum Hujan,Idgitaf,89,230130,single,1,2025-10-08,False,https://i.scdn.co/image/ab67616d0000b2738dc8c573565969d55f9f3477
2026-01-04,27,dopamina,"Peso Pluma, Tito Double P",84,185326,album,15,2025-12-25,True,https://i.scdn.co/image/ab67616d0000b273a9e6a250ea86a8f387873ef9
2026-01-04,28,BAILE INoLVIDABLE,Bad Bunny,93,367725,album,17,2025-01-05,True,https://i.scdn.co/image/ab67616d0000b273bbd45c8d36e0e045ef640411
2026-01-04,29,Sweater Weather,The Neighbourhood,92,240400,album,11,2013-04-22,False,https://i.scdn.co/image/ab67616d0000b2738265a736a1eb838ad5a0b921
2026-01-04,30,Who,Jimin,87,170887,album,7,2024-07-19,False,https://i.scdn.co/image/ab67616d0000b273f02c451189a709b9a952aaec
2026-01-04,31,Blinding Lights,The Weeknd,91,200040,album,14,2020-03-20,False,https://i.scdn.co/image/ab67616d0000b2738863bc11d2aa12b54f5aeb36
2026-01-04,32,Love Me Not,Ravyn Lenae,89,213466,album,11,2024-08-09,False,https://i.scdn.co/image/ab67616d0000b273ef985ba96e76a9574cc68a30
2026-01-04,33,Beautiful Things,Benson Boone,89,180304,album,15,2024-04-05,False,https://i.scdn.co/image/ab67616d0000b273cc04ff3e70e146ba9abacf40
2026-01-04,34,"One Of The Girls (with JENNIE, Lily Rose Depp)","The Weeknd, JENNIE, Lily-Rose Depp",92,244684,single,3,2023-06-23,False,https://i.scdn.co/image/ab67616d0000b273b0dd6a5cd1dec96c4119c262
2026-01-04,35,Raindance (feat. Tems),"Dave, Tems",89,219743,album,10,2025-10-23,True,https://i.scdn.co/image/ab67616d0000b273fecaa7826bb0cbe139a8cb83
2026-01-04,36,The Night We Met,Lord Huron,90,208211,album,14,2015-04-06,False,https://i.scdn.co/image/ab67616d0000b27317875a0610c23d8946454583
2026-01-04,37,Posso Até Não Te Dar Flores,"DJ Japa NK, MC Meno K, MC Ryan SP, Mc Jacaré, DJ DAVI DOGDOG",92,158769,single,1,2025-09-11,True,https://i.scdn.co/image/ab67616d0000b27303965d16104282739d6e0a58
2026-01-04,38,12 to 12,sombr,89,242903,album,10,2025-08-22,False,https://i.scdn.co/image/ab67616d0000b273d2eb391e0b3c3bc21c127db6
2026-01-04,39,Don’t Say You Love Me,Jin,87,180716,album,7,2025-05-16,False,https://i.scdn.co/image/ab67616d0000b27389228504f700641956e29f5d
2026-01-04,40,Dreams - 2004 Remaster,Fleetwood Mac,90,257800,album,58,1977-02-04,False,https://i.scdn.co/image/ab67616d0000b273e52a59a28efa4773dd2bfe1b
2026-01-04,41,Yellow,Coldplay,91,266773,album,10,2000-07-10,False,https://i.scdn.co/image/ab67616d0000b2739164bafe9aaa168d93f4816a
2026-01-04,42,Manchild,Sabrina Carpenter,88,213645,album,12,2025-08-29,True,https://i.scdn.co/image/ab67616d0000b273b1863bf95557ea7f357c4947
2026-01-04,43,Lose Control,Teddy Swims,89,210688,album,10,2023-09-15,False,https://i.scdn.co/image/ab67616d0000b2731a0323cc23419360a34a3ace
2026-01-04,44,La Perla,"ROSALÍA, Yahritza Y Su Esencia",92,195546,album,15,2025-11-07,True,https://i.scdn.co/image/ab67616d0000b27393ee2e2f2dfb7de9befcc164
2026-01-04,45,Cuando No Era Cantante - Remix,"El Bogueto, Anuel AA, Fuerza Regida, Yung Beef",88,327488,single,1,2025-12-10,True,https://i.scdn.co/image/ab67616d0000b27376ca2bb969e79a911090df63
2026-01-04,46,Creep,Radiohead,92,238640,album,12,1993-02-22,True,https://i.scdn.co/image/ab67616d0000b273ec548c00d3ac2f10be73366d
2026-01-04,47,That’s So True,Gracie Abrams,91,166300,album,20,2024-10-18,True,https://i.scdn.co/image/ab67616d0000b2731dac3694b3289cd903cb3acf
2026-01-04,48,WILDFLOWER,Billie Eilish,92,261466,album,10,2024-05-17,False,https://i.scdn.co/image/ab67616d0000b27371d62ea7ea8a5be92d3c1f62
2026-01-04,49,We Found Love,"Rihanna, Calvin Harris",62,215226,album,11,2011-01-01,False,https://i.scdn.co/image/ab67616d0000b273439c7d14cc7e91953b8ab9fd
2026-01-04,50,Mr. Brightside,The Killers,90,222973,album,12,2004-01-01,False,https://i.scdn.co/image/ab67616d0000b273ccdddd46119a4ff53eaf1f5d
2026-01-05,1,End of Beginning,Djo,96,159245,album,13,2022-09-16,False,https://i.scdn.co/image/ab67616d0000b273fddfffec51b4580acae727c1
2026-01-05,2,The Fate of Ophelia,Taylor Swift,100,226073,album,12,2025-10-03,False,https://i.scdn.co/image/ab67616d0000b273d7812467811a7da6e6a44902
2026-01-05,3,Golden,"HUNTR/X, EJAE, AUDREY NUNA, REI AMI, KPop Demon Hunters Cast",98,194607,album,12,2025-06-20,False,https://i.scdn.co/image/ab67616d0000b2734dcb6c5df15cf74596ab25a4
2026-01-05,4,Man I Need,Olivia Dean,97,184000,single,3,2025-08-15,False,https://i.scdn.co/image/ab67616d0000b273e3d69e17dde129037a1f09e2
2026-01-05,5,back to friends,sombr,92,199032,album,10,2025-08-22,False,https://i.scdn.co/image/ab67616d0000b273d2eb391e0b3c3bc21c127db6
2026-01-05,6,Every Breath You Take,The Police,94,253920,album,11,1983-06-17,False,https://i.scdn.co/image/ab67616d0000b273c8e97cafeb2acb85b21a777e
2026-01-05,7,So Easy (To Fall In Love),Olivia Dean,96,169000,album,12,2025-09-26,False,https://i.scdn.co/image/ab67616d0000b2739a336bfb6d40bbd90a507417
2026-01-05,8,WHERE IS MY HUSBAND!,RAYE,96,196795,single,1,2025-09-19,False,https://i.scdn.co/image/ab67616d0000b2737cc8cee5c81409833e540974
2026-01-05,9,Ordinary,Alex Warren,92,186964,album,11,2024-09-26,False,https://i.scdn.co/image/ab67616d0000b27342fe69c0e7e5c92f01ece8ce
2026-01-05,10,Lush Life,Zara Larsson,2,201122,single,1,2015-06-09,False,https://i.scdn.co/image/ab67616d0000b2736eaa0691ac9d790b41d21a91
2026-01-05,11,CHANEL,Tyla,93,188059,single,1,2025-10-24,True,https://i.scdn.co/image/ab67616d0000b27336e063ca7f0b26f63515ca57
2026-01-05,12,BIRDS OF A FEATHER,Billie Eilish,95,210373,album,10,2024-05-17,False,https://i.scdn.co/image/ab67616d0000b27371d62ea7ea8a5be92d3c1f62
2026-01-05,13,Die With A Smile,"Lady Gaga, Bruno Mars",92,251667,single,1,2024-08-16,False,https://i.scdn.co/image/ab67616d0000b27382ea2e9e1858aa012c57cd45
2026-01-05,14,Gabriela,KATSEYE,94,197226,single,2,2025-06-20,False,https://i.scdn.co/image/ab67616d0000b273f8d4d00ffe09373efb13ce29
2026-01-05,15,Iris,The Goo Goo Dolls,93,289533,album,13,1998-01-01,False,https://i.scdn.co/image/ab67616d0000b273eda9478c39a21e1cdc6609ca
2026-01-05,16,Running Up That Hill (A Deal With God),Kate Bush,9,298933,album,12,1985-01-01,False,https://i.scdn.co/image/ab67616d0000b27396ab64f52273635308b6bf27
2026-01-05,17,I Thought I Saw Your Face Today,She & Him,90,170333,album,13,2008-03-18,False,https://i.scdn.co/image/ab67616d0000b273a47c6d8a934b4833c0916cc9
2026-01-05,18,Sailor Song,Gigi Perez,88,211978,single,1,2024-07-26,False,https://i.scdn.co/image/ab67616d0000b273e6065f209e0a01986206bd53
2026-01-05,19,Sweater Weather,The Neighbourhood,92,240400,album,11,2013-04-22,False,https://i.scdn.co/image/ab67616d0000b2738265a736a1eb838ad5a0b921
2026-01-05,20,Cuando No Era Cantante,"El Bogueto, Yung Beef",91,211084,album,23,2024-09-26,True,https://i.scdn.co/image/ab67616d0000b27315110c9ad66e065592cc3496
2026-01-05,21,dopamina,"Peso Pluma, Tito Double P",85,185326,album,15,2025-12-25,True,https://i.scdn.co/image/ab67616d0000b273a9e6a250ea86a8f387873ef9
2026-01-05,22,Opalite,Taylor Swift,94,235355,album,12,2025-10-03,False,https://i.scdn.co/image/ab67616d0000b273d7812467811a7da6e6a44902
2026-01-05,23,No Broke Boys,"Disco Lines, Tinashe",93,163994,single,1,2025-06-06,True,https://i.scdn.co/image/ab67616d0000b2735dcede7ece7b2cb72cee4eee
2026-01-05,24,Sedia Aku Sebelum Hujan,Idgitaf,89,230130,single,1,2025-10-08,False,https://i.scdn.co/image/ab67616d0000b2738dc8c573565969d55f9f3477
2026-01-05,25,DtMF,Bad Bunny,93,237117,album,17,2025-01-05,True,https://i.scdn.co/image/ab67616d0000b273bbd45c8d36e0e045ef640411
2026-01-05,26,BAILE INoLVIDABLE,Bad Bunny,93,367725,album,17,2025-01-05,True,https://i.scdn.co/image/ab67616d0000b273bbd45c8d36e0e045ef640411
2026-01-05,27,Love Me Not,Ravyn Lenae,89,213466,album,11,2024-08-09,False,https://i.scdn.co/image/ab67616d0000b273ef985ba96e76a9574cc68a30
2026-01-05,28,Who,Jimin,87,170887,album,7,2024-07-19,False,https://i.scdn.co/image/ab67616d0000b273f02c451189a709b9a952aaec
2026-01-05,29,Posso Até Não Te Dar Flores,"DJ Japa NK, MC Meno K, MC Ryan SP, Mc Jacaré, DJ DAVI DOGDOG",92,158769,single,1,2025-09-11,True,https://i.scdn.co/image/ab67616d0000b27303965d16104282739d6e0a58
2026-01-05,30,Internet Girl,KATSEYE,74,163831,single,2,2026-01-02,False,https://i.scdn.co/image/ab67616d0000b27376cf80e10aea7ef055e34ea3
2026-01-05,31,APT.,"ROSÉ, Bruno Mars",85,169917,album,12,2024-12-06,False,https://i.scdn.co/image/ab67616d0000b2735074bd0894cb1340b8d8a678
2026-01-05,32,Raindance (feat. Tems),"Dave, Tems",89,219743,album,10,2025-10-23,True,https://i.scdn.co/image/ab67616d0000b273fecaa7826bb0cbe139a8cb83
2026-01-05,33,"One Of The Girls (with JENNIE, Lily Rose Depp)","The Weeknd, JENNIE, Lily-Rose Depp",92,244684,single,3,2023-06-23,False,https://i.scdn.co/image/ab67616d0000b273b0dd6a5cd1dec96c4119c262
2026-01-05,34,Espresso,Sabrina Carpenter,88,175459,album,12,2024-08-23,True,https://i.scdn.co/image/ab67616d0000b273fd8d7a8d96871e791cb1f626
2026-01-05,35,Cuando No Era Cantante - Remix,"El Bogueto, Anuel AA, Fuerza Regida, Yung Beef",89,327488,single,1,2025-12-10,True,https://i.scdn.co/image/ab67616d0000b27376ca2bb969e79a911090df63
2026-01-05,36,Beautiful Things,Benson Boone,89,180304,album,15,2024-04-05,False,https://i.scdn.co/image/ab67616d0000b273cc04ff3e70e146ba9abacf40
2026-01-05,37,12 to 12,sombr,89,242903,album,10,2025-08-22,False,https://i.scdn.co/image/ab67616d0000b273d2eb391e0b3c3bc21c127db6
2026-01-05,38,Purple Rain,Prince,79,521866,album,9,1984-06-25,False,https://i.scdn.co/image/ab67616d0000b2738a2ce3f148f57584269c3782
2026-01-05,39,Creep,Radiohead,92,238640,album,12,1993-02-22,True,https://i.scdn.co/image/ab67616d0000b273ec548c00d3ac2f10be73366d
2026-01-05,40,Yellow,Coldplay,92,266773,album,10,2000-07-10,False,https://i.scdn.co/image/ab67616d0000b2739164bafe9aaa168d93f4816a
2026-01-05,41,The Night We Met,Lord Huron,90,208211,album,14,2015-04-06,False,https://i.scdn.co/image/ab67616d0000b27317875a0610c23d8946454583
2026-01-05,42,Dreams - 2004 Remaster,Fleetwood Mac,90,257800,album,58,1977-02-04,False,https://i.scdn.co/image/ab67616d0000b273e52a59a28efa4773dd2bfe1b
2026-01-05,43,That’s So True,Gracie Abrams,91,166300,album,20,2024-10-18,True,https://i.scdn.co/image/ab67616d0000b2731dac3694b3289cd903cb3acf
2026-01-05,44,WILDFLOWER,Billie Eilish,93,261466,album,10,2024-05-17,False,https://i.scdn.co/image/ab67616d0000b27371d62ea7ea8a5be92d3c1f62
2026-01-05,45,Manchild,Sabrina Carpenter,88,213645,album,12,2025-08-29,True,https://i.scdn.co/image/ab67616d0000b273b1863bf95557ea7f357c4947
2026-01-05,46,I Wanna Be Yours,Arctic Monkeys,92,183956,album,12,2013-09-09,False,https://i.scdn.co/image/ab67616d0000b2734ae1c4c5c45aabe565499163
2026-01-05,47,La Perla,"ROSALÍA, Yahritza Y Su Esencia",92,195546,album,15,2025-11-07,True,https://i.scdn.co/image/ab67616d0000b27393ee2e2f2dfb7de9befcc164
2026-01-05,48,daño,"Peso Pluma, Tito Double P",82,197007,album,15,2025-12-25,True,https://i.scdn.co/image/ab67616d0000b273a9e6a250ea86a8f387873ef9
2026-01-05,49,Lose Control,Teddy Swims,90,210688,album,10,2023-09-15,False,https://i.scdn.co/image/ab67616d0000b2731a0323cc23419360a34a3ace
2026-01-05,50,One Dance,"Drake, Wizkid, Kyla",91,173986,album,20,2016-05-06,False,https://i.scdn.co/image/ab67616d0000b2739416ed64daf84936d89e671c
2026-01-06,1,End of Beginning,Djo,96,159245,album,13,2022-09-16,False,https://i.scdn.co/image/ab67616d0000b273fddfffec51b4580acae727c1
2026-01-06,2,The Fate of Ophelia,Taylor Swift,100,226073,album,12,2025-10-03,False,https://i.scdn.co/image/ab67616d0000b273d7812467811a7da6e6a44902
2026-01-06,3,Golden,"HUNTR/X, EJAE, AUDREY NUNA, REI AMI, KPop Demon Hunters Cast",98,194607,album,12,2025-06-20,False,https://i.scdn.co/image/ab67616d0000b2734dcb6c5df15cf74596ab25a4
2026-01-06,4,back to friends,sombr,92,199032,album,10,2025-08-22,False,https://i.scdn.co/image/ab67616d0000b273d2eb391e0b3c3bc21c127db6
2026-01-06,5,Man I Need,Olivia Dean,97,184000,single,3,2025-08-15,False,https://i.scdn.co/image/ab67616d0000b273e3d69e17dde129037a1f09e2
2026-01-06,6,Every Breath You Take,The Police,94,253920,album,11,1983-06-17,False,https://i.scdn.co/image/ab67616d0000b273c8e97cafeb2acb85b21a777e
2026-01-06,7,So Easy (To Fall In Love),Olivia Dean,96,169000,album,12,2025-09-26,False,https://i.scdn.co/image/ab67616d0000b2739a336bfb6d40bbd90a507417
2026-01-06,8,WHERE IS MY HUSBAND!,RAYE,96,196795,single,1,2025-09-19,False,https://i.scdn.co/image/ab67616d0000b2737cc8cee5c81409833e540974
2026-01-06,9,Ordinary,Alex Warren,92,186964,album,11,2024-09-26,False,https://i.scdn.co/image/ab67616d0000b27342fe69c0e7e5c92f01ece8ce
2026-01-06,10,Lush Life,Zara Larsson,2,201122,single,1,2015-06-09,False,https://i.scdn.co/image/ab67616d0000b2736eaa0691ac9d790b41d21a91
2026-01-06,11,BIRDS OF A FEATHER,Billie Eilish,95,210373,album,10,2024-05-17,False,https://i.scdn.co/image/ab67616d0000b27371d62ea7ea8a5be92d3c1f62
2026-01-06,12,CHANEL,Tyla,93,188059,single,1,2025-10-24,True,https://i.scdn.co/image/ab67616d0000b273efafabfc4cbe73d820fa489a
2026-01-06,13,Sailor Song,Gigi Perez,88,211978,single,1,2024-07-26,False,https://i.scdn.co/image/ab67616d0000b273e6065f209e0a01986206bd53
2026-01-06,14,Die With A Smile,"Lady Gaga, Bruno Mars",92,251667,single,1,2024-08-16,False,https://i.scdn.co/image/ab67616d0000b27382ea2e9e1858aa012c57cd45
2026-01-06,15,I Thought I Saw Your Face Today,She & Him,90,170333,album,13,2008-03-18,False,https://i.scdn.co/image/ab67616d0000b273a47c6d8a934b4833c0916cc9
2026-01-06,16,Gabriela,KATSEYE,94,197226,single,2,2025-06-20,False,https://i.scdn.co/image/ab67616d0000b273f8d4d00ffe09373efb13ce29
2026-01-06,17,Iris,The Goo Goo Dolls,93,289533,album,13,1998-01-01,False,https://i.scdn.co/image/ab67616d0000b273eda9478c39a21e1cdc6609ca
2026-01-06,18,Sweater Weather,The Neighbourhood,92,240400,album,11,2013-04-22,False,https://i.scdn.co/image/ab67616d0000b2738265a736a1eb838ad5a0b921
2026-01-06,19,Running Up That Hill (A Deal With God),Kate Bush,9,298933,album,12,1985-01-01,False,https://i.scdn.co/image/ab67616d0000b27396ab64f52273635308b6bf27
2026-01-06,20,Cuando No Era Cantante,"El Bogueto, Yung Beef",91,211084,album,23,2024-09-26,True,https://i.scdn.co/image/ab67616d0000b27315110c9ad66e065592cc3496
2026-01-06,21,dopamina,"Peso Pluma, Tito Double P",85,185326,album,15,2025-12-25,True,https://i.scdn.co/image/ab67616d0000b273a9e6a250ea86a8f387873ef9
2026-01-06,22,Sedia Aku Sebelum Hujan,Idgitaf,89,230130,single,1,2025-10-08,False,https://i.scdn.co/image/ab67616d0000b2738dc8c573565969d55f9f3477
2026-01-06,23,Opalite,Taylor Swift,94,235355,album,12,2025-10-03,False,https://i.scdn.co/image/ab67616d0000b273d7812467811a7da6e6a44902
2026-01-06,24,Who,Jimin,87,170887,album,7,2024-07-19,False,https://i.scdn.co/image/ab67616d0000b273f02c451189a709b9a952aaec
2026-01-06,25,Love Me Not,Ravyn Lenae,89,213466,album,11,2024-08-09,False,https://i.scdn.co/image/ab67616d0000b273ef985ba96e76a9574cc68a30
2026-01-06,26,No Broke Boys,"Disco Lines, Tinashe",93,163994,single,1,2025-06-06,True,https://i.scdn.co/image/ab67616d0000b2735dcede7ece7b2cb72cee4eee
2026-01-06,27,DtMF,Bad Bunny,93,237117,album,17,2025-01-05,True,https://i.scdn.co/image/ab67616d0000b273bbd45c8d36e0e045ef640411
2026-01-06,28,BAILE INoLVIDABLE,Bad Bunny,93,367725,album,17,2025-01-05,True,https://i.scdn.co/image/ab67616d0000b273bbd45c8d36e0e045ef640411
2026-01-06,29,The Night We Met,Lord Huron,90,208211,album,14,2015-04-06,False,https://i.scdn.co/image/ab67616d0000b27317875a0610c23d8946454583
2026-01-06,30,WILDFLOWER,Billie Eilish,93,261466,album,10,2024-05-17,False,https://i.scdn.co/image/ab67616d0000b27371d62ea7ea8a5be92d3c1f62
2026-01-06,31,Raindance (feat. Tems),"Dave, Tems",89,219743,album,10,2025-10-23,True,https://i.scdn.co/image/ab67616d0000b273fecaa7826bb0cbe139a8cb83
2026-01-06,32,"One Of The Girls (with JENNIE, Lily Rose Depp)","The Weeknd, JENNIE, Lily-Rose Depp",92,244684,single,3,2023-06-23,False,https://i.scdn.co/image/ab67616d0000b273b0dd6a5cd1dec96c4119c262
2026-01-06,33,I Wanna Be Yours,Arctic Monkeys,92,183956,album,12,2013-09-09,False,https://i.scdn.co/image/ab67616d0000b2734ae1c4c5c45aabe565499163
2026-01-06,34,Purple Rain,Prince,79,521866,album,9,1984-06-25,False,https://i.scdn.co/image/ab67616d0000b2738a2ce3f148f57584269c3782
2026-01-06,35,Creep,Radiohead,92,238640,album,12,1993-02-22,True,https://i.scdn.co/image/ab67616d0000b273ec548c00d3ac2f10be73366d
2026-01-06,36,12 to 12,sombr,89,242903,album,10,2025-08-22,False,https://i.scdn.co/image/ab67616d0000b273d2eb391e0b3c3bc21c127db6
2026-01-06,37,APT.,"ROSÉ, Bruno Mars",85,169917,album,12,2024-12-06,False,https://i.scdn.co/image/ab67616d0000b2735074bd0894cb1340b8d8a678
2026-01-06,38,That’s So True,Gracie Abrams,91,166300,album,20,2024-10-18,True,https://i.scdn.co/image/ab67616d0000b2731dac3694b3289cd903cb3acf
2026-01-06,39,Internet Girl,KATSEYE,74,163831,single,2,2026-01-02,False,https://i.scdn.co/image/ab67616d0000b27376cf80e10aea7ef055e34ea3
2026-01-06,40,Cuando No Era Cantante - Remix,"El Bogueto, Anuel AA, Fuerza Regida, Yung Beef",89,327488,single,1,2025-12-10,True,https://i.scdn.co/image/ab67616d0000b27376ca2bb969e79a911090df63
2026-01-06,41,Die On This Hill,SIENNA SPIRO,89,217008,single,4,2025-10-10,False,https://i.scdn.co/image/ab67616d0000b273ec4833919808083d733ca9af
2026-01-06,42,Yellow,Coldplay,92,266773,album,10,2000-07-10,False,https://i.scdn.co/image/ab67616d0000b2739164bafe9aaa168d93f4816a
2026-01-06,43,Espresso,Sabrina Carpenter,88,175459,album,12,2024-08-23,True,https://i.scdn.co/image/ab67616d0000b273fd8d7a8d96871e791cb1f626
2026-01-06,44,Posso Até Não Te Dar Flores,"DJ Japa NK, MC Meno K, MC Ryan SP, Mc Jacaré, DJ DAVI DOGDOG",92,158769,single,1,2025-09-11,True,https://i.scdn.co/image/ab67616d0000b27303965d16104282739d6e0a58
2026-01-06,45,Manchild,Sabrina Carpenter,88,213645,album,12,2025-08-29,True,https://i.scdn.co/image/ab67616d0000b273b1863bf95557ea7f357c4947
2026-01-06,46,Beautiful Things,Benson Boone,89,180304,album,15,2024-04-05,False,https://i.scdn.co/image/ab67616d0000b273cc04ff3e70e146ba9abacf40
2026-01-06,47,daño,"Peso Pluma, Tito Double P",82,197007,album,15,2025-12-25,True,https://i.scdn.co/image/ab67616d0000b273a9e6a250ea86a8f387873ef9
2026-01-06,48,Everybody Wants To Rule The World,Tears For Fears,90,251488,album,59,1985-02-25,False,https://i.scdn.co/image/ab67616d0000b27322463d6939fec9e17b2a6235
2026-01-06,49,Dreams - 2004 Remaster,Fleetwood Mac,90,257800,album,58,1977-02-04,False,https://i.scdn.co/image/ab67616d0000b273e52a59a28efa4773dd2bfe1b
2026-01-06,50,Sparks,Coldplay,91,227093,album,10,2000-07-10,False,https://i.scdn.co/image/ab67616d0000b2739164bafe9aaa168d93f4816a
2026-01-07,1,End of Beginning,Djo,96,159245,album,13,2022-09-16,False,https://i.scdn.co/image/ab67616d0000b273fddfffec51b4580acae727c1
2026-01-07,2,The Fate of Ophelia,Taylor Swift,100,226073,album,12,2025-10-03,False,https://i.scdn.co/image/ab67616d0000b273d7812467811a7da6e6a44902
2026-01-07,3,Man I Need,Olivia Dean,97,184000,single,3,2025-08-15,False,https://i.scdn.co/image/ab67616d0000b273e3d69e17dde129037a1f09e2
2026-01-07,4,Golden,"HUNTR/X, EJAE, AUDREY NUNA, REI AMI, KPop Demon Hunters Cast",98,194607,album,12,2025-06-20,False,https://i.scdn.co/image/ab67616d0000b2734dcb6c5df15cf74596ab25a4
2026-01-07,5,back to friends,sombr,92,199032,album,10,2025-08-22,False,https://i.scdn.co/image/ab67616d0000b273d2eb391e0b3c3bc21c127db6
2026-01-07,6,Every Breath You Take,The Police,94,253920,album,11,1983-06-17,False,https://i.scdn.co/image/ab67616d0000b273c8e97cafeb2acb85b21a777e
2026-01-07,7,WHERE IS MY HUSBAND!,RAYE,96,196795,single,1,2025-09-19,False,https://i.scdn.co/image/ab67616d0000b2737cc8cee5c81409833e540974
2026-01-07,8,So Easy (To Fall In Love),Olivia Dean,96,169000,album,12,2025-09-26,False,https://i.scdn.co/image/ab67616d0000b2739a336bfb6d40bbd90a507417
2026-01-07,9,Ordinary,Alex Warren,92,186964,album,11,2024-09-26,False,https://i.scdn.co/image/ab67616d0000b27342fe69c0e7e5c92f01ece8ce
2026-01-07,10,Lush Life,Zara Larsson,2,201122,single,1,2015-06-09,False,https://i.scdn.co/image/ab67616d0000b2736eaa0691ac9d790b41d21a91
2026-01-07,11,BIRDS OF A FEATHER,Billie Eilish,95,210373,album,10,2024-05-17,False,https://i.scdn.co/image/ab67616d0000b27371d62ea7ea8a5be92d3c1f62
2026-01-07,12,CHANEL,Tyla,93,188059,single,1,2025-10-24,True,https://i.scdn.co/image/ab67616d0000b27346da32e81145086d96c5a396
2026-01-07,13,Die With A Smile,"Lady Gaga, Bruno Mars",92,251667,single,1,2024-08-16,False,https://i.scdn.co/image/ab67616d0000b27382ea2e9e1858aa012c57cd45
2026-01-07,14,Sailor Song,Gigi Perez,88,211978,single,1,2024-07-26,False,https://i.scdn.co/image/ab67616d0000b273e6065f209e0a01986206bd53
2026-01-07,15,dopamina,"Peso Pluma, Tito Double P",86,185326,album,15,2025-12-25,True,https://i.scdn.co/image/ab67616d0000b273a9e6a250ea86a8f387873ef9
2026-01-07,16,Gabriela,KATSEYE,94,197226,single,2,2025-06-20,False,https://i.scdn.co/image/ab67616d0000b273f8d4d00ffe09373efb13ce29
2026-01-07,17,I Thought I Saw Your Face Today,She & Him,90,170333,album,13,2008-03-18,False,https://i.scdn.co/image/ab67616d0000b273a47c6d8a934b4833c0916cc9
2026-01-07,18,Cuando No Era Cantante,"El Bogueto, Yung Beef",91,211084,album,23,2024-09-26,True,https://i.scdn.co/image/ab67616d0000b27315110c9ad66e065592cc3496
2026-01-07,19,Iris,The Goo Goo Dolls,93,289533,album,13,1998-01-01,False,https://i.scdn.co/image/ab67616d0000b273eda9478c39a21e1cdc6609ca
2026-01-07,20,Running Up That Hill (A Deal With God),Kate Bush,9,298933,album,12,1985-01-01,False,https://i.scdn.co/image/ab67616d0000b27396ab64f52273635308b6bf27
2026-01-07,21,Opalite,Taylor Swift,94,235355,album,12,2025-10-03,False,https://i.scdn.co/image/ab67616d0000b273d7812467811a7da6e6a44902
2026-01-07,22,No Broke Boys,"Disco Lines, Tinashe",93,163994,single,1,2025-06-06,True,https://i.scdn.co/image/ab67616d0000b2735dcede7ece7b2cb72cee4eee
2026-01-07,23,Sweater Weather,The Neighbourhood,92,240400,album,11,2013-04-22,False,https://i.scdn.co/image/ab67616d0000b2738265a736a1eb838ad5a0b921
2026-01-07,24,Raindance (feat. Tems),"Dave, Tems",90,219743,album,10,2025-10-23,True,https://i.scdn.co/image/ab67616d0000b273fecaa7826bb0cbe139a8cb83
2026-01-07,25,Love Me Not,Ravyn Lenae,89,213466,album,11,2024-08-09,False,https://i.scdn.co/image/ab67616d0000b273ef985ba96e76a9574cc68a30
2026-01-07,26,DtMF,Bad Bunny,93,237117,album,17,2025-01-05,True,https://i.scdn.co/image/ab67616d0000b273bbd45c8d36e0e045ef640411
2026-01-07,27,BAILE INoLVIDABLE,Bad Bunny,93,367725,album,17,2025-01-05,True,https://i.scdn.co/image/ab67616d0000b273bbd45c8d36e0e045ef640411
2026-01-07,28,"One Of The Girls (with JENNIE, Lily Rose Depp)","The Weeknd, JENNIE, Lily-Rose Depp",92,244684,single,3,2023-06-23,False,https://i.scdn.co/image/ab67616d0000b273b0dd6a5cd1dec96c4119c262
2026-01-07,29,Who,Jimin,87,170887,album,7,2024-07-19,False,https://i.scdn.co/image/ab67616d0000b273f02c451189a709b9a952aaec
2026-01-07,30,12 to 12,sombr,89,242903,album,10,2025-08-22,False,https://i.scdn.co/image/ab67616d0000b273d2eb391e0b3c3bc21c127db6
2026-01-07,31,WILDFLOWER,Billie Eilish,93,261466,album,10,2024-05-17,False,https://i.scdn.co/image/ab67616d0000b27371d62ea7ea8a5be92d3c1f62
2026-01-07,32,Sedia Aku Sebelum Hujan,Idgitaf,90,230130,single,1,2025-10-08,False,https://i.scdn.co/image/ab67616d0000b2738dc8c573565969d55f9f3477
2026-01-07,33,The Night We Met,Lord Huron,90,208211,album,14,2015-04-06,False,https://i.scdn.co/image/ab67616d0000b27317875a0610c23d8946454583
2026-01-07,34,Cuando No Era Cantante - Remix,"El Bogueto, Anuel AA, Fuerza Regida, Yung Beef",89,327488,single,1,2025-12-10,True,https://i.scdn.co/image/ab67616d0000b27376ca2bb969e79a911090df63
2026-01-07,35,Yellow,Coldplay,92,266773,album,10,2000-07-10,False,https://i.scdn.co/image/ab67616d0000b2739164bafe9aaa168d93f4816a
2026-01-07,36,Die On This Hill,SIENNA SPIRO,89,217008,single,4,2025-10-10,False,https://i.scdn.co/image/ab67616d0000b273ec4833919808083d733ca9af
2026-01-07,37,daño,"Peso Pluma, Tito Double P",84,197007,album,15,2025-12-25,True,https://i.scdn.co/image/ab67616d0000b273a9e6a250ea86a8f387873ef9
2026-01-07,38,Creep,Radiohead,92,238640,album,12,1993-02-22,True,https://i.scdn.co/image/ab67616d0000b273ec548c00d3ac2f10be73366d
2026-01-07,39,APT.,"ROSÉ, Bruno Mars",85,169917,album,12,2024-12-06,False,https://i.scdn.co/image/ab67616d0000b2735074bd0894cb1340b8d8a678
2026-01-07,40,Manchild,Sabrina Carpenter,88,213645,album,12,2025-08-29,True,https://i.scdn.co/image/ab67616d0000b273b1863bf95557ea7f357c4947
2026-01-07,41,Espresso,Sabrina Carpenter,88,175459,album,12,2024-08-23,True,https://i.scdn.co/image/ab67616d0000b273fd8d7a8d96871e791cb1f626
2026-01-07,42,Beautiful Things,Benson Boone,89,180304,album,15,2024-04-05,False,https://i.scdn.co/image/ab67616d0000b273cc04ff3e70e146ba9abacf40
2026-01-07,43,Purple Rain,Prince,81,521866,album,9,1984-06-25,False,https://i.scdn.co/image/ab67616d0000b2738a2ce3f148f57584269c3782
2026-01-07,44,La Perla,"ROSALÍA, Yahritza Y Su Esencia",92,195546,album,15,2025-11-07,True,https://i.scdn.co/image/ab67616d0000b27393ee2e2f2dfb7de9befcc164
2026-01-07,45,Sparks,Coldplay,91,227093,album,10,2000-07-10,False,https://i.scdn.co/image/ab67616d0000b2739164bafe9aaa168d93f4816a
2026-01-07,46,Everybody Wants To Rule The World,Tears For Fears,90,251488,album,59,1985-02-25,False,https://i.scdn.co/image/ab67616d0000b27322463d6939fec9e17b2a6235
2026-01-07,47,I Wanna Be Yours,Arctic Monkeys,92,183956,album,12,2013-09-09,False,https://i.scdn.co/image/ab67616d0000b2734ae1c4c5c45aabe565499163
2026-01-07,48,That’s So True,Gracie Abrams,91,166300,album,20,2024-10-18,True,https://i.scdn.co/image/ab67616d0000b2731dac3694b3289cd903cb3acf
2026-01-07,49,Posso Até Não Te Dar Flores,"DJ Japa NK, MC Meno K, MC Ryan SP, Mc Jacaré, DJ DAVI DOGDOG",92,158769,single,1,2025-09-11,True,https://i.scdn.co/image/ab67616d0000b27303965d16104282739d6e0a58
2026-01-07,50,One Dance,"Drake, Wizkid, Kyla",91,173986,album,20,2016-05-06,False,https://i.scdn.co/image/ab67616d0000b2739416ed64daf84936d89e671c
2026-01-08,1,End of Beginning,Djo,97,159245,album,13,2022-09-16,False,https://i.scdn.co/image/ab67616d0000b273fddfffec51b4580acae727c1
2026-01-08,2,The Fate of Ophelia,Taylor Swift,100,226073,album,12,2025-10-03,False,https://i.scdn.co/image/ab67616d0000b273d7812467811a7da6e6a44902
2026-01-08,3,Man I Need,Olivia Dean,97,184000,single,3,2025-08-15,False,https://i.scdn.co/image/ab67616d0000b273e3d69e17dde129037a1f09e2
2026-01-08,4,Golden,"HUNTR/X, EJAE, AUDREY NUNA, REI AMI, KPop Demon Hunters Cast",98,194607,album,12,2025-06-20,False,https://i.scdn.co/image/ab67616d0000b2734dcb6c5df15cf74596ab25a4
2026-01-08,5,back to friends,sombr,92,199032,album,10,2025-08-22,False,https://i.scdn.co/image/ab67616d0000b273d2eb391e0b3c3bc21c127db6
2026-01-08,6,So Easy (To Fall In Love),Olivia Dean,96,169000,album,12,2025-09-26,False,https://i.scdn.co/image/ab67616d0000b2739a336bfb6d40bbd90a507417
2026-01-08,7,WHERE IS MY HUSBAND!,RAYE,96,196795,single,1,2025-09-19,False,https://i.scdn.co/image/ab67616d0000b2737cc8cee5c81409833e540974
2026-01-08,8,Every Breath You Take,The Police,94,253920,album,11,1983-06-17,False,https://i.scdn.co/image/ab67616d0000b273c8e97cafeb2acb85b21a777e
2026-01-08,9,Ordinary,Alex Warren,92,186964,album,11,2024-09-26,False,https://i.scdn.co/image/ab67616d0000b27342fe69c0e7e5c92f01ece8ce
2026-01-08,10,Lush Life,Zara Larsson,2,201122,single,1,2015-06-09,False,https://i.scdn.co/image/ab67616d0000b2736eaa0691ac9d790b41d21a91
2026-01-08,11,CHANEL,Tyla,93,188059,single,1,2025-10-24,True,https://i.scdn.co/image/ab67616d0000b27346da32e81145086d96c5a396
2026-01-08,12,BIRDS OF A FEATHER,Billie Eilish,95,210373,album,10,2024-05-17,False,https://i.scdn.co/image/ab67616d0000b27371d62ea7ea8a5be92d3c1f62
2026-01-08,13,Die With A Smile,"Lady Gaga, Bruno Mars",92,251667,single,1,2024-08-16,False,https://i.scdn.co/image/ab67616d0000b27382ea2e9e1858aa012c57cd45
2026-01-08,14,I Thought I Saw Your Face Today,She & Him,90,170333,album,13,2008-03-18,False,https://i.scdn.co/image/ab67616d0000b273a47c6d8a934b4833c0916cc9
2026-01-08,15,Iris,The Goo Goo Dolls,93,289533,album,13,1998-01-01,False,https://i.scdn.co/image/ab67616d0000b273eda9478c39a21e1cdc6609ca
2026-01-08,16,dopamina,"Peso Pluma, Tito Double P",86,185326,album,15,2025-12-25,True,https://i.scdn.co/image/ab67616d0000b273a9e6a250ea86a8f387873ef9
2026-01-08,17,Sailor Song,Gigi Perez,88,211978,single,1,2024-07-26,False,https://i.scdn.co/image/ab67616d0000b273e6065f209e0a01986206bd53
2026-01-08,18,Cuando No Era Cantante,"El Bogueto, Yung Beef",92,211084,album,23,2024-09-26,True,https://i.scdn.co/image/ab67616d0000b27315110c9ad66e065592cc3496
2026-01-08,19,Opalite,Taylor Swift,94,235355,album,12,2025-10-03,False,https://i.scdn.co/image/ab67616d0000b273d7812467811a7da6e6a44902
2026-01-08,20,Gabriela,KATSEYE,94,197226,single,2,2025-06-20,False,https://i.scdn.co/image/ab67616d0000b273f8d4d00ffe09373efb13ce29
2026-01-08,21,Running Up That Hill (A Deal With God),Kate Bush,9,298933,album,12,1985-01-01,False,https://i.scdn.co/image/ab67616d0000b27396ab64f52273635308b6bf27
2026-01-08,22,No Broke Boys,"Disco Lines, Tinashe",93,163994,single,1,2025-06-06,True,https://i.scdn.co/image/ab67616d0000b2735dcede7ece7b2cb72cee4eee
2026-01-08,23,Sweater Weather,The Neighbourhood,92,240400,album,11,2013-04-22,False,https://i.scdn.co/image/ab67616d0000b2738265a736a1eb838ad5a0b921
2026-01-08,24,Love Me Not,Ravyn Lenae,89,213466,album,11,2024-08-09,False,https://i.scdn.co/image/ab67616d0000b273ef985ba96e76a9574cc68a30
2026-01-08,25,BAILE INoLVIDABLE,Bad Bunny,93,367725,album,17,2025-01-05,True,https://i.scdn.co/image/ab67616d0000b273bbd45c8d36e0e045ef640411
2026-01-08,26,DtMF,Bad Bunny,93,237117,album,17,2025-01-05,True,https://i.scdn.co/image/ab67616d0000b273bbd45c8d36e0e045ef640411
2026-01-08,27,Raindance (feat. Tems),"Dave, Tems",90,219743,album,10,2025-10-23,True,https://i.scdn.co/image/ab67616d0000b273fecaa7826bb0cbe139a8cb83
2026-01-08,28,Who,Jimin,87,170887,album,7,2024-07-19,False,https://i.scdn.co/image/ab67616d0000b273f02c451189a709b9a952aaec
2026-01-08,29,Die On This Hill,SIENNA SPIRO,89,217008,single,4,2025-10-10,False,https://i.scdn.co/image/ab67616d0000b273ec4833919808083d733ca9af
2026-01-08,30,daño,"Peso Pluma, Tito Double P",84,197007,album,15,2025-12-25,True,https://i.scdn.co/image/ab67616d0000b273a9e6a250ea86a8f387873ef9
2026-01-08,31,Creep,Radiohead,92,238640,album,12,1993-02-22,True,https://i.scdn.co/image/ab67616d0000b273ec548c00d3ac2f10be73366d
2026-01-08,32,Cuando No Era Cantante - Remix,"El Bogueto, Anuel AA, Fuerza Regida, Yung Beef",89,327488,single,1,2025-12-10,True,https://i.scdn.co/image/ab67616d0000b27376ca2bb969e79a911090df63
2026-01-08,33,Purple Rain,Prince,82,521866,album,9,1984-06-25,False,https://i.scdn.co/image/ab67616d0000b2738a2ce3f148f57584269c3782
2026-01-08,34,12 to 12,sombr,89,242903,album,10,2025-08-22,False,https://i.scdn.co/image/ab67616d0000b273d2eb391e0b3c3bc21c127db6
2026-01-08,35,Yellow,Coldplay,92,266773,album,10,2000-07-10,False,https://i.scdn.co/image/ab67616d0000b2739164bafe9aaa168d93f4816a
2026-01-08,36,Sedia Aku Sebelum Hujan,Idgitaf,90,230130,single,1,2025-10-08,False,https://i.scdn.co/image/ab67616d0000b2738dc8c573565969d55f9f3477
2026-01-08,37,The Night We Met,Lord Huron,90,208211,album,14,2015-04-06,False,https://i.scdn.co/image/ab67616d0000b27317875a0610c23d8946454583
2026-01-08,38,WILDFLOWER,Billie Eilish,93,261466,album,10,2024-05-17,False,https://i.scdn.co/image/ab67616d0000b27371d62ea7ea8a5be92d3c1f62
2026-01-08,39,Beautiful Things,Benson Boone,89,180304,album,15,2024-04-05,False,https://i.scdn.co/image/ab67616d0000b273cc04ff3e70e146ba9abacf40
2026-01-08,40,"One Of The Girls (with JENNIE, Lily Rose Depp)","The Weeknd, JENNIE, Lily-Rose Depp",93,244684,single,3,2023-06-23,False,https://i.scdn.co/image/ab67616d0000b273b0dd6a5cd1dec96c4119c262
2026-01-08,41,Manchild,Sabrina Carpenter,88,213645,album,12,2025-08-29,True,https://i.scdn.co/image/ab67616d0000b273b1863bf95557ea7f357c4947
2026-01-08,42,Don’t Say You Love Me,Jin,87,180716,album,7,2025-05-16,False,https://i.scdn.co/image/ab67616d0000b27389228504f700641956e29f5d
2026-01-08,43,Espresso,Sabrina Carpenter,88,175459,album,12,2024-08-23,True,https://i.scdn.co/image/ab67616d0000b273fd8d7a8d96871e791cb1f626
2026-01-08,44,Posso Até Não Te Dar Flores,"DJ Japa NK, MC Meno K, MC Ryan SP, Mc Jacaré, DJ DAVI DOGDOG",92,158769,single,1,2025-09-11,True,https://i.scdn.co/image/ab67616d0000b27303965d16104282739d6e0a58
2026-01-08,45,That’s So True,Gracie Abrams,91,166300,album,20,2024-10-18,True,https://i.scdn.co/image/ab67616d0000b2731dac3694b3289cd903cb3acf
2026-01-08,46,Sparks,Coldplay,91,227093,album,10,2000-07-10,False,https://i.scdn.co/image/ab67616d0000b2739164bafe9aaa168d93f4816a
2026-01-08,47,I Wanna Be Yours,Arctic Monkeys,92,183956,album,12,2013-09-09,False,https://i.scdn.co/image/ab67616d0000b2734ae1c4c5c45aabe565499163
2026-01-08,48,Starboy,"The Weeknd, Daft Punk",91,230453,album,18,2016-11-25,True,https://i.scdn.co/image/ab67616d0000b2734718e2b124f79258be7bc452
2026-01-08,49,La Perla,"ROSALÍA, Yahritza Y Su Esencia",92,195546,album,15,2025-11-07,True,https://i.scdn.co/image/ab67616d0000b27393ee2e2f2dfb7de9befcc164
2026-01-08,50,APT.,"ROSÉ, Bruno Mars",85,169917,album,12,2024-12-06,False,https://i.scdn.co/image/ab67616d0000b2735074bd0894cb1340b8d8a678
2026-01-09,1,End of Beginning,Djo,97,159245,album,13,2022-09-16,False,https://i.scdn.co/image/ab67616d0000b273fddfffec51b4580acae727c1
2026-01-09,2,The Fate of Ophelia,Taylor Swift,100,226073,album,12,2025-10-03,False,https://i.scdn.co/image/ab67616d0000b273d7812467811a7da6e6a44902
2026-01-09,3,Man I Need,Olivia Dean,97,184000,single,3,2025-08-15,False,https://i.scdn.co/image/ab67616d0000b273e3d69e17dde129037a1f09e2
2026-01-09,4,back to friends,sombr,92,199032,album,10,2025-08-22,False,https://i.scdn.co/image/ab67616d0000b273d2eb391e0b3c3bc21c127db6
2026-01-09,5,Golden,"HUNTR/X, EJAE, AUDREY NUNA, REI AMI, KPop Demon Hunters Cast",98,194607,album,12,2025-06-20,False,https://i.scdn.co/image/ab67616d0000b2734dcb6c5df15cf74596ab25a4
2026-01-09,6,WHERE IS MY HUSBAND!,RAYE,96,196795,single,1,2025-09-19,False,https://i.scdn.co/image/ab67616d0000b2737cc8cee5c81409833e540974
2026-01-09,7,So Easy (To Fall In Love),Olivia Dean,96,169000,album,12,2025-09-26,False,https://i.scdn.co/image/ab67616d0000b2739a336bfb6d40bbd90a507417
2026-01-09,8,Every Breath You Take,The Police,94,253920,album,11,1983-06-17,False,https://i.scdn.co/image/ab67616d0000b273c8e97cafeb2acb85b21a777e
2026-01-09,9,Ordinary,Alex Warren,92,186964,album,11,2024-09-26,False,https://i.scdn.co/image/ab67616d0000b27342fe69c0e7e5c92f01ece8ce
2026-01-09,10,Lush Life,Zara Larsson,2,201122,single,1,2015-06-09,False,https://i.scdn.co/image/ab67616d0000b2736eaa0691ac9d790b41d21a91
2026-01-09,11,CHANEL,Tyla,93,188059,single,1,2025-10-24,True,https://i.scdn.co/image/ab67616d0000b27346da32e81145086d96c5a396
2026-01-09,12,I Thought I Saw Your Face Today,She & Him,91,170333,album,13,2008-03-18,False,https://i.scdn.co/image/ab67616d0000b273a47c6d8a934b4833c0916cc9
2026-01-09,13,BIRDS OF A FEATHER,Billie Eilish,95,210373,album,10,2024-05-17,False,https://i.scdn.co/image/ab67616d0000b27371d62ea7ea8a5be92d3c1f62
2026-01-09,14,Die With A Smile,"Lady Gaga, Bruno Mars",92,251667,single,1,2024-08-16,False,https://i.scdn.co/image/ab67616d0000b27382ea2e9e1858aa012c57cd45
2026-01-09,15,Iris,The Goo Goo Dolls,93,289533,album,13,1998-01-01,False,https://i.scdn.co/image/ab67616d0000b273eda9478c39a21e1cdc6609ca
2026-01-09,16,Cuando No Era Cantante,"El Bogueto, Yung Beef",92,211084,album,23,2024-09-26,True,https://i.scdn.co/image/ab67616d0000b27315110c9ad66e065592cc3496
2026-01-09,17,dopamina,"Peso Pluma, Tito Double P",87,185326,album,15,2025-12-25,True,https://i.scdn.co/image/ab67616d0000b273a9e6a250ea86a8f387873ef9
2026-01-09,18,Sailor Song,Gigi Perez,88,211978,single,1,2024-07-26,False,https://i.scdn.co/image/ab67616d0000b273e6065f209e0a01986206bd53
2026-01-09,19,Gabriela,KATSEYE,94,197226,single,2,2025-06-20,False,https://i.scdn.co/image/ab67616d0000b273f8d4d00ffe09373efb13ce29
2026-01-09,20,No Broke Boys,"Disco Lines, Tinashe",93,163994,single,1,2025-06-06,True,https://i.scdn.co/image/ab67616d0000b2735dcede7ece7b2cb72cee4eee
2026-01-09,21,Opalite,Taylor Swift,94,235355,album,12,2025-10-03,False,https://i.scdn.co/image/ab67616d0000b273d7812467811a7da6e6a44902
2026-01-09,22,Running Up That Hill (A Deal With God),Kate Bush,9,298933,album,12,1985-01-01,False,https://i.scdn.co/image/ab67616d0000b27396ab64f52273635308b6bf27
2026-01-09,23,Die On This Hill,SIENNA SPIRO,89,217008,single,4,2025-10-10,False,https://i.scdn.co/image/ab67616d0000b273ec4833919808083d733ca9af
2026-01-09,24,Love Me Not,Ravyn Lenae,89,213466,album,11,2024-08-09,False,https://i.scdn.co/image/ab67616d0000b273ef985ba96e76a9574cc68a30
2026-01-09,25,12 to 12,sombr,89,242903,album,10,2025-08-22,False,https://i.scdn.co/image/ab67616d0000b273d2eb391e0b3c3bc21c127db6
2026-01-09,26,BAILE INoLVIDABLE,Bad Bunny,93,367725,album,17,2025-01-05,True,https://i.scdn.co/image/ab67616d0000b273bbd45c8d36e0e045ef640411
2026-01-09,27,Sweater Weather,The Neighbourhood,92,240400,album,11,2013-04-22,False,https://i.scdn.co/image/ab67616d0000b2738265a736a1eb838ad5a0b921
2026-01-09,28,Raindance (feat. Tems),"Dave, Tems",90,219743,album,10,2025-10-23,True,https://i.scdn.co/image/ab67616d0000b273fecaa7826bb0cbe139a8cb83
2026-01-09,29,Purple Rain,Prince,83,521866,album,9,1984-06-25,False,https://i.scdn.co/image/ab67616d0000b2738a2ce3f148f57584269c3782
2026-01-09,30,DtMF,Bad Bunny,93,237117,album,17,2025-01-05,True,https://i.scdn.co/image/ab67616d0000b273bbd45c8d36e0e045ef640411
2026-01-09,31,Who,Jimin,87,170887,album,7,2024-07-19,False,https://i.scdn.co/image/ab67616d0000b273f02c451189a709b9a952aaec
2026-01-09,32,Internet Girl,KATSEYE,82,163831,single,2,2026-01-02,False,https://i.scdn.co/image/ab67616d0000b27376cf80e10aea7ef055e34ea3
2026-01-09,33,daño,"Peso Pluma, Tito Double P",85,197007,album,15,2025-12-25,True,https://i.scdn.co/image/ab67616d0000b273a9e6a250ea86a8f387873ef9
2026-01-09,34,The Night We Met,Lord Huron,90,208211,album,14,2015-04-06,False,https://i.scdn.co/image/ab67616d0000b27317875a0610c23d8946454583
2026-01-09,35,Cuando No Era Cantante - Remix,"El Bogueto, Anuel AA, Fuerza Regida, Yung Beef",89,327488,single,1,2025-12-10,True,https://i.scdn.co/image/ab67616d0000b27376ca2bb969e79a911090df63
2026-01-09,36,4 Raws,EsDeeKid,90,146666,album,11,2025-06-20,True,https://i.scdn.co/image/ab67616d0000b2732940ac3a182dac2a5ec72249
2026-01-09,37,Creep,Radiohead,92,238640,album,12,1993-02-22,True,https://i.scdn.co/image/ab67616d0000b273ec548c00d3ac2f10be73366d
2026-01-09,38,"One Of The Girls (with JENNIE, Lily Rose Depp)","The Weeknd, JENNIE, Lily-Rose Depp",92,244684,single,3,2023-06-23,False,https://i.scdn.co/image/ab67616d0000b273b0dd6a5cd1dec96c4119c262
2026-01-09,39,La Perla,"ROSALÍA, Yahritza Y Su Esencia",92,195546,album,15,2025-11-07,True,https://i.scdn.co/image/ab67616d0000b27393ee2e2f2dfb7de9befcc164
2026-01-09,40,WILDFLOWER,Billie Eilish,93,261466,album,10,2024-05-17,False,https://i.scdn.co/image/ab67616d0000b27371d62ea7ea8a5be92d3c1f62
2026-01-09,41,Sedia Aku Sebelum Hujan,Idgitaf,90,230130,single,1,2025-10-08,False,https://i.scdn.co/image/ab67616d0000b2738dc8c573565969d55f9f3477
2026-01-09,42,Posso Até Não Te Dar Flores,"DJ Japa NK, MC Meno K, MC Ryan SP, Mc Jacaré, DJ DAVI DOGDOG",92,158769,single,1,2025-09-11,True,https://i.scdn.co/image/ab67616d0000b27303965d16104282739d6e0a58
2026-01-09,43,Don’t Say You Love Me,Jin,87,180716,album,7,2025-05-16,False,https://i.scdn.co/image/ab67616d0000b27389228504f700641956e29f5d
2026-01-09,44,Manchild,Sabrina Carpenter,88,213645,album,12,2025-08-29,True,https://i.scdn.co/image/ab67616d0000b273b1863bf95557ea7f357c4947
2026-01-09,45,Beautiful Things,Benson Boone,89,180304,album,15,2024-04-05,False,https://i.scdn.co/image/ab67616d0000b273cc04ff3e70e146ba9abacf40
2026-01-09,46,One Dance,"Drake, Wizkid, Kyla",91,173986,album,20,2016-05-06,False,https://i.scdn.co/image/ab67616d0000b2739416ed64daf84936d89e671c
2026-01-09,47,Let Me Love You,"DJ Snake, Justin Bieber",3,205946,album,14,2016-08-05,False,https://i.scdn.co/image/ab67616d0000b2735045de6786e0af096de73ed4
2026-01-09,48,Espresso,Sabrina Carpenter,88,175459,album,12,2024-08-23,True,https://i.scdn.co/image/ab67616d0000b273fd8d7a8d96871e791cb1f626
2026-01-09,49,I Wanna Be Yours,Arctic Monkeys,92,183956,album,12,2013-09-09,False,https://i.scdn.co/image/ab67616d0000b2734ae1c4c5c45aabe565499163
2026-01-09,50,Yellow,Coldplay,92,266773,album,10,2000-07-10,False,https://i.scdn.co/image/ab67616d0000b2739164bafe9aaa168d93f4816a
2026-01-10,1,End of Beginning,Djo,97,159245,album,13,2022-09-16,False,https://i.scdn.co/image/ab67616d0000b273fddfffec51b4580acae727c1
2026-01-10,2,The Fate of Ophelia,Taylor Swift,100,226073,album,12,2025-10-03,False,https://i.scdn.co/image/ab67616d0000b273d7812467811a7da6e6a44902
2026-01-10,3,back to friends,sombr,92,199032,album,10,2025-08-22,False,https://i.scdn.co/image/ab67616d0000b273d2eb391e0b3c3bc21c127db6
2026-01-10,4,Man I Need,Olivia Dean,97,184000,single,3,2025-08-15,False,https://i.scdn.co/image/ab67616d0000b273e3d69e17dde129037a1f09e2
2026-01-10,5,Golden,"HUNTR/X, EJAE, AUDREY NUNA, REI AMI, KPop Demon Hunters Cast",98,194607,album,12,2025-06-20,False,https://i.scdn.co/image/ab67616d0000b2734dcb6c5df15cf74596ab25a4
2026-01-10,6,WHERE IS MY HUSBAND!,RAYE,96,196795,single,1,2025-09-19,False,https://i.scdn.co/image/ab67616d0000b2737cc8cee5c81409833e540974
2026-01-10,7,So Easy (To Fall In Love),Olivia Dean,96,169000,album,12,2025-09-26,False,https://i.scdn.co/image/ab67616d0000b2739a336bfb6d40bbd90a507417
2026-01-10,8,Ordinary,Alex Warren,92,186964,album,11,2024-09-26,False,https://i.scdn.co/image/ab67616d0000b27342fe69c0e7e5c92f01ece8ce
2026-01-10,9,Every Breath You Take,The Police,94,253920,album,11,1983-06-17,False,https://i.scdn.co/image/ab67616d0000b273c8e97cafeb2acb85b21a777e
2026-01-10,10,Lush Life,Zara Larsson,2,201122,single,1,2015-06-09,False,https://i.scdn.co/image/ab67616d0000b2736eaa0691ac9d790b41d21a91
2026-01-10,11,Die With A Smile,"Lady Gaga, Bruno Mars",92,251667,single,1,2024-08-16,False,https://i.scdn.co/image/ab67616d0000b27382ea2e9e1858aa012c57cd45
2026-01-10,12,BIRDS OF A FEATHER,Billie Eilish,95,210373,album,10,2024-05-17,False,https://i.scdn.co/image/ab67616d0000b27371d62ea7ea8a5be92d3c1f62
2026-01-10,13,CHANEL,Tyla,93,188059,single,1,2025-10-24,True,https://i.scdn.co/image/ab67616d0000b27346da32e81145086d96c5a396
2026-01-10,14,I Thought I Saw Your Face Today,She & Him,91,170333,album,13,2008-03-18,False,https://i.scdn.co/image/ab67616d0000b273a47c6d8a934b4833c0916cc9
2026-01-10,15,Iris,The Goo Goo Dolls,93,289533,album,13,1998-01-01,False,https://i.scdn.co/image/ab67616d0000b273eda9478c39a21e1cdc6609ca
2026-01-10,16,dopamina,"Peso Pluma, Tito Double P",87,185326,album,15,2025-12-25,True,https://i.scdn.co/image/ab67616d0000b273a9e6a250ea86a8f387873ef9
2026-01-10,17,Sailor Song,Gigi Perez,88,211978,single,1,2024-07-26,False,https://i.scdn.co/image/ab67616d0000b273e6065f209e0a01986206bd53
2026-01-10,18,Cuando No Era Cantante,"El Bogueto, Yung Beef",92,211084,album,23,2024-09-26,True,https://i.scdn.co/image/ab67616d0000b27315110c9ad66e065592cc3496
2026-01-10,19,Gabriela,KATSEYE,94,197226,single,2,2025-06-20,False,https://i.scdn.co/image/ab67616d0000b273f8d4d00ffe09373efb13ce29
2026-01-10,20,No Broke Boys,"Disco Lines, Tinashe",93,163994,single,1,2025-06-06,True,https://i.scdn.co/image/ab67616d0000b2735dcede7ece7b2cb72cee4eee
2026-01-10,21,Die On This Hill,SIENNA SPIRO,90,217008,single,4,2025-10-10,False,https://i.scdn.co/image/ab67616d0000b273ec4833919808083d733ca9af
2026-01-10,22,Sweater Weather,The Neighbourhood,92,240400,album,11,2013-04-22,False,https://i.scdn.co/image/ab67616d0000b2738265a736a1eb838ad5a0b921
2026-01-10,23,Opalite,Taylor Swift,94,235355,album,12,2025-10-03,False,https://i.scdn.co/image/ab67616d0000b273d7812467811a7da6e6a44902
2026-01-10,24,Love Me Not,Ravyn Lenae,89,213466,album,11,2024-08-09,False,https://i.scdn.co/image/ab67616d0000b273ef985ba96e76a9574cc68a30
2026-01-10,25,Running Up That Hill (A Deal With God),Kate Bush,9,298933,album,12,1985-01-01,False,https://i.scdn.co/image/ab67616d0000b27396ab64f52273635308b6bf27
2026-01-10,26,12 to 12,sombr,89,242903,album,10,2025-08-22,False,https://i.scdn.co/image/ab67616d0000b273d2eb391e0b3c3bc21c127db6
2026-01-10,27,Raindance (feat. Tems),"Dave, Tems",90,219743,album,10,2025-10-23,True,https://i.scdn.co/image/ab67616d0000b273fecaa7826bb0cbe139a8cb83
2026-01-10,28,"One Of The Girls (with JENNIE, Lily Rose Depp)","The Weeknd, JENNIE, Lily-Rose Depp",92,244684,single,3,2023-06-23,False,https://i.scdn.co/image/ab67616d0000b273b0dd6a5cd1dec96c4119c262
2026-01-10,29,DtMF,Bad Bunny,93,237117,album,17,2025-01-05,True,https://i.scdn.co/image/ab67616d0000b273bbd45c8d36e0e045ef640411
2026-01-10,30,Purple Rain,Prince,84,521866,album,9,1984-06-25,False,https://i.scdn.co/image/ab67616d0000b2738a2ce3f148f57584269c3782
2026-01-10,31,BAILE INoLVIDABLE,Bad Bunny,93,367725,album,17,2025-01-05,True,https://i.scdn.co/image/ab67616d0000b273bbd45c8d36e0e045ef640411
2026-01-10,32,daño,"Peso Pluma, Tito Double P",85,197007,album,15,2025-12-25,True,https://i.scdn.co/image/ab67616d0000b273a9e6a250ea86a8f387873ef9
2026-01-10,33,WILDFLOWER,Billie Eilish,93,261466,album,10,2024-05-17,False,https://i.scdn.co/image/ab67616d0000b27371d62ea7ea8a5be92d3c1f62
2026-01-10,34,Cuando No Era Cantante - Remix,"El Bogueto, Anuel AA, Fuerza Regida, Yung Beef",90,327488,single,1,2025-12-10,True,https://i.scdn.co/image/ab67616d0000b27376ca2bb969e79a911090df63
2026-01-10,35,Creep,Radiohead,92,238640,album,12,1993-02-22,True,https://i.scdn.co/image/ab67616d0000b273ec548c00d3ac2f10be73366d
2026-01-10,36,Beautiful Things,Benson Boone,89,180304,album,15,2024-04-05,False,https://i.scdn.co/image/ab67616d0000b273cc04ff3e70e146ba9abacf40
2026-01-10,37,La Perla,"ROSALÍA, Yahritza Y Su Esencia",92,195546,album,15,2025-11-07,True,https://i.scdn.co/image/ab67616d0000b27393ee2e2f2dfb7de9befcc164
2026-01-10,38,The Night We Met,Lord Huron,90,208211,album,14,2015-04-06,False,https://i.scdn.co/image/ab67616d0000b27317875a0610c23d8946454583
2026-01-10,39,Posso Até Não Te Dar Flores,"DJ Japa NK, MC Meno K, MC Ryan SP, Mc Jacaré, DJ DAVI DOGDOG",92,158769,single,1,2025-09-11,True,https://i.scdn.co/image/ab67616d0000b27303965d16104282739d6e0a58
2026-01-10,40,Who,Jimin,87,170887,album,7,2024-07-19,False,https://i.scdn.co/image/ab67616d0000b273f02c451189a709b9a952aaec
2026-01-10,41,4 Raws,EsDeeKid,90,146666,album,11,2025-06-20,True,https://i.scdn.co/image/ab67616d0000b2732940ac3a182dac2a5ec72249
2026-01-10,42,Sedia Aku Sebelum Hujan,Idgitaf,90,230130,single,1,2025-10-08,False,https://i.scdn.co/image/ab67616d0000b2738dc8c573565969d55f9f3477
2026-01-10,43,One Dance,"Drake, Wizkid, Kyla",91,173986,album,20,2016-05-06,False,https://i.scdn.co/image/ab67616d0000b2739416ed64daf84936d89e671c
2026-01-10,44,Internet Girl,KATSEYE,83,163831,single,2,2026-01-02,False,https://i.scdn.co/image/ab67616d0000b27376cf80e10aea7ef055e34ea3
2026-01-10,45,Don’t Say You Love Me,Jin,87,180716,album,7,2025-05-16,False,https://i.scdn.co/image/ab67616d0000b27389228504f700641956e29f5d
2026-01-10,46,Espresso,Sabrina Carpenter,88,175459,album,12,2024-08-23,True,https://i.scdn.co/image/ab67616d0000b273fd8d7a8d96871e791cb1f626
2026-01-10,47,I Wanna Be Yours,Arctic Monkeys,92,183956,album,12,2013-09-09,False,https://i.scdn.co/image/ab67616d0000b2734ae1c4c5c45aabe565499163
2026-01-10,48,Let Me Love You,"DJ Snake, Justin Bieber",3,205946,album,14,2016-08-05,False,https://i.scdn.co/image/ab67616d0000b2735045de6786e0af096de73ed4
2026-01-10,49,Manchild,Sabrina Carpenter,88,213645,album,12,2025-08-29,True,https://i.scdn.co/image/ab67616d0000b273b1863bf95557ea7f357c4947
2026-01-10,50,Yellow,Coldplay,92,266773,album,10,2000-07-10,False,https://i.scdn.co/image/ab67616d0000b2739164bafe9aaa168d93f4816a
2026-01-11,1,End of Beginning,Djo,98,159245,album,13,2022-09-16,False,https://i.scdn.co/image/ab67616d0000b273fddfffec51b4580acae727c1
2026-01-11,2,The Fate of Ophelia,Taylor Swift,100,226073,album,12,2025-10-03,False,https://i.scdn.co/image/ab67616d0000b273d7812467811a7da6e6a44902
2026-01-11,3,I Just Might,Bruno Mars,0,212973,single,1,2026-01-09,False,https://i.scdn.co/image/ab67616d0000b273e2887a1b6b98fc6c73bab12b
2026-01-11,4,Man I Need,Olivia Dean,97,184000,single,3,2025-08-15,False,https://i.scdn.co/image/ab67616d0000b273e3d69e17dde129037a1f09e2
2026-01-11,5,back to friends,sombr,92,199032,album,10,2025-08-22,False,https://i.scdn.co/image/ab67616d0000b273d2eb391e0b3c3bc21c127db6
2026-01-11,6,Golden,"HUNTR/X, EJAE, AUDREY NUNA, REI AMI, KPop Demon Hunters Cast",98,194607,album,12,2025-06-20,False,https://i.scdn.co/image/ab67616d0000b2734dcb6c5df15cf74596ab25a4
2026-01-11,7,WHERE IS MY HUSBAND!,RAYE,96,196795,single,1,2025-09-19,False,https://i.scdn.co/image/ab67616d0000b2737cc8cee5c81409833e540974
2026-01-11,8,So Easy (To Fall In Love),Olivia Dean,96,169000,album,12,2025-09-26,False,https://i.scdn.co/image/ab67616d0000b2739a336bfb6d40bbd90a507417
2026-01-11,9,Every Breath You Take,The Police,94,253920,album,11,1983-06-17,False,https://i.scdn.co/image/ab67616d0000b273c8e97cafeb2acb85b21a777e
2026-01-11,10,Lush Life,Zara Larsson,2,201122,single,1,2015-06-09,False,https://i.scdn.co/image/ab67616d0000b2736eaa0691ac9d790b41d21a91
2026-01-11,11,Ordinary,Alex Warren,92,186964,album,11,2024-09-26,False,https://i.scdn.co/image/ab67616d0000b27342fe69c0e7e5c92f01ece8ce
2026-01-11,12,Die With A Smile,"Lady Gaga, Bruno Mars",92,251667,single,1,2024-08-16,False,https://i.scdn.co/image/ab67616d0000b27382ea2e9e1858aa012c57cd45
2026-01-11,13,BIRDS OF A FEATHER,Billie Eilish,95,210373,album,10,2024-05-17,False,https://i.scdn.co/image/ab67616d0000b27371d62ea7ea8a5be92d3c1f62
2026-01-11,14,I Thought I Saw Your Face Today,She & Him,91,170333,album,13,2008-03-18,False,https://i.scdn.co/image/ab67616d0000b273a47c6d8a934b4833c0916cc9
2026-01-11,15,Iris,The Goo Goo Dolls,93,289533,album,13,1998-01-01,False,https://i.scdn.co/image/ab67616d0000b273eda9478c39a21e1cdc6609ca
2026-01-11,16,CHANEL,Tyla,93,188059,single,1,2025-10-24,True,https://i.scdn.co/image/ab67616d0000b27346da32e81145086d96c5a396
2026-01-11,17,dopamina,"Peso Pluma, Tito Double P",87,185326,album,15,2025-12-25,True,https://i.scdn.co/image/ab67616d0000b273a9e6a250ea86a8f387873ef9
2026-01-11,18,Die On This Hill,SIENNA SPIRO,90,217008,single,4,2025-10-10,False,https://i.scdn.co/image/ab67616d0000b273ec4833919808083d733ca9af
2026-01-11,19,Sailor Song,Gigi Perez,88,211978,single,1,2024-07-26,False,https://i.scdn.co/image/ab67616d0000b273e6065f209e0a01986206bd53
2026-01-11,20,Gabriela,KATSEYE,94,197226,single,2,2025-06-20,False,https://i.scdn.co/image/ab67616d0000b273f8d4d00ffe09373efb13ce29
2026-01-11,21,Cuando No Era Cantante,"El Bogueto, Yung Beef",92,211084,album,23,2024-09-26,True,https://i.scdn.co/image/ab67616d0000b27315110c9ad66e065592cc3496
2026-01-11,22,Opalite,Taylor Swift,94,235355,album,12,2025-10-03,False,https://i.scdn.co/image/ab67616d0000b273d7812467811a7da6e6a44902
2026-01-11,23,Love Me Not,Ravyn Lenae,89,213466,album,11,2024-08-09,False,https://i.scdn.co/image/ab67616d0000b273ef985ba96e76a9574cc68a30
2026-01-11,24,No Broke Boys,"Disco Lines, Tinashe",93,163994,single,1,2025-06-06,True,https://i.scdn.co/image/ab67616d0000b2735dcede7ece7b2cb72cee4eee
2026-01-11,25,Sweater Weather,The Neighbourhood,92,240400,album,11,2013-04-22,False,https://i.scdn.co/image/ab67616d0000b2738265a736a1eb838ad5a0b921
2026-01-11,26,"One Of The Girls (with JENNIE, Lily Rose Depp)","The Weeknd, JENNIE, Lily-Rose Depp",92,244684,single,3,2023-06-23,False,https://i.scdn.co/image/ab67616d0000b273b0dd6a5cd1dec96c4119c262
2026-01-11,27,Raindance (feat. Tems),"Dave, Tems",90,219743,album,10,2025-10-23,True,https://i.scdn.co/image/ab67616d0000b273fecaa7826bb0cbe139a8cb83
2026-01-11,28,daño,"Peso Pluma, Tito Double P",86,197007,album,15,2025-12-25,True,https://i.scdn.co/image/ab67616d0000b273a9e6a250ea86a8f387873ef9
2026-01-11,29,DtMF,Bad Bunny,93,237117,album,17,2025-01-05,True,https://i.scdn.co/image/ab67616d0000b273bbd45c8d36e0e045ef640411
2026-01-11,30,Running Up That Hill (A Deal With God),Kate Bush,9,298933,album,12,1985-01-01,False,https://i.scdn.co/image/ab67616d0000b27396ab64f52273635308b6bf27
2026-01-11,31,Posso Até Não Te Dar Flores,"DJ Japa NK, MC Meno K, MC Ryan SP, Mc Jacaré, DJ DAVI DOGDOG",92,158769,single,1,2025-09-11,True,https://i.scdn.co/image/ab67616d0000b27303965d16104282739d6e0a58
2026-01-11,32,Cuando No Era Cantante - Remix,"El Bogueto, Anuel AA, Fuerza Regida, Yung Beef",90,327488,single,1,2025-12-10,True,https://i.scdn.co/image/ab67616d0000b27376ca2bb969e79a911090df63
2026-01-11,33,BAILE INoLVIDABLE,Bad Bunny,93,367725,album,17,2025-01-05,True,https://i.scdn.co/image/ab67616d0000b273bbd45c8d36e0e045ef640411
2026-01-11,34,Purple Rain,Prince,84,521866,album,9,1984-06-25,False,https://i.scdn.co/image/ab67616d0000b2738a2ce3f148f57584269c3782
2026-01-11,35,Punk Rocky,A$AP Rocky,75,235344,single,1,2026-01-05,True,https://i.scdn.co/image/ab67616d0000b27376b996c684f6678357b4c7ec
2026-01-11,36,12 to 12,sombr,90,242903,album,10,2025-08-22,False,https://i.scdn.co/image/ab67616d0000b273d2eb391e0b3c3bc21c127db6
2026-01-11,37,WILDFLOWER,Billie Eilish,93,261466,album,10,2024-05-17,False,https://i.scdn.co/image/ab67616d0000b27371d62ea7ea8a5be92d3c1f62
2026-01-11,38,Beautiful Things,Benson Boone,89,180304,album,15,2024-04-05,False,https://i.scdn.co/image/ab67616d0000b273cc04ff3e70e146ba9abacf40
2026-01-11,39,La Perla,"ROSALÍA, Yahritza Y Su Esencia",92,195546,album,15,2025-11-07,True,https://i.scdn.co/image/ab67616d0000b27393ee2e2f2dfb7de9befcc164
2026-01-11,40,4 Raws,EsDeeKid,90,146666,album,11,2025-06-20,True,https://i.scdn.co/image/ab67616d0000b2732940ac3a182dac2a5ec72249
2026-01-11,41,Creep,Radiohead,92,238640,album,12,1993-02-22,True,https://i.scdn.co/image/ab67616d0000b273ec548c00d3ac2f10be73366d
2026-01-11,42,Yellow,Coldplay,92,266773,album,10,2000-07-10,False,https://i.scdn.co/image/ab67616d0000b2739164bafe9aaa168d93f4816a
2026-01-11,43,One Dance,"Drake, Wizkid, Kyla",91,173986,album,20,2016-05-06,False,https://i.scdn.co/image/ab67616d0000b2739416ed64daf84936d89e671c
2026-01-11,44,Who,Jimin,87,170887,album,7,2024-07-19,False,https://i.scdn.co/image/ab67616d0000b273f02c451189a709b9a952aaec
2026-01-11,45,APT.,"ROSÉ, Bruno Mars",85,169917,album,12,2024-12-06,False,https://i.scdn.co/image/ab67616d0000b2735074bd0894cb1340b8d8a678
2026-01-11,46,Sedia Aku Sebelum Hujan,Idgitaf,90,230130,single,1,2025-10-08,False,https://i.scdn.co/image/ab67616d0000b2738dc8c573565969d55f9f3477
2026-01-11,47,Espresso,Sabrina Carpenter,88,175459,album,12,2024-08-23,True,https://i.scdn.co/image/ab67616d0000b273fd8d7a8d96871e791cb1f626
2026-01-11,48,The Night We Met,Lord Huron,90,208211,album,14,2015-04-06,False,https://i.scdn.co/image/ab67616d0000b27317875a0610c23d8946454583
2026-01-11,49,That's What I Like,Bruno Mars,90,206693,album,9,2016-11-17,False,https://i.scdn.co/image/ab67616d0000b273232711f7d66a1e19e89e28c5
2026-01-11,50,I Wanna Be Yours,Arctic Monkeys,92,183956,album,12,2013-09-09,False,https://i.scdn.co/image/ab67616d0000b2734ae1c4c5c45aabe565499163
2026-01-12,1,End of Beginning,Djo,98,159245,album,13,2022-09-16,False,https://i.scdn.co/image/ab67616d0000b273fddfffec51b4580acae727c1
2026-01-12,2,The Fate of Ophelia,Taylor Swift,100,226073,album,12,2025-10-03,False,https://i.scdn.co/image/ab67616d0000b273d7812467811a7da6e6a44902
2026-01-12,3,Golden,"HUNTR/X, EJAE, AUDREY NUNA, REI AMI, KPop Demon Hunters Cast",98,194607,album,12,2025-06-20,False,https://i.scdn.co/image/ab67616d0000b2734dcb6c5df15cf74596ab25a4
2026-01-12,4,Man I Need,Olivia Dean,97,184000,single,3,2025-08-15,False,https://i.scdn.co/image/ab67616d0000b273e3d69e17dde129037a1f09e2
2026-01-12,5,back to friends,sombr,92,199032,album,10,2025-08-22,False,https://i.scdn.co/image/ab67616d0000b273d2eb391e0b3c3bc21c127db6
2026-01-12,6,WHERE IS MY HUSBAND!,RAYE,96,196795,single,1,2025-09-19,False,https://i.scdn.co/image/ab67616d0000b2737cc8cee5c81409833e540974
2026-01-12,7,Lush Life,Zara Larsson,2,201122,single,1,2015-06-09,False,https://i.scdn.co/image/ab67616d0000b2736eaa0691ac9d790b41d21a91
2026-01-12,8,I Just Might,Bruno Mars,78,212973,single,1,2026-01-09,False,https://i.scdn.co/image/ab67616d0000b273e2887a1b6b98fc6c73bab12b
2026-01-12,9,So Easy (To Fall In Love),Olivia Dean,96,169000,album,12,2025-09-26,False,https://i.scdn.co/image/ab67616d0000b2739a336bfb6d40bbd90a507417
2026-01-12,10,Every Breath You Take,The Police,94,253920,album,11,1983-06-17,False,https://i.scdn.co/image/ab67616d0000b273c8e97cafeb2acb85b21a777e
2026-01-12,11,Ordinary,Alex Warren,92,186964,album,11,2024-09-26,False,https://i.scdn.co/image/ab67616d0000b27342fe69c0e7e5c92f01ece8ce
2026-01-12,12,Die With A Smile,"Lady Gaga, Bruno Mars",92,251667,single,1,2024-08-16,False,https://i.scdn.co/image/ab67616d0000b27382ea2e9e1858aa012c57cd45
2026-01-12,13,CHANEL,Tyla,93,188059,single,1,2025-10-24,True,https://i.scdn.co/image/ab67616d0000b27346da32e81145086d96c5a396
2026-01-12,14,BIRDS OF A FEATHER,Billie Eilish,95,210373,album,10,2024-05-17,False,https://i.scdn.co/image/ab67616d0000b27371d62ea7ea8a5be92d3c1f62
2026-01-12,15,dopamina,"Peso Pluma, Tito Double P",88,185326,album,15,2025-12-25,True,https://i.scdn.co/image/ab67616d0000b273a9e6a250ea86a8f387873ef9
2026-01-12,16,I Thought I Saw Your Face Today,She & Him,91,170333,album,13,2008-03-18,False,https://i.scdn.co/image/ab67616d0000b273a47c6d8a934b4833c0916cc9
2026-01-12,17,Die On This Hill,SIENNA SPIRO,90,217008,single,4,2025-10-10,False,https://i.scdn.co/image/ab67616d0000b273ec4833919808083d733ca9af
2026-01-12,18,Gabriela,KATSEYE,94,197226,single,2,2025-06-20,False,https://i.scdn.co/image/ab67616d0000b273f8d4d00ffe09373efb13ce29
2026-01-12,19,Iris,The Goo Goo Dolls,93,289533,album,13,1998-01-01,False,https://i.scdn.co/image/ab67616d0000b273eda9478c39a21e1cdc6609ca
2026-01-12,20,That's What I Like,Bruno Mars,91,206693,album,9,2016-11-17,False,https://i.scdn.co/image/ab67616d0000b273232711f7d66a1e19e89e28c5
2026-01-12,21,Sailor Song,Gigi Perez,88,211978,single,1,2024-07-26,False,https://i.scdn.co/image/ab67616d0000b273e6065f209e0a01986206bd53
2026-01-12,22,No Broke Boys,"Disco Lines, Tinashe",93,163994,single,1,2025-06-06,True,https://i.scdn.co/image/ab67616d0000b2735dcede7ece7b2cb72cee4eee
2026-01-12,23,Raindance (feat. Tems),"Dave, Tems",90,219743,album,10,2025-10-23,True,https://i.scdn.co/image/ab67616d0000b273fecaa7826bb0cbe139a8cb83
2026-01-12,24,Locked out of Heaven,Bruno Mars,56,233653,album,10,2012-12-05,False,https://i.scdn.co/image/ab67616d0000b27349055dce3554e72e82082980
2026-01-12,25,Opalite,Taylor Swift,94,235355,album,12,2025-10-03,False,https://i.scdn.co/image/ab67616d0000b273d7812467811a7da6e6a44902
2026-01-12,26,Love Me Not,Ravyn Lenae,89,213466,album,11,2024-08-09,False,https://i.scdn.co/image/ab67616d0000b273ef985ba96e76a9574cc68a30
2026-01-12,27,Cuando No Era Cantante,"El Bogueto, Yung Beef",92,211084,album,23,2024-09-26,True,https://i.scdn.co/image/ab67616d0000b27315110c9ad66e065592cc3496
2026-01-12,28,daño,"Peso Pluma, Tito Double P",86,197007,album,15,2025-12-25,True,https://i.scdn.co/image/ab67616d0000b273a9e6a250ea86a8f387873ef9
2026-01-12,29,Posso Até Não Te Dar Flores,"DJ Japa NK, MC Meno K, MC Ryan SP, Mc Jacaré, DJ DAVI DOGDOG",92,158769,single,1,2025-09-11,True,https://i.scdn.co/image/ab67616d0000b27303965d16104282739d6e0a58
2026-01-12,30,Sweater Weather,The Neighbourhood,92,240400,album,11,2013-04-22,False,https://i.scdn.co/image/ab67616d0000b2738265a736a1eb838ad5a0b921
2026-01-12,31,DtMF,Bad Bunny,93,237117,album,17,2025-01-05,True,https://i.scdn.co/image/ab67616d0000b273bbd45c8d36e0e045ef640411
2026-01-12,32,BAILE INoLVIDABLE,Bad Bunny,93,367725,album,17,2025-01-05,True,https://i.scdn.co/image/ab67616d0000b273bbd45c8d36e0e045ef640411
2026-01-12,33,Cuando No Era Cantante - Remix,"El Bogueto, Anuel AA, Fuerza Regida, Yung Beef",90,327488,single,1,2025-12-10,True,https://i.scdn.co/image/ab67616d0000b27376ca2bb969e79a911090df63
2026-01-12,34,Running Up That Hill (A Deal With God),Kate Bush,9,298933,album,12,1985-01-01,False,https://i.scdn.co/image/ab67616d0000b27396ab64f52273635308b6bf27
2026-01-12,35,Purple Rain,Prince,85,521866,album,9,1984-06-25,False,https://i.scdn.co/image/ab67616d0000b2738a2ce3f148f57584269c3782
2026-01-12,36,Sedia Aku Sebelum Hujan,Idgitaf,90,230130,single,1,2025-10-08,False,https://i.scdn.co/image/ab67616d0000b2738dc8c573565969d55f9f3477
2026-01-12,37,APT.,"ROSÉ, Bruno Mars",85,169917,album,12,2024-12-06,False,https://i.scdn.co/image/ab67616d0000b2735074bd0894cb1340b8d8a678
2026-01-12,38,12 to 12,sombr,90,242903,album,10,2025-08-22,False,https://i.scdn.co/image/ab67616d0000b273d2eb391e0b3c3bc21c127db6
2026-01-12,39,"One Of The Girls (with JENNIE, Lily Rose Depp)","The Weeknd, JENNIE, Lily-Rose Depp",93,244684,single,3,2023-06-23,False,https://i.scdn.co/image/ab67616d0000b273b0dd6a5cd1dec96c4119c262
2026-01-12,40,One Dance,"Drake, Wizkid, Kyla",91,173986,album,20,2016-05-06,False,https://i.scdn.co/image/ab67616d0000b2739416ed64daf84936d89e671c
2026-01-12,41,4 Raws,EsDeeKid,90,146666,album,11,2025-06-20,True,https://i.scdn.co/image/ab67616d0000b2732940ac3a182dac2a5ec72249
2026-01-12,42,La Perla,"ROSALÍA, Yahritza Y Su Esencia",92,195546,album,15,2025-11-07,True,https://i.scdn.co/image/ab67616d0000b27393ee2e2f2dfb7de9befcc164
2026-01-12,43,Creep,Radiohead,92,238640,album,12,1993-02-22,True,https://i.scdn.co/image/ab67616d0000b273ec548c00d3ac2f10be73366d
2026-01-12,44,Who,Jimin,87,170887,album,7,2024-07-19,False,https://i.scdn.co/image/ab67616d0000b273f02c451189a709b9a952aaec
2026-01-12,45,Beautiful Things,Benson Boone,89,180304,album,15,2024-04-05,False,https://i.scdn.co/image/ab67616d0000b273cc04ff3e70e146ba9abacf40
2026-01-12,46,WILDFLOWER,Billie Eilish,93,261466,album,10,2024-05-17,False,https://i.scdn.co/image/ab67616d0000b27371d62ea7ea8a5be92d3c1f62
2026-01-12,47,Starboy,"The Weeknd, Daft Punk",91,230453,album,18,2016-11-25,True,https://i.scdn.co/image/ab67616d0000b2734718e2b124f79258be7bc452
2026-01-12,48,Let Me Love You,"DJ Snake, Justin Bieber",3,205946,album,14,2016-08-05,False,https://i.scdn.co/image/ab67616d0000b2735045de6786e0af096de73ed4
2026-01-12,49,The Night We Met,Lord Huron,90,208211,album,14,2015-04-06,False,https://i.scdn.co/image/ab67616d0000b27317875a0610c23d8946454583
2026-01-12,50,La Plena - W Sound 05,"W Sound, Beéle, Ovy On The Drums",90,150001,single,1,2025-02-19,True,https://i.scdn.co/image/ab67616d0000b2734740100d84f3667f1eae6870
2026-01-13,1,End of Beginning,Djo,98,159245,album,13,2022-09-16,False,https://i.scdn.co/image/ab67616d0000b273fddfffec51b4580acae727c1
2026-01-13,2,The Fate of Ophelia,Taylor Swift,100,226073,album,12,2025-10-03,False,https://i.scdn.co/image/ab67616d0000b273d7812467811a7da6e6a44902
2026-01-13,3,Man I Need,Olivia Dean,97,184000,single,3,2025-08-15,False,https://i.scdn.co/image/ab67616d0000b273e3d69e17dde129037a1f09e2
2026-01-13,4,back to friends,sombr,92,199032,album,10,2025-08-22,False,https://i.scdn.co/image/ab67616d0000b273d2eb391e0b3c3bc21c127db6
2026-01-13,5,Golden,"HUNTR/X, EJAE, AUDREY NUNA, REI AMI, KPop Demon Hunters Cast",98,194607,album,12,2025-06-20,False,https://i.scdn.co/image/ab67616d0000b2734dcb6c5df15cf74596ab25a4
2026-01-13,6,Lush Life,Zara Larsson,2,201122,single,1,2015-06-09,False,https://i.scdn.co/image/ab67616d0000b2736eaa0691ac9d790b41d21a91
2026-01-13,7,WHERE IS MY HUSBAND!,RAYE,96,196795,single,1,2025-09-19,False,https://i.scdn.co/image/ab67616d0000b2737cc8cee5c81409833e540974
2026-01-13,8,So Easy (To Fall In Love),Olivia Dean,96,169000,album,12,2025-09-26,False,https://i.scdn.co/image/ab67616d0000b2739a336bfb6d40bbd90a507417
2026-01-13,9,Die With A Smile,"Lady Gaga, Bruno Mars",92,251667,single,1,2024-08-16,False,https://i.scdn.co/image/ab67616d0000b27382ea2e9e1858aa012c57cd45
2026-01-13,10,I Just Might,Bruno Mars,84,212973,single,1,2026-01-09,False,https://i.scdn.co/image/ab67616d0000b273e2887a1b6b98fc6c73bab12b
2026-01-13,11,Every Breath You Take,The Police,95,253920,album,11,1983-06-17,False,https://i.scdn.co/image/ab67616d0000b273c8e97cafeb2acb85b21a777e
2026-01-13,12,Ordinary,Alex Warren,92,186964,album,11,2024-09-26,False,https://i.scdn.co/image/ab67616d0000b27342fe69c0e7e5c92f01ece8ce
2026-01-13,13,I Thought I Saw Your Face Today,She & Him,91,170333,album,13,2008-03-18,False,https://i.scdn.co/image/ab67616d0000b273a47c6d8a934b4833c0916cc9
2026-01-13,14,Locked out of Heaven,Bruno Mars,57,233653,album,10,2012-12-05,False,https://i.scdn.co/image/ab67616d0000b27349055dce3554e72e82082980
2026-01-13,15,Die On This Hill,SIENNA SPIRO,90,217008,single,4,2025-10-10,False,https://i.scdn.co/image/ab67616d0000b273ec4833919808083d733ca9af
2026-01-13,16,That's What I Like,Bruno Mars,91,206693,album,9,2016-11-17,False,https://i.scdn.co/image/ab67616d0000b273232711f7d66a1e19e89e28c5
2026-01-13,17,CHANEL,Tyla,93,188059,single,1,2025-10-24,True,https://i.scdn.co/image/ab67616d0000b27346da32e81145086d96c5a396
2026-01-13,18,BIRDS OF A FEATHER,Billie Eilish,95,210373,album,10,2024-05-17,False,https://i.scdn.co/image/ab67616d0000b27371d62ea7ea8a5be92d3c1f62
2026-01-13,19,Gabriela,KATSEYE,94,197226,single,2,2025-06-20,False,https://i.scdn.co/image/ab67616d0000b273f8d4d00ffe09373efb13ce29
2026-01-13,20,dopamina,"Peso Pluma, Tito Double P",88,185326,album,15,2025-12-25,True,https://i.scdn.co/image/ab67616d0000b273a9e6a250ea86a8f387873ef9
2026-01-13,21,Raindance (feat. Tems),"Dave, Tems",91,219743,album,10,2025-10-23,True,https://i.scdn.co/image/ab67616d0000b273fecaa7826bb0cbe139a8cb83
2026-01-13,22,Iris,The Goo Goo Dolls,93,289533,album,13,1998-01-01,False,https://i.scdn.co/image/ab67616d0000b273eda9478c39a21e1cdc6609ca
2026-01-13,23,Sailor Song,Gigi Perez,88,211978,single,1,2024-07-26,False,https://i.scdn.co/image/ab67616d0000b273e6065f209e0a01986206bd53
2026-01-13,24,No Broke Boys,"Disco Lines, Tinashe",93,163994,single,1,2025-06-06,True,https://i.scdn.co/image/ab67616d0000b2735dcede7ece7b2cb72cee4eee
2026-01-13,25,Sweater Weather,The Neighbourhood,92,240400,album,11,2013-04-22,False,https://i.scdn.co/image/ab67616d0000b2738265a736a1eb838ad5a0b921
2026-01-13,26,Love Me Not,Ravyn Lenae,89,213466,album,11,2024-08-09,False,https://i.scdn.co/image/ab67616d0000b273ef985ba96e76a9574cc68a30
2026-01-13,27,Cuando No Era Cantante,"El Bogueto, Yung Beef",92,211084,album,23,2024-09-26,True,https://i.scdn.co/image/ab67616d0000b27315110c9ad66e065592cc3496
2026-01-13,28,Opalite,Taylor Swift,94,235355,album,12,2025-10-03,False,https://i.scdn.co/image/ab67616d0000b273d7812467811a7da6e6a44902
2026-01-13,29,Sedia Aku Sebelum Hujan,Idgitaf,90,230130,single,1,2025-10-08,False,https://i.scdn.co/image/ab67616d0000b2738dc8c573565969d55f9f3477
2026-01-13,30,Just the Way You Are,Bruno Mars,86,220734,album,10,2010-05-11,False,https://i.scdn.co/image/ab67616d0000b273f6b55ca93bd33211227b502b
2026-01-13,31,"One Of The Girls (with JENNIE, Lily Rose Depp)","The Weeknd, JENNIE, Lily-Rose Depp",93,244684,single,3,2023-06-23,False,https://i.scdn.co/image/ab67616d0000b273b0dd6a5cd1dec96c4119c262
2026-01-13,32,Who,Jimin,87,170887,album,7,2024-07-19,False,https://i.scdn.co/image/ab67616d0000b273f02c451189a709b9a952aaec
2026-01-13,33,DtMF,Bad Bunny,93,237117,album,17,2025-01-05,True,https://i.scdn.co/image/ab67616d0000b273bbd45c8d36e0e045ef640411
2026-01-13,34,Posso Até Não Te Dar Flores,"DJ Japa NK, MC Meno K, MC Ryan SP, Mc Jacaré, DJ DAVI DOGDOG",92,158769,single,1,2025-09-11,True,https://i.scdn.co/image/ab67616d0000b27303965d16104282739d6e0a58
2026-01-13,35,BAILE INoLVIDABLE,Bad Bunny,93,367725,album,17,2025-01-05,True,https://i.scdn.co/image/ab67616d0000b273bbd45c8d36e0e045ef640411
2026-01-13,36,Running Up That Hill (A Deal With God),Kate Bush,9,298933,album,12,1985-01-01,False,https://i.scdn.co/image/ab67616d0000b27396ab64f52273635308b6bf27
2026-01-13,37,Purple Rain,Prince,85,521866,album,9,1984-06-25,False,https://i.scdn.co/image/ab67616d0000b2738a2ce3f148f57584269c3782
2026-01-13,38,daño,"Peso Pluma, Tito Double P",87,197007,album,15,2025-12-25,True,https://i.scdn.co/image/ab67616d0000b273a9e6a250ea86a8f387873ef9
2026-01-13,39,12 to 12,sombr,90,242903,album,10,2025-08-22,False,https://i.scdn.co/image/ab67616d0000b273d2eb391e0b3c3bc21c127db6
2026-01-13,40,WILDFLOWER,Billie Eilish,93,261466,album,10,2024-05-17,False,https://i.scdn.co/image/ab67616d0000b27371d62ea7ea8a5be92d3c1f62
2026-01-13,41,4 Raws,EsDeeKid,91,146666,album,11,2025-06-20,True,https://i.scdn.co/image/ab67616d0000b2732940ac3a182dac2a5ec72249
2026-01-13,42,Cuando No Era Cantante - Remix,"El Bogueto, Anuel AA, Fuerza Regida, Yung Beef",90,327488,single,1,2025-12-10,True,https://i.scdn.co/image/ab67616d0000b27376ca2bb969e79a911090df63
2026-01-13,43,Creep,Radiohead,92,238640,album,12,1993-02-22,True,https://i.scdn.co/image/ab67616d0000b273ec548c00d3ac2f10be73366d
2026-01-13,44,I Wanna Be Yours,Arctic Monkeys,92,183956,album,12,2013-09-09,False,https://i.scdn.co/image/ab67616d0000b2734ae1c4c5c45aabe565499163
2026-01-13,45,One Dance,"Drake, Wizkid, Kyla",91,173986,album,20,2016-05-06,False,https://i.scdn.co/image/ab67616d0000b2739416ed64daf84936d89e671c
2026-01-13,46,The Night We Met,Lord Huron,90,208211,album,14,2015-04-06,False,https://i.scdn.co/image/ab67616d0000b27317875a0610c23d8946454583
2026-01-13,47,APT.,"ROSÉ, Bruno Mars",85,169917,album,12,2024-12-06,False,https://i.scdn.co/image/ab67616d0000b2735074bd0894cb1340b8d8a678
2026-01-13,48,Don’t Say You Love Me,Jin,87,180716,album,7,2025-05-16,False,https://i.scdn.co/image/ab67616d0000b27389228504f700641956e29f5d
2026-01-13,49,Let Me Love You,"DJ Snake, Justin Bieber",4,205946,album,14,2016-08-05,False,https://i.scdn.co/image/ab67616d0000b2735045de6786e0af096de73ed4
2026-01-13,50,Starboy,"The Weeknd, Daft Punk",91,230453,album,18,2016-11-25,True,https://i.scdn.co/image/ab67616d0000b2734718e2b124f79258be7bc452
2026-01-14,1,End of Beginning,Djo,98,159245,album,13,2022-09-16,False,https://i.scdn.co/image/ab67616d0000b273fddfffec51b4580acae727c1
2026-01-14,2,The Fate of Ophelia,Taylor Swift,100,226073,album,12,2025-10-03,False,https://i.scdn.co/image/ab67616d0000b273d7812467811a7da6e6a44902
2026-01-14,3,back to friends,sombr,92,199032,album,10,2025-08-22,False,https://i.scdn.co/image/ab67616d0000b273d2eb391e0b3c3bc21c127db6
2026-01-14,4,Man I Need,Olivia Dean,97,184000,single,3,2025-08-15,False,https://i.scdn.co/image/ab67616d0000b273e3d69e17dde129037a1f09e2
2026-01-14,5,Golden,"HUNTR/X, EJAE, AUDREY NUNA, REI AMI, KPop Demon Hunters Cast",98,194607,album,12,2025-06-20,False,https://i.scdn.co/image/ab67616d0000b2734dcb6c5df15cf74596ab25a4
2026-01-14,6,I Just Might,Bruno Mars,84,212973,single,1,2026-01-09,False,https://i.scdn.co/image/ab67616d0000b273e2887a1b6b98fc6c73bab12b
2026-01-14,7,WHERE IS MY HUSBAND!,RAYE,96,196795,single,1,2025-09-19,False,https://i.scdn.co/image/ab67616d0000b2737cc8cee5c81409833e540974
2026-01-14,8,Lush Life,Zara Larsson,2,201122,single,1,2015-06-09,False,https://i.scdn.co/image/ab67616d0000b2736eaa0691ac9d790b41d21a91
2026-01-14,9,So Easy (To Fall In Love),Olivia Dean,96,169000,album,12,2025-09-26,False,https://i.scdn.co/image/ab67616d0000b2739a336bfb6d40bbd90a507417
2026-01-14,10,Every Breath You Take,The Police,95,253920,album,11,1983-06-17,False,https://i.scdn.co/image/ab67616d0000b273c8e97cafeb2acb85b21a777e
2026-01-14,11,Die With A Smile,"Lady Gaga, Bruno Mars",92,251667,single,1,2024-08-16,False,https://i.scdn.co/image/ab67616d0000b27382ea2e9e1858aa012c57cd45
2026-01-14,12,Ordinary,Alex Warren,92,186964,album,11,2024-09-26,False,https://i.scdn.co/image/ab67616d0000b27342fe69c0e7e5c92f01ece8ce
2026-01-14,13,Die On This Hill,SIENNA SPIRO,90,217008,single,4,2025-10-10,False,https://i.scdn.co/image/ab67616d0000b273ec4833919808083d733ca9af
2026-01-14,14,I Thought I Saw Your Face Today,She & Him,91,170333,album,13,2008-03-18,False,https://i.scdn.co/image/ab67616d0000b273a47c6d8a934b4833c0916cc9
2026-01-14,15,Raindance (feat. Tems),"Dave, Tems",91,219743,album,10,2025-10-23,True,https://i.scdn.co/image/ab67616d0000b273fecaa7826bb0cbe139a8cb83
2026-01-14,16,BIRDS OF A FEATHER,Billie Eilish,95,210373,album,10,2024-05-17,False,https://i.scdn.co/image/ab67616d0000b27371d62ea7ea8a5be92d3c1f62
2026-01-14,17,CHANEL,Tyla,93,188059,single,1,2025-10-24,True,https://i.scdn.co/image/ab67616d0000b27346da32e81145086d96c5a396
2026-01-14,18,Locked out of Heaven,Bruno Mars,57,233653,album,10,2012-12-05,False,https://i.scdn.co/image/ab67616d0000b27349055dce3554e72e82082980
2026-01-14,19,Iris,The Goo Goo Dolls,93,289533,album,13,1998-01-01,False,https://i.scdn.co/image/ab67616d0000b273eda9478c39a21e1cdc6609ca
2026-01-14,20,dopamina,"Peso Pluma, Tito Double P",88,185326,album,15,2025-12-25,True,https://i.scdn.co/image/ab67616d0000b273a9e6a250ea86a8f387873ef9
2026-01-14,21,Gabriela,KATSEYE,94,197226,single,2,2025-06-20,False,https://i.scdn.co/image/ab67616d0000b273f8d4d00ffe09373efb13ce29
2026-01-14,22,Sailor Song,Gigi Perez,88,211978,single,1,2024-07-26,False,https://i.scdn.co/image/ab67616d0000b273e6065f209e0a01986206bd53
2026-01-14,23,That's What I Like,Bruno Mars,91,206693,album,9,2016-11-17,False,https://i.scdn.co/image/ab67616d0000b273232711f7d66a1e19e89e28c5
2026-01-14,24,Sweater Weather,The Neighbourhood,92,240400,album,11,2013-04-22,False,https://i.scdn.co/image/ab67616d0000b2738265a736a1eb838ad5a0b921
2026-01-14,25,Cuando No Era Cantante,"El Bogueto, Yung Beef",92,211084,album,23,2024-09-26,True,https://i.scdn.co/image/ab67616d0000b27315110c9ad66e065592cc3496
2026-01-14,26,No Broke Boys,"Disco Lines, Tinashe",93,163994,single,1,2025-06-06,True,https://i.scdn.co/image/ab67616d0000b2735dcede7ece7b2cb72cee4eee
2026-01-14,27,Opalite,Taylor Swift,94,235355,album,12,2025-10-03,False,https://i.scdn.co/image/ab67616d0000b273d7812467811a7da6e6a44902
2026-01-14,28,Love Me Not,Ravyn Lenae,89,213466,album,11,2024-08-09,False,https://i.scdn.co/image/ab67616d0000b273ef985ba96e76a9574cc68a30
2026-01-14,29,"One Of The Girls (with JENNIE, Lily Rose Depp)","The Weeknd, JENNIE, Lily-Rose Depp",93,244684,single,3,2023-06-23,False,https://i.scdn.co/image/ab67616d0000b273b0dd6a5cd1dec96c4119c262
2026-01-14,30,DtMF,Bad Bunny,93,237117,album,17,2025-01-05,True,https://i.scdn.co/image/ab67616d0000b273bbd45c8d36e0e045ef640411
2026-01-14,31,BAILE INoLVIDABLE,Bad Bunny,93,367725,album,17,2025-01-05,True,https://i.scdn.co/image/ab67616d0000b273bbd45c8d36e0e045ef640411
2026-01-14,32,4 Raws,EsDeeKid,91,146666,album,11,2025-06-20,True,https://i.scdn.co/image/ab67616d0000b2732940ac3a182dac2a5ec72249
2026-01-14,33,Creep,Radiohead,92,238640,album,12,1993-02-22,True,https://i.scdn.co/image/ab67616d0000b273ec548c00d3ac2f10be73366d
2026-01-14,34,daño,"Peso Pluma, Tito Double P",87,197007,album,15,2025-12-25,True,https://i.scdn.co/image/ab67616d0000b273a9e6a250ea86a8f387873ef9
2026-01-14,35,The Night We Met,Lord Huron,90,208211,album,14,2015-04-06,False,https://i.scdn.co/image/ab67616d0000b27317875a0610c23d8946454583
2026-01-14,36,Purple Rain,Prince,86,521866,album,9,1984-06-25,False,https://i.scdn.co/image/ab67616d0000b2738a2ce3f148f57584269c3782
2026-01-14,37,Running Up That Hill (A Deal With God),Kate Bush,9,298933,album,12,1985-01-01,False,https://i.scdn.co/image/ab67616d0000b27396ab64f52273635308b6bf27
2026-01-14,38,WILDFLOWER,Billie Eilish,93,261466,album,10,2024-05-17,False,https://i.scdn.co/image/ab67616d0000b27371d62ea7ea8a5be92d3c1f62
2026-01-14,39,12 to 12,sombr,90,242903,album,10,2025-08-22,False,https://i.scdn.co/image/ab67616d0000b273d2eb391e0b3c3bc21c127db6
2026-01-14,40,Who,Jimin,87,170887,album,7,2024-07-19,False,https://i.scdn.co/image/ab67616d0000b273f02c451189a709b9a952aaec
2026-01-14,41,Cuando No Era Cantante - Remix,"El Bogueto, Anuel AA, Fuerza Regida, Yung Beef",90,327488,single,1,2025-12-10,True,https://i.scdn.co/image/ab67616d0000b27376ca2bb969e79a911090df63
2026-01-14,42,Yellow,Coldplay,92,266773,album,10,2000-07-10,False,https://i.scdn.co/image/ab67616d0000b2739164bafe9aaa168d93f4816a
2026-01-14,43,Let Me Love You,"DJ Snake, Justin Bieber",4,205946,album,14,2016-08-05,False,https://i.scdn.co/image/ab67616d0000b2735045de6786e0af096de73ed4
2026-01-14,44,Beautiful Things,Benson Boone,89,180304,album,15,2024-04-05,False,https://i.scdn.co/image/ab67616d0000b273cc04ff3e70e146ba9abacf40
2026-01-14,45,Posso Até Não Te Dar Flores,"DJ Japa NK, MC Meno K, MC Ryan SP, Mc Jacaré, DJ DAVI DOGDOG",92,158769,single,1,2025-09-11,True,https://i.scdn.co/image/ab67616d0000b27303965d16104282739d6e0a58
2026-01-14,46,One Dance,"Drake, Wizkid, Kyla",91,173986,album,20,2016-05-06,False,https://i.scdn.co/image/ab67616d0000b2739416ed64daf84936d89e671c
2026-01-14,47,Just the Way You Are,Bruno Mars,86,220734,album,10,2010-05-11,False,https://i.scdn.co/image/ab67616d0000b273f6b55ca93bd33211227b502b
2026-01-14,48,I Wanna Be Yours,Arctic Monkeys,92,183956,album,12,2013-09-09,False,https://i.scdn.co/image/ab67616d0000b2734ae1c4c5c45aabe565499163
2026-01-14,49,La Perla,"ROSALÍA, Yahritza Y Su Esencia",92,195546,album,15,2025-11-07,True,https://i.scdn.co/image/ab67616d0000b27393ee2e2f2dfb7de9befcc164
2026-01-14,50,Don’t Say You Love Me,Jin,87,180716,album,7,2025-05-16,False,https://i.scdn.co/image/ab67616d0000b27389228504f700641956e29f5d
2026-01-15,1,End of Beginning,Djo,99,159245,album,13,2022-09-16,False,https://i.scdn.co/image/ab67616d0000b273fddfffec51b4580acae727c1
2026-01-15,2,The Fate of Ophelia,Taylor Swift,100,226073,album,12,2025-10-03,False,https://i.scdn.co/image/ab67616d0000b273d7812467811a7da6e6a44902
2026-01-15,3,back to friends,sombr,93,199032,album,10,2025-08-22,False,https://i.scdn.co/image/ab67616d0000b273d2eb391e0b3c3bc21c127db6
2026-01-15,4,Man I Need,Olivia Dean,97,184000,single,3,2025-08-15,False,https://i.scdn.co/image/ab67616d0000b273e3d69e17dde129037a1f09e2
2026-01-15,5,Golden,"HUNTR/X, EJAE, AUDREY NUNA, REI AMI, KPop Demon Hunters Cast",98,194607,album,12,2025-06-20,False,https://i.scdn.co/image/ab67616d0000b2734dcb6c5df15cf74596ab25a4
2026-01-15,6,I Just Might,Bruno Mars,86,212973,single,1,2026-01-09,False,https://i.scdn.co/image/ab67616d0000b273e2887a1b6b98fc6c73bab12b
2026-01-15,7,WHERE IS MY HUSBAND!,RAYE,96,196795,single,1,2025-09-19,False,https://i.scdn.co/image/ab67616d0000b2737cc8cee5c81409833e540974
2026-01-15,8,So Easy (To Fall In Love),Olivia Dean,96,169000,album,12,2025-09-26,False,https://i.scdn.co/image/ab67616d0000b2739a336bfb6d40bbd90a507417
2026-01-15,9,Lush Life,Zara Larsson,2,201122,single,1,2015-06-09,False,https://i.scdn.co/image/ab67616d0000b2736eaa0691ac9d790b41d21a91
2026-01-15,10,Die On This Hill,SIENNA SPIRO,91,217008,single,4,2025-10-10,False,https://i.scdn.co/image/ab67616d0000b273ec4833919808083d733ca9af
2026-01-15,11,Every Breath You Take,The Police,95,253920,album,11,1983-06-17,False,https://i.scdn.co/image/ab67616d0000b273c8e97cafeb2acb85b21a777e
2026-01-15,12,Die With A Smile,"Lady Gaga, Bruno Mars",92,251667,single,1,2024-08-16,False,https://i.scdn.co/image/ab67616d0000b27382ea2e9e1858aa012c57cd45
2026-01-15,13,Ordinary,Alex Warren,92,186964,album,11,2024-09-26,False,https://i.scdn.co/image/ab67616d0000b27342fe69c0e7e5c92f01ece8ce
2026-01-15,14,Raindance (feat. Tems),"Dave, Tems",91,219743,album,10,2025-10-23,True,https://i.scdn.co/image/ab67616d0000b273fecaa7826bb0cbe139a8cb83
2026-01-15,15,I Thought I Saw Your Face Today,She & Him,92,170333,album,13,2008-03-18,False,https://i.scdn.co/image/ab67616d0000b273a47c6d8a934b4833c0916cc9
2026-01-15,16,BIRDS OF A FEATHER,Billie Eilish,95,210373,album,10,2024-05-17,False,https://i.scdn.co/image/ab67616d0000b27371d62ea7ea8a5be92d3c1f62
2026-01-15,17,Iris,The Goo Goo Dolls,93,289533,album,13,1998-01-01,False,https://i.scdn.co/image/ab67616d0000b273eda9478c39a21e1cdc6609ca
2026-01-15,18,CHANEL,Tyla,93,188059,single,1,2025-10-24,True,https://i.scdn.co/image/ab67616d0000b27346da32e81145086d96c5a396
2026-01-15,19,Sweater Weather,The Neighbourhood,92,240400,album,11,2013-04-22,False,https://i.scdn.co/image/ab67616d0000b2738265a736a1eb838ad5a0b921
2026-01-15,20,dopamina,"Peso Pluma, Tito Double P",89,185326,album,15,2025-12-25,True,https://i.scdn.co/image/ab67616d0000b273a9e6a250ea86a8f387873ef9
2026-01-15,21,Sailor Song,Gigi Perez,88,211978,single,1,2024-07-26,False,https://i.scdn.co/image/ab67616d0000b273e6065f209e0a01986206bd53
2026-01-15,22,Locked out of Heaven,Bruno Mars,57,233653,album,10,2012-12-05,False,https://i.scdn.co/image/ab67616d0000b27349055dce3554e72e82082980
2026-01-15,23,Gabriela,KATSEYE,94,197226,single,2,2025-06-20,False,https://i.scdn.co/image/ab67616d0000b273f8d4d00ffe09373efb13ce29
2026-01-15,24,No Broke Boys,"Disco Lines, Tinashe",93,163994,single,1,2025-06-06,True,https://i.scdn.co/image/ab67616d0000b2735dcede7ece7b2cb72cee4eee
2026-01-15,25,Cuando No Era Cantante,"El Bogueto, Yung Beef",92,211084,album,23,2024-09-26,True,https://i.scdn.co/image/ab67616d0000b27315110c9ad66e065592cc3496
2026-01-15,26,Love Me Not,Ravyn Lenae,89,213466,album,11,2024-08-09,False,https://i.scdn.co/image/ab67616d0000b273ef985ba96e76a9574cc68a30
2026-01-15,27,Opalite,Taylor Swift,94,235355,album,12,2025-10-03,False,https://i.scdn.co/image/ab67616d0000b273d7812467811a7da6e6a44902
2026-01-15,28,That's What I Like,Bruno Mars,91,206693,album,9,2016-11-17,False,https://i.scdn.co/image/ab67616d0000b273232711f7d66a1e19e89e28c5
2026-01-15,29,4 Raws,EsDeeKid,91,146666,album,11,2025-06-20,True,https://i.scdn.co/image/ab67616d0000b2732940ac3a182dac2a5ec72249
2026-01-15,30,DtMF,Bad Bunny,93,237117,album,17,2025-01-05,True,https://i.scdn.co/image/ab67616d0000b273bbd45c8d36e0e045ef640411
2026-01-15,31,"One Of The Girls (with JENNIE, Lily Rose Depp)","The Weeknd, JENNIE, Lily-Rose Depp",93,244684,single,3,2023-06-23,False,https://i.scdn.co/image/ab67616d0000b273b0dd6a5cd1dec96c4119c262
2026-01-15,32,BAILE INoLVIDABLE,Bad Bunny,93,367725,album,17,2025-01-05,True,https://i.scdn.co/image/ab67616d0000b273bbd45c8d36e0e045ef640411
2026-01-15,33,12 to 12,sombr,90,242903,album,10,2025-08-22,False,https://i.scdn.co/image/ab67616d0000b273d2eb391e0b3c3bc21c127db6
2026-01-15,34,The Night We Met,Lord Huron,90,208211,album,14,2015-04-06,False,https://i.scdn.co/image/ab67616d0000b27317875a0610c23d8946454583
2026-01-15,35,daño,"Peso Pluma, Tito Double P",87,197007,album,15,2025-12-25,True,https://i.scdn.co/image/ab67616d0000b273a9e6a250ea86a8f387873ef9
2026-01-15,36,Cuando No Era Cantante - Remix,"El Bogueto, Anuel AA, Fuerza Regida, Yung Beef",90,327488,single,1,2025-12-10,True,https://i.scdn.co/image/ab67616d0000b27376ca2bb969e79a911090df63
2026-01-15,37,Creep,Radiohead,93,238640,album,12,1993-02-22,True,https://i.scdn.co/image/ab67616d0000b273ec548c00d3ac2f10be73366d
2026-01-15,38,WILDFLOWER,Billie Eilish,93,261466,album,10,2024-05-17,False,https://i.scdn.co/image/ab67616d0000b27371d62ea7ea8a5be92d3c1f62
2026-01-15,39,Who,Jimin,87,170887,album,7,2024-07-19,False,https://i.scdn.co/image/ab67616d0000b273f02c451189a709b9a952aaec
2026-01-15,40,Yellow,Coldplay,92,266773,album,10,2000-07-10,False,https://i.scdn.co/image/ab67616d0000b2739164bafe9aaa168d93f4816a
2026-01-15,41,One Dance,"Drake, Wizkid, Kyla",91,173986,album,20,2016-05-06,False,https://i.scdn.co/image/ab67616d0000b2739416ed64daf84936d89e671c
2026-01-15,42,Let Me Love You,"DJ Snake, Justin Bieber",4,205946,album,14,2016-08-05,False,https://i.scdn.co/image/ab67616d0000b2735045de6786e0af096de73ed4
2026-01-15,43,Running Up That Hill (A Deal With God),Kate Bush,9,298933,album,12,1985-01-01,False,https://i.scdn.co/image/ab67616d0000b27396ab64f52273635308b6bf27
2026-01-15,44,Don’t Say You Love Me,Jin,87,180716,album,7,2025-05-16,False,https://i.scdn.co/image/ab67616d0000b27389228504f700641956e29f5d
2026-01-15,45,I Wanna Be Yours,Arctic Monkeys,92,183956,album,12,2013-09-09,False,https://i.scdn.co/image/ab67616d0000b2734ae1c4c5c45aabe565499163
2026-01-15,46,La Perla,"ROSALÍA, Yahritza Y Su Esencia",92,195546,album,15,2025-11-07,True,https://i.scdn.co/image/ab67616d0000b27393ee2e2f2dfb7de9befcc164
2026-01-15,47,Beautiful Things,Benson Boone,89,180304,album,15,2024-04-05,False,https://i.scdn.co/image/ab67616d0000b273cc04ff3e70e146ba9abacf40
2026-01-15,48,Starboy,"The Weeknd, Daft Punk",91,230453,album,18,2016-11-25,True,https://i.scdn.co/image/ab67616d0000b2734718e2b124f79258be7bc452
2026-01-15,49,Purple Rain,Prince,86,521866,album,9,1984-06-25,False,https://i.scdn.co/image/ab67616d0000b2738a2ce3f148f57584269c3782
2026-01-15,50,Espresso,Sabrina Carpenter,88,175459,album,12,2024-08-23,True,https://i.scdn.co/image/ab67616d0000b273fd8d7a8d96871e791cb1f626
2026-01-16,1,End of Beginning,Djo,99,159245,album,13,2022-09-16,False,https://i.scdn.co/image/ab67616d0000b273fddfffec51b4580acae727c1
2026-01-16,2,The Fate of Ophelia,Taylor Swift,100,226073,album,12,2025-10-03,False,https://i.scdn.co/image/ab67616d0000b273d7812467811a7da6e6a44902
2026-01-16,3,I Just Might,Bruno Mars,87,212973,single,1,2026-01-09,False,https://i.scdn.co/image/ab67616d0000b273e2887a1b6b98fc6c73bab12b
2026-01-16,4,back to friends,sombr,93,199032,album,10,2025-08-22,False,https://i.scdn.co/image/ab67616d0000b273d2eb391e0b3c3bc21c127db6
2026-01-16,5,Man I Need,Olivia Dean,97,184000,single,3,2025-08-15,False,https://i.scdn.co/image/ab67616d0000b273e3d69e17dde129037a1f09e2
2026-01-16,6,Golden,"HUNTR/X, EJAE, AUDREY NUNA, REI AMI, KPop Demon Hunters Cast",98,194607,album,12,2025-06-20,False,https://i.scdn.co/image/ab67616d0000b2734dcb6c5df15cf74596ab25a4
2026-01-16,7,WHERE IS MY HUSBAND!,RAYE,96,196795,single,1,2025-09-19,False,https://i.scdn.co/image/ab67616d0000b2737cc8cee5c81409833e540974
2026-01-16,8,So Easy (To Fall In Love),Olivia Dean,96,169000,album,12,2025-09-26,False,https://i.scdn.co/image/ab67616d0000b2739a336bfb6d40bbd90a507417
2026-01-16,9,Lush Life,Zara Larsson,2,201122,single,1,2015-06-09,False,https://i.scdn.co/image/ab67616d0000b2736eaa0691ac9d790b41d21a91
2026-01-16,10,Die On This Hill,SIENNA SPIRO,91,217008,single,4,2025-10-10,False,https://i.scdn.co/image/ab67616d0000b273ec4833919808083d733ca9af
2026-01-16,11,Die With A Smile,"Lady Gaga, Bruno Mars",92,251667,single,1,2024-08-16,False,https://i.scdn.co/image/ab67616d0000b27382ea2e9e1858aa012c57cd45
2026-01-16,12,Ordinary,Alex Warren,92,186964,album,11,2024-09-26,False,https://i.scdn.co/image/ab67616d0000b27342fe69c0e7e5c92f01ece8ce
2026-01-16,13,Every Breath You Take,The Police,95,253920,album,11,1983-06-17,False,https://i.scdn.co/image/ab67616d0000b273c8e97cafeb2acb85b21a777e
2026-01-16,14,Raindance (feat. Tems),"Dave, Tems",91,219743,album,10,2025-10-23,True,https://i.scdn.co/image/ab67616d0000b273fecaa7826bb0cbe139a8cb83
2026-01-16,15,I Thought I Saw Your Face Today,She & Him,92,170333,album,13,2008-03-18,False,https://i.scdn.co/image/ab67616d0000b273a47c6d8a934b4833c0916cc9
2026-01-16,16,Locked out of Heaven,Bruno Mars,57,233653,album,10,2012-12-05,False,https://i.scdn.co/image/ab67616d0000b27349055dce3554e72e82082980
2026-01-16,17,BIRDS OF A FEATHER,Billie Eilish,95,210373,album,10,2024-05-17,False,https://i.scdn.co/image/ab67616d0000b27371d62ea7ea8a5be92d3c1f62
2026-01-16,18,Iris,The Goo Goo Dolls,93,289533,album,13,1998-01-01,False,https://i.scdn.co/image/ab67616d0000b273eda9478c39a21e1cdc6609ca
2026-01-16,19,That's What I Like,Bruno Mars,91,206693,album,9,2016-11-17,False,https://i.scdn.co/image/ab67616d0000b273232711f7d66a1e19e89e28c5
2026-01-16,20,dopamina,"Peso Pluma, Tito Double P",89,185326,album,15,2025-12-25,True,https://i.scdn.co/image/ab67616d0000b273a9e6a250ea86a8f387873ef9
2026-01-16,21,Sailor Song,Gigi Perez,88,211978,single,1,2024-07-26,False,https://i.scdn.co/image/ab67616d0000b273e6065f209e0a01986206bd53
2026-01-16,22,CHANEL,Tyla,93,188059,single,1,2025-10-24,True,https://i.scdn.co/image/ab67616d0000b27346da32e81145086d96c5a396
2026-01-16,23,Sweater Weather,The Neighbourhood,92,240400,album,11,2013-04-22,False,https://i.scdn.co/image/ab67616d0000b2738265a736a1eb838ad5a0b921
2026-01-16,24,Cuando No Era Cantante,"El Bogueto, Yung Beef",92,211084,album,23,2024-09-26,True,https://i.scdn.co/image/ab67616d0000b27315110c9ad66e065592cc3496
2026-01-16,25,No Broke Boys,"Disco Lines, Tinashe",94,163994,single,1,2025-06-06,True,https://i.scdn.co/image/ab67616d0000b2735dcede7ece7b2cb72cee4eee
2026-01-16,26,Love Me Not,Ravyn Lenae,89,213466,album,11,2024-08-09,False,https://i.scdn.co/image/ab67616d0000b273ef985ba96e76a9574cc68a30
2026-01-16,27,Opalite,Taylor Swift,94,235355,album,12,2025-10-03,False,https://i.scdn.co/image/ab67616d0000b273d7812467811a7da6e6a44902
2026-01-16,28,Gabriela,KATSEYE,94,197226,single,2,2025-06-20,False,https://i.scdn.co/image/ab67616d0000b273f8d4d00ffe09373efb13ce29
2026-01-16,29,DtMF,Bad Bunny,93,237117,album,17,2025-01-05,True,https://i.scdn.co/image/ab67616d0000b273bbd45c8d36e0e045ef640411
2026-01-16,30,BAILE INoLVIDABLE,Bad Bunny,93,367725,album,17,2025-01-05,True,https://i.scdn.co/image/ab67616d0000b273bbd45c8d36e0e045ef640411
2026-01-16,31,Just the Way You Are,Bruno Mars,87,220734,album,10,2010-05-11,False,https://i.scdn.co/image/ab67616d0000b273f6b55ca93bd33211227b502b
2026-01-16,32,12 to 12,sombr,90,242903,album,10,2025-08-22,False,https://i.scdn.co/image/ab67616d0000b273d2eb391e0b3c3bc21c127db6
2026-01-16,33,4 Raws,EsDeeKid,91,146666,album,11,2025-06-20,True,https://i.scdn.co/image/ab67616d0000b2732940ac3a182dac2a5ec72249
2026-01-16,34,Creep,Radiohead,93,238640,album,12,1993-02-22,True,https://i.scdn.co/image/ab67616d0000b273ec548c00d3ac2f10be73366d
2026-01-16,35,The Night We Met,Lord Huron,90,208211,album,14,2015-04-06,False,https://i.scdn.co/image/ab67616d0000b27317875a0610c23d8946454583
2026-01-16,36,"One Of The Girls (with JENNIE, Lily Rose Depp)","The Weeknd, JENNIE, Lily-Rose Depp",93,244684,single,3,2023-06-23,False,https://i.scdn.co/image/ab67616d0000b273b0dd6a5cd1dec96c4119c262
2026-01-16,37,Cuando No Era Cantante - Remix,"El Bogueto, Anuel AA, Fuerza Regida, Yung Beef",90,327488,single,1,2025-12-10,True,https://i.scdn.co/image/ab67616d0000b27376ca2bb969e79a911090df63
2026-01-16,38,Yellow,Coldplay,92,266773,album,10,2000-07-10,False,https://i.scdn.co/image/ab67616d0000b2739164bafe9aaa168d93f4816a
2026-01-16,39,When I Was Your Man,Bruno Mars,55,213826,album,10,2012-12-05,False,https://i.scdn.co/image/ab67616d0000b27349055dce3554e72e82082980
2026-01-16,40,daño,"Peso Pluma, Tito Double P",88,197007,album,15,2025-12-25,True,https://i.scdn.co/image/ab67616d0000b273a9e6a250ea86a8f387873ef9
2026-01-16,41,Who,Jimin,87,170887,album,7,2024-07-19,False,https://i.scdn.co/image/ab67616d0000b273f02c451189a709b9a952aaec
2026-01-16,42,WILDFLOWER,Billie Eilish,93,261466,album,10,2024-05-17,False,https://i.scdn.co/image/ab67616d0000b27371d62ea7ea8a5be92d3c1f62
2026-01-16,43,APT.,"ROSÉ, Bruno Mars",85,169917,album,12,2024-12-06,False,https://i.scdn.co/image/ab67616d0000b2735074bd0894cb1340b8d8a678
2026-01-16,44,Let Me Love You,"DJ Snake, Justin Bieber",4,205946,album,14,2016-08-05,False,https://i.scdn.co/image/ab67616d0000b2735045de6786e0af096de73ed4
2026-01-16,45,Posso Até Não Te Dar Flores,"DJ Japa NK, MC Meno K, MC Ryan SP, Mc Jacaré, DJ DAVI DOGDOG",92,158769,single,1,2025-09-11,True,https://i.scdn.co/image/ab67616d0000b27303965d16104282739d6e0a58
2026-01-16,46,Beautiful Things,Benson Boone,89,180304,album,15,2024-04-05,False,https://i.scdn.co/image/ab67616d0000b273cc04ff3e70e146ba9abacf40
2026-01-16,47,7-3,"Peso Pluma, Tito Double P",86,189102,album,15,2025-12-25,True,https://i.scdn.co/image/ab67616d0000b273a9e6a250ea86a8f387873ef9
2026-01-16,48,Don’t Say You Love Me,Jin,87,180716,album,7,2025-05-16,False,https://i.scdn.co/image/ab67616d0000b27389228504f700641956e29f5d
2026-01-16,49,Running Up That Hill (A Deal With God),Kate Bush,9,298933,album,12,1985-01-01,False,https://i.scdn.co/image/ab67616d0000b27396ab64f52273635308b6bf27
2026-01-16,50,Sparks,Coldplay,91,227093,album,10,2000-07-10,False,https://i.scdn.co/image/ab67616d0000b2739164bafe9aaa168d93f4816a
2026-01-17,1,End of Beginning,Djo,99,159245,album,13,2022-09-16,False,https://i.scdn.co/image/ab67616d0000b273fddfffec51b4580acae727c1
2026-01-17,2,The Fate of Ophelia,Taylor Swift,100,226073,album,12,2025-10-03,False,https://i.scdn.co/image/ab67616d0000b273d7812467811a7da6e6a44902
2026-01-17,3,I Just Might,Bruno Mars,89,212973,single,1,2026-01-09,False,https://i.scdn.co/image/ab67616d0000b273e2887a1b6b98fc6c73bab12b
2026-01-17,4,back to friends,sombr,93,199032,album,10,2025-08-22,False,https://i.scdn.co/image/ab67616d0000b273d2eb391e0b3c3bc21c127db6
2026-01-17,5,Man I Need,Olivia Dean,97,184000,single,3,2025-08-15,False,https://i.scdn.co/image/ab67616d0000b273e3d69e17dde129037a1f09e2
2026-01-17,6,Golden,"HUNTR/X, EJAE, AUDREY NUNA, REI AMI, KPop Demon Hunters Cast",98,194607,album,12,2025-06-20,False,https://i.scdn.co/image/ab67616d0000b2734dcb6c5df15cf74596ab25a4
2026-01-17,7,WHERE IS MY HUSBAND!,RAYE,96,196795,single,1,2025-09-19,False,https://i.scdn.co/image/ab67616d0000b2737cc8cee5c81409833e540974
2026-01-17,8,So Easy (To Fall In Love),Olivia Dean,96,169000,album,12,2025-09-26,False,https://i.scdn.co/image/ab67616d0000b2739a336bfb6d40bbd90a507417
2026-01-17,9,Die On This Hill,SIENNA SPIRO,91,217008,single,4,2025-10-10,False,https://i.scdn.co/image/ab67616d0000b273ec4833919808083d733ca9af
2026-01-17,10,Lush Life,Zara Larsson,2,201122,single,1,2015-06-09,False,https://i.scdn.co/image/ab67616d0000b2736eaa0691ac9d790b41d21a91
2026-01-17,11,Die With A Smile,"Lady Gaga, Bruno Mars",92,251667,single,1,2024-08-16,False,https://i.scdn.co/image/ab67616d0000b27382ea2e9e1858aa012c57cd45
2026-01-17,12,Every Breath You Take,The Police,95,253920,album,11,1983-06-17,False,https://i.scdn.co/image/ab67616d0000b273c8e97cafeb2acb85b21a777e
2026-01-17,13,Ordinary,Alex Warren,92,186964,album,11,2024-09-26,False,https://i.scdn.co/image/ab67616d0000b27342fe69c0e7e5c92f01ece8ce
2026-01-17,14,Raindance (feat. Tems),"Dave, Tems",92,219743,album,10,2025-10-23,True,https://i.scdn.co/image/ab67616d0000b273fecaa7826bb0cbe139a8cb83
2026-01-17,15,I Thought I Saw Your Face Today,She & Him,92,170333,album,13,2008-03-18,False,https://i.scdn.co/image/ab67616d0000b273a47c6d8a934b4833c0916cc9
2026-01-17,16,That's What I Like,Bruno Mars,91,206693,album,9,2016-11-17,False,https://i.scdn.co/image/ab67616d0000b273232711f7d66a1e19e89e28c5
2026-01-17,17,Locked out of Heaven,Bruno Mars,57,233653,album,10,2012-12-05,False,https://i.scdn.co/image/ab67616d0000b27349055dce3554e72e82082980
2026-01-17,18,Iris,The Goo Goo Dolls,93,289533,album,13,1998-01-01,False,https://i.scdn.co/image/ab67616d0000b273eda9478c39a21e1cdc6609ca
2026-01-17,19,BIRDS OF A FEATHER,Billie Eilish,95,210373,album,10,2024-05-17,False,https://i.scdn.co/image/ab67616d0000b27371d62ea7ea8a5be92d3c1f62
2026-01-17,20,dopamina,"Peso Pluma, Tito Double P",89,185326,album,15,2025-12-25,True,https://i.scdn.co/image/ab67616d0000b273a9e6a250ea86a8f387873ef9
2026-01-17,21,Cuando No Era Cantante,"El Bogueto, Yung Beef",92,211084,album,23,2024-09-26,True,https://i.scdn.co/image/ab67616d0000b27315110c9ad66e065592cc3496
2026-01-17,22,Sailor Song,Gigi Perez,88,211978,single,1,2024-07-26,False,https://i.scdn.co/image/ab67616d0000b273e6065f209e0a01986206bd53
2026-01-17,23,CHANEL,Tyla,93,188059,single,1,2025-10-24,True,https://i.scdn.co/image/ab67616d0000b273c1cfff2e89a49729b648e56d
2026-01-17,24,Love Me Not,Ravyn Lenae,89,213466,album,11,2024-08-09,False,https://i.scdn.co/image/ab67616d0000b273ef985ba96e76a9574cc68a30
2026-01-17,25,No Broke Boys,"Disco Lines, Tinashe",94,163994,single,1,2025-06-06,True,https://i.scdn.co/image/ab67616d0000b2735dcede7ece7b2cb72cee4eee
2026-01-17,26,Sweater Weather,The Neighbourhood,93,240400,album,11,2013-04-22,False,https://i.scdn.co/image/ab67616d0000b2738265a736a1eb838ad5a0b921
2026-01-17,27,Opalite,Taylor Swift,94,235355,album,12,2025-10-03,False,https://i.scdn.co/image/ab67616d0000b273d7812467811a7da6e6a44902
2026-01-17,28,Gabriela,KATSEYE,94,197226,single,2,2025-06-20,False,https://i.scdn.co/image/ab67616d0000b273f8d4d00ffe09373efb13ce29
2026-01-17,29,The Night We Met,Lord Huron,90,208211,album,14,2015-04-06,False,https://i.scdn.co/image/ab67616d0000b27317875a0610c23d8946454583
2026-01-17,30,Cuando No Era Cantante - Remix,"El Bogueto, Anuel AA, Fuerza Regida, Yung Beef",90,327488,single,1,2025-12-10,True,https://i.scdn.co/image/ab67616d0000b27376ca2bb969e79a911090df63
2026-01-17,31,Just the Way You Are,Bruno Mars,87,220734,album,10,2010-05-11,False,https://i.scdn.co/image/ab67616d0000b273f6b55ca93bd33211227b502b
2026-01-17,32,12 to 12,sombr,90,242903,album,10,2025-08-22,False,https://i.scdn.co/image/ab67616d0000b273d2eb391e0b3c3bc21c127db6
2026-01-17,33,Creep,Radiohead,93,238640,album,12,1993-02-22,True,https://i.scdn.co/image/ab67616d0000b273ec548c00d3ac2f10be73366d
2026-01-17,34,4 Raws,EsDeeKid,91,146666,album,11,2025-06-20,True,https://i.scdn.co/image/ab67616d0000b2732940ac3a182dac2a5ec72249
2026-01-17,35,DtMF,Bad Bunny,93,237117,album,17,2025-01-05,True,https://i.scdn.co/image/ab67616d0000b273bbd45c8d36e0e045ef640411
2026-01-17,36,BAILE INoLVIDABLE,Bad Bunny,93,367725,album,17,2025-01-05,True,https://i.scdn.co/image/ab67616d0000b273bbd45c8d36e0e045ef640411
2026-01-17,37,When I Was Your Man,Bruno Mars,55,213826,album,10,2012-12-05,False,https://i.scdn.co/image/ab67616d0000b27349055dce3554e72e82082980
2026-01-17,38,Let Me Love You,"DJ Snake, Justin Bieber",3,205946,album,14,2016-08-05,False,https://i.scdn.co/image/ab67616d0000b2735045de6786e0af096de73ed4
2026-01-17,39,Who,Jimin,87,170887,album,7,2024-07-19,False,https://i.scdn.co/image/ab67616d0000b273f02c451189a709b9a952aaec
2026-01-17,40,APT.,"ROSÉ, Bruno Mars",85,169917,album,12,2024-12-06,False,https://i.scdn.co/image/ab67616d0000b2735074bd0894cb1340b8d8a678
2026-01-17,41,WILDFLOWER,Billie Eilish,93,261466,album,10,2024-05-17,False,https://i.scdn.co/image/ab67616d0000b27371d62ea7ea8a5be92d3c1f62
2026-01-17,42,"One Of The Girls (with JENNIE, Lily Rose Depp)","The Weeknd, JENNIE, Lily-Rose Depp",93,244684,single,3,2023-06-23,False,https://i.scdn.co/image/ab67616d0000b273b0dd6a5cd1dec96c4119c262
2026-01-17,43,daño,"Peso Pluma, Tito Double P",88,197007,album,15,2025-12-25,True,https://i.scdn.co/image/ab67616d0000b273a9e6a250ea86a8f387873ef9
2026-01-17,44,One Dance,"Drake, Wizkid, Kyla",91,173986,album,20,2016-05-06,False,https://i.scdn.co/image/ab67616d0000b2739416ed64daf84936d89e671c
2026-01-17,45,7-3,"Peso Pluma, Tito Double P",87,189102,album,15,2025-12-25,True,https://i.scdn.co/image/ab67616d0000b273a9e6a250ea86a8f387873ef9
2026-01-17,46,It Will Rain,Bruno Mars,70,257847,single,1,2011-09-27,False,https://i.scdn.co/image/ab67616d0000b2734c43bd96a211ed67cfe86636
2026-01-17,47,Posso Até Não Te Dar Flores,"DJ Japa NK, MC Meno K, MC Ryan SP, Mc Jacaré, DJ DAVI DOGDOG",92,158769,single,1,2025-09-11,True,https://i.scdn.co/image/ab67616d0000b27303965d16104282739d6e0a58
2026-01-17,48,Don’t Say You Love Me,Jin,87,180716,album,7,2025-05-16,False,https://i.scdn.co/image/ab67616d0000b27389228504f700641956e29f5d
2026-01-17,49,Beautiful Things,Benson Boone,89,180304,album,15,2024-04-05,False,https://i.scdn.co/image/ab67616d0000b273cc04ff3e70e146ba9abacf40
2026-01-17,50,Espresso,Sabrina Carpenter,88,175459,album,12,2024-08-23,True,https://i.scdn.co/image/ab67616d0000b273fd8d7a8d96871e791cb1f626
2026-01-18,1,End of Beginning,Djo,99,159245,album,13,2022-09-16,False,https://i.scdn.co/image/ab67616d0000b273fddfffec51b4580acae727c1
2026-01-18,2,The Fate of Ophelia,Taylor Swift,100,226073,album,12,2025-10-03,False,https://i.scdn.co/image/ab67616d0000b273d7812467811a7da6e6a44902
2026-01-18,3,I Just Might,Bruno Mars,90,212973,single,1,2026-01-09,False,https://i.scdn.co/image/ab67616d0000b273e2887a1b6b98fc6c73bab12b
2026-01-18,4,back to friends,sombr,93,199032,album,10,2025-08-22,False,https://i.scdn.co/image/ab67616d0000b273d2eb391e0b3c3bc21c127db6
2026-01-18,5,Man I Need,Olivia Dean,97,184000,single,3,2025-08-15,False,https://i.scdn.co/image/ab67616d0000b273e3d69e17dde129037a1f09e2
2026-01-18,6,Golden,"HUNTR/X, EJAE, AUDREY NUNA, REI AMI, KPop Demon Hunters Cast",98,194607,album,12,2025-06-20,False,https://i.scdn.co/image/ab67616d0000b2734dcb6c5df15cf74596ab25a4
2026-01-18,7,WHERE IS MY HUSBAND!,RAYE,96,196795,single,1,2025-09-19,False,https://i.scdn.co/image/ab67616d0000b2737cc8cee5c81409833e540974
2026-01-18,8,Die With A Smile,"Lady Gaga, Bruno Mars",92,251667,single,1,2024-08-16,False,https://i.scdn.co/image/ab67616d0000b27382ea2e9e1858aa012c57cd45
2026-01-18,9,Lush Life,Zara Larsson,2,201122,single,1,2015-06-09,False,https://i.scdn.co/image/ab67616d0000b2736eaa0691ac9d790b41d21a91
2026-01-18,10,Die On This Hill,SIENNA SPIRO,92,217008,single,4,2025-10-10,False,https://i.scdn.co/image/ab67616d0000b273ec4833919808083d733ca9af
2026-01-18,11,So Easy (To Fall In Love),Olivia Dean,96,169000,album,12,2025-09-26,False,https://i.scdn.co/image/ab67616d0000b2739a336bfb6d40bbd90a507417
2026-01-18,12,HELICOPTER,A$AP Rocky,0,160966,album,17,2026-01-16,True,https://i.scdn.co/image/ab67616d0000b273be35d523672e13da3debc413
2026-01-18,13,Ordinary,Alex Warren,92,186964,album,11,2024-09-26,False,https://i.scdn.co/image/ab67616d0000b27342fe69c0e7e5c92f01ece8ce
2026-01-18,14,Raindance (feat. Tems),"Dave, Tems",92,219743,album,10,2025-10-23,True,https://i.scdn.co/image/ab67616d0000b273fecaa7826bb0cbe139a8cb83
2026-01-18,15,Locked out of Heaven,Bruno Mars,58,233653,album,10,2012-12-05,False,https://i.scdn.co/image/ab67616d0000b27349055dce3554e72e82082980
2026-01-18,16,Every Breath You Take,The Police,95,253920,album,11,1983-06-17,False,https://i.scdn.co/image/ab67616d0000b273c8e97cafeb2acb85b21a777e
2026-01-18,17,That's What I Like,Bruno Mars,92,206693,album,9,2016-11-17,False,https://i.scdn.co/image/ab67616d0000b273232711f7d66a1e19e89e28c5
2026-01-18,18,I Thought I Saw Your Face Today,She & Him,92,170333,album,13,2008-03-18,False,https://i.scdn.co/image/ab67616d0000b273a47c6d8a934b4833c0916cc9
2026-01-18,19,STOLE YA FLOW,A$AP Rocky,0,199015,album,17,2026-01-16,True,https://i.scdn.co/image/ab67616d0000b273be35d523672e13da3debc413
2026-01-18,20,ORDER OF PROTECTION,A$AP Rocky,0,171845,album,17,2026-01-16,True,https://i.scdn.co/image/ab67616d0000b273be35d523672e13da3debc413
2026-01-18,21,STAY HERE 4 LIFE,A$AP Rocky,0,346093,album,17,2026-01-16,True,https://i.scdn.co/image/ab67616d0000b273be35d523672e13da3debc413
2026-01-18,22,Iris,The Goo Goo Dolls,93,289533,album,13,1998-01-01,False,https://i.scdn.co/image/ab67616d0000b273eda9478c39a21e1cdc6609ca
2026-01-18,23,BIRDS OF A FEATHER,Billie Eilish,95,210373,album,10,2024-05-17,False,https://i.scdn.co/image/ab67616d0000b27371d62ea7ea8a5be92d3c1f62
2026-01-18,24,Just the Way You Are,Bruno Mars,87,220734,album,10,2010-05-11,False,https://i.scdn.co/image/ab67616d0000b273f6b55ca93bd33211227b502b
2026-01-18,25,Sailor Song,Gigi Perez,88,211978,single,1,2024-07-26,False,https://i.scdn.co/image/ab67616d0000b273e6065f209e0a01986206bd53
2026-01-18,26,dopamina,"Peso Pluma, Tito Double P",89,185326,album,15,2025-12-25,True,https://i.scdn.co/image/ab67616d0000b273a9e6a250ea86a8f387873ef9
2026-01-18,27,Cuando No Era Cantante,"El Bogueto, Yung Beef",92,211084,album,23,2024-09-26,True,https://i.scdn.co/image/ab67616d0000b27315110c9ad66e065592cc3496
2026-01-18,28,Sweater Weather,The Neighbourhood,93,240400,album,11,2013-04-22,False,https://i.scdn.co/image/ab67616d0000b2738265a736a1eb838ad5a0b921
2026-01-18,29,No Broke Boys,"Disco Lines, Tinashe",94,163994,single,1,2025-06-06,True,https://i.scdn.co/image/ab67616d0000b2735dcede7ece7b2cb72cee4eee
2026-01-18,30,CHANEL,Tyla,93,188059,single,1,2025-10-24,True,https://i.scdn.co/image/ab67616d0000b273c1cfff2e89a49729b648e56d
2026-01-18,31,When I Was Your Man,Bruno Mars,55,213826,album,10,2012-12-05,False,https://i.scdn.co/image/ab67616d0000b27349055dce3554e72e82082980
2026-01-18,32,Opalite,Taylor Swift,94,235355,album,12,2025-10-03,False,https://i.scdn.co/image/ab67616d0000b273d7812467811a7da6e6a44902
2026-01-18,33,Gabriela,KATSEYE,94,197226,single,2,2025-06-20,False,https://i.scdn.co/image/ab67616d0000b273f8d4d00ffe09373efb13ce29
2026-01-18,34,Cuando No Era Cantante - Remix,"El Bogueto, Anuel AA, Fuerza Regida, Yung Beef",90,327488,single,1,2025-12-10,True,https://i.scdn.co/image/ab67616d0000b27376ca2bb969e79a911090df63
2026-01-18,35,It Will Rain,Bruno Mars,70,257847,single,1,2011-09-27,False,https://i.scdn.co/image/ab67616d0000b2734c43bd96a211ed67cfe86636
2026-01-18,36,BAILE INoLVIDABLE,Bad Bunny,93,367725,album,17,2025-01-05,True,https://i.scdn.co/image/ab67616d0000b273bbd45c8d36e0e045ef640411
2026-01-18,37,4 Raws,EsDeeKid,91,146666,album,11,2025-06-20,True,https://i.scdn.co/image/ab67616d0000b2732940ac3a182dac2a5ec72249
2026-01-18,38,12 to 12,sombr,90,242903,album,10,2025-08-22,False,https://i.scdn.co/image/ab67616d0000b273d2eb391e0b3c3bc21c127db6
2026-01-18,39,Love Me Not,Ravyn Lenae,89,213466,album,11,2024-08-09,False,https://i.scdn.co/image/ab67616d0000b273ef985ba96e76a9574cc68a30
2026-01-18,40,Creep,Radiohead,93,238640,album,12,1993-02-22,True,https://i.scdn.co/image/ab67616d0000b273ec548c00d3ac2f10be73366d
2026-01-18,41,"One Of The Girls (with JENNIE, Lily Rose Depp)","The Weeknd, JENNIE, Lily-Rose Depp",93,244684,single,3,2023-06-23,False,https://i.scdn.co/image/ab67616d0000b273b0dd6a5cd1dec96c4119c262
2026-01-18,42,DtMF,Bad Bunny,93,237117,album,17,2025-01-05,True,https://i.scdn.co/image/ab67616d0000b273bbd45c8d36e0e045ef640411
2026-01-18,43,PLAYA,A$AP Rocky,0,227423,album,17,2026-01-16,True,https://i.scdn.co/image/ab67616d0000b273be35d523672e13da3debc413
2026-01-18,44,Posso Até Não Te Dar Flores,"DJ Japa NK, MC Meno K, MC Ryan SP, Mc Jacaré, DJ DAVI DOGDOG",92,158769,single,1,2025-09-11,True,https://i.scdn.co/image/ab67616d0000b27303965d16104282739d6e0a58
2026-01-18,45,PUNK ROCKY,A$AP Rocky,83,235344,single,1,2026-01-05,True,https://i.scdn.co/image/ab67616d0000b27376b996c684f6678357b4c7ec
2026-01-18,46,Sedia Aku Sebelum Hujan,Idgitaf,90,230130,single,1,2025-10-08,False,https://i.scdn.co/image/ab67616d0000b2738dc8c573565969d55f9f3477
2026-01-18,47,Yellow,Coldplay,92,266773,album,10,2000-07-10,False,https://i.scdn.co/image/ab67616d0000b2739164bafe9aaa168d93f4816a
2026-01-18,48,NO TRESPASSING,A$AP Rocky,0,195130,album,17,2026-01-16,True,https://i.scdn.co/image/ab67616d0000b273be35d523672e13da3debc413
2026-01-18,49,The Night We Met,Lord Huron,90,208211,album,14,2015-04-06,False,https://i.scdn.co/image/ab67616d0000b27317875a0610c23d8946454583
2026-01-18,50,Who,Jimin,87,170887,album,7,2024-07-19,False,https://i.scdn.co/image/ab67616d0000b273f02c451189a709b9a952aaec
2026-01-19,1,End of Beginning,Djo,99,159245,album,13,2022-09-16,False,https://i.scdn.co/image/ab67616d0000b273fddfffec51b4580acae727c1
2026-01-19,2,The Fate of Ophelia,Taylor Swift,100,226073,album,12,2025-10-03,False,https://i.scdn.co/image/ab67616d0000b273d7812467811a7da6e6a44902
2026-01-19,3,I Just Might,Bruno Mars,91,212973,single,1,2026-01-09,False,https://i.scdn.co/image/ab67616d0000b273e2887a1b6b98fc6c73bab12b
2026-01-19,4,Golden,"HUNTR/X, EJAE, AUDREY NUNA, REI AMI, KPop Demon Hunters Cast",98,194607,album,12,2025-06-20,False,https://i.scdn.co/image/ab67616d0000b2734dcb6c5df15cf74596ab25a4
2026-01-19,5,Man I Need,Olivia Dean,97,184000,single,3,2025-08-15,False,https://i.scdn.co/image/ab67616d0000b273e3d69e17dde129037a1f09e2
2026-01-19,6,Lush Life,Zara Larsson,2,201122,single,1,2015-06-09,False,https://i.scdn.co/image/ab67616d0000b2736eaa0691ac9d790b41d21a91
2026-01-19,7,back to friends,sombr,93,199032,album,10,2025-08-22,False,https://i.scdn.co/image/ab67616d0000b273d2eb391e0b3c3bc21c127db6
2026-01-19,8,WHERE IS MY HUSBAND!,RAYE,96,196795,single,1,2025-09-19,False,https://i.scdn.co/image/ab67616d0000b2737cc8cee5c81409833e540974
2026-01-19,9,So Easy (To Fall In Love),Olivia Dean,96,169000,album,12,2025-09-26,False,https://i.scdn.co/image/ab67616d0000b2739a336bfb6d40bbd90a507417
2026-01-19,10,Die On This Hill,SIENNA SPIRO,92,217008,single,4,2025-10-10,False,https://i.scdn.co/image/ab67616d0000b273ec4833919808083d733ca9af
2026-01-19,11,Die With A Smile,"Lady Gaga, Bruno Mars",92,251667,single,1,2024-08-16,False,https://i.scdn.co/image/ab67616d0000b27382ea2e9e1858aa012c57cd45
2026-01-19,12,Ordinary,Alex Warren,92,186964,album,11,2024-09-26,False,https://i.scdn.co/image/ab67616d0000b27342fe69c0e7e5c92f01ece8ce
2026-01-19,13,Raindance (feat. Tems),"Dave, Tems",92,219743,album,10,2025-10-23,True,https://i.scdn.co/image/ab67616d0000b273fecaa7826bb0cbe139a8cb83
2026-01-19,14,Every Breath You Take,The Police,95,253920,album,11,1983-06-17,False,https://i.scdn.co/image/ab67616d0000b273c8e97cafeb2acb85b21a777e
2026-01-19,15,I Thought I Saw Your Face Today,She & Him,92,170333,album,13,2008-03-18,False,https://i.scdn.co/image/ab67616d0000b273a47c6d8a934b4833c0916cc9
2026-01-19,16,Locked out of Heaven,Bruno Mars,58,233653,album,10,2012-12-05,False,https://i.scdn.co/image/ab67616d0000b27349055dce3554e72e82082980
2026-01-19,17,That's What I Like,Bruno Mars,92,206693,album,9,2016-11-17,False,https://i.scdn.co/image/ab67616d0000b273232711f7d66a1e19e89e28c5
2026-01-19,18,CHANEL,Tyla,93,188059,single,1,2025-10-24,True,https://i.scdn.co/image/ab67616d0000b273c1cfff2e89a49729b648e56d
2026-01-19,19,Iris,The Goo Goo Dolls,93,289533,album,13,1998-01-01,False,https://i.scdn.co/image/ab67616d0000b273eda9478c39a21e1cdc6609ca
2026-01-19,20,dopamina,"Peso Pluma, Tito Double P",89,185326,album,15,2025-12-25,True,https://i.scdn.co/image/ab67616d0000b273a9e6a250ea86a8f387873ef9
2026-01-19,21,No Broke Boys,"Disco Lines, Tinashe",94,163994,single,1,2025-06-06,True,https://i.scdn.co/image/ab67616d0000b2735dcede7ece7b2cb72cee4eee
2026-01-19,22,BIRDS OF A FEATHER,Billie Eilish,95,210373,album,10,2024-05-17,False,https://i.scdn.co/image/ab67616d0000b27371d62ea7ea8a5be92d3c1f62
2026-01-19,23,Gabriela,KATSEYE,94,197226,single,2,2025-06-20,False,https://i.scdn.co/image/ab67616d0000b273f8d4d00ffe09373efb13ce29
2026-01-19,24,BAILE INoLVIDABLE,Bad Bunny,93,367725,album,17,2025-01-05,True,https://i.scdn.co/image/ab67616d0000b273bbd45c8d36e0e045ef640411
2026-01-19,25,Sailor Song,Gigi Perez,88,211978,single,1,2024-07-26,False,https://i.scdn.co/image/ab67616d0000b273e6065f209e0a01986206bd53
2026-01-19,26,DtMF,Bad Bunny,93,237117,album,17,2025-01-05,True,https://i.scdn.co/image/ab67616d0000b273bbd45c8d36e0e045ef640411
2026-01-19,27,Opalite,Taylor Swift,94,235355,album,12,2025-10-03,False,https://i.scdn.co/image/ab67616d0000b273d7812467811a7da6e6a44902
2026-01-19,28,Cuando No Era Cantante - Remix,"El Bogueto, Anuel AA, Fuerza Regida, Yung Beef",90,327488,single,1,2025-12-10,True,https://i.scdn.co/image/ab67616d0000b27376ca2bb969e79a911090df63
2026-01-19,29,Cuando No Era Cantante,"El Bogueto, Yung Beef",92,211084,album,23,2024-09-26,True,https://i.scdn.co/image/ab67616d0000b27315110c9ad66e065592cc3496
2026-01-19,30,Posso Até Não Te Dar Flores,"DJ Japa NK, MC Meno K, MC Ryan SP, Mc Jacaré, DJ DAVI DOGDOG",92,158769,single,1,2025-09-11,True,https://i.scdn.co/image/ab67616d0000b27303965d16104282739d6e0a58
2026-01-19,31,Sweater Weather,The Neighbourhood,93,240400,album,11,2013-04-22,False,https://i.scdn.co/image/ab67616d0000b2738265a736a1eb838ad5a0b921
2026-01-19,32,Love Me Not,Ravyn Lenae,89,213466,album,11,2024-08-09,False,https://i.scdn.co/image/ab67616d0000b273ef985ba96e76a9574cc68a30
2026-01-19,33,4 Raws,EsDeeKid,91,146666,album,11,2025-06-20,True,https://i.scdn.co/image/ab67616d0000b2732940ac3a182dac2a5ec72249
2026-01-19,34,HELICOPTER,A$AP Rocky,73,160966,album,17,2026-01-16,True,https://i.scdn.co/image/ab67616d0000b273be35d523672e13da3debc413
2026-01-19,35,12 to 12,sombr,90,242903,album,10,2025-08-22,False,https://i.scdn.co/image/ab67616d0000b273d2eb391e0b3c3bc21c127db6
2026-01-19,36,One Dance,"Drake, Wizkid, Kyla",91,173986,album,20,2016-05-06,False,https://i.scdn.co/image/ab67616d0000b2739416ed64daf84936d89e671c
2026-01-19,37,APT.,"ROSÉ, Bruno Mars",85,169917,album,12,2024-12-06,False,https://i.scdn.co/image/ab67616d0000b2735074bd0894cb1340b8d8a678
2026-01-19,38,"One Of The Girls (with JENNIE, Lily Rose Depp)","The Weeknd, JENNIE, Lily-Rose Depp",93,244684,single,3,2023-06-23,False,https://i.scdn.co/image/ab67616d0000b273b0dd6a5cd1dec96c4119c262
2026-01-19,39,Creep,Radiohead,93,238640,album,12,1993-02-22,True,https://i.scdn.co/image/ab67616d0000b273ec548c00d3ac2f10be73366d
2026-01-19,40,7-3,"Peso Pluma, Tito Double P",87,189102,album,15,2025-12-25,True,https://i.scdn.co/image/ab67616d0000b273a9e6a250ea86a8f387873ef9
2026-01-19,41,Sedia Aku Sebelum Hujan,Idgitaf,90,230130,single,1,2025-10-08,False,https://i.scdn.co/image/ab67616d0000b2738dc8c573565969d55f9f3477
2026-01-19,42,Let Me Love You,"DJ Snake, Justin Bieber",4,205946,album,14,2016-08-05,False,https://i.scdn.co/image/ab67616d0000b2735045de6786e0af096de73ed4
2026-01-19,43,daño,"Peso Pluma, Tito Double P",88,197007,album,15,2025-12-25,True,https://i.scdn.co/image/ab67616d0000b273a9e6a250ea86a8f387873ef9
2026-01-19,44,La Plena - W Sound 05,"W Sound, Beéle, Ovy On The Drums",90,150001,single,1,2025-02-19,True,https://i.scdn.co/image/ab67616d0000b2734740100d84f3667f1eae6870
2026-01-19,45,LA VILLA,"Ryan Castro, Kapo",81,192111,album,13,2025-10-23,True,https://i.scdn.co/image/ab67616d0000b27399cc7985e1aed6b8dff13e06
2026-01-19,46,Who,Jimin,87,170887,album,7,2024-07-19,False,https://i.scdn.co/image/ab67616d0000b273f02c451189a709b9a952aaec
2026-01-19,47,Stateside + Zara Larsson,"PinkPantheress, Zara Larsson",86,184761,album,31,2025-10-10,False,https://i.scdn.co/image/ab67616d0000b2738c2de5de3e20fa408171f517
2026-01-19,48,Beautiful Things,Benson Boone,89,180304,album,15,2024-04-05,False,https://i.scdn.co/image/ab67616d0000b273cc04ff3e70e146ba9abacf40
2026-01-19,49,Don’t Say You Love Me,Jin,87,180716,album,7,2025-05-16,False,https://i.scdn.co/image/ab67616d0000b27389228504f700641956e29f5d
2026-01-19,50,WILDFLOWER,Billie Eilish,93,261466,album,10,2024-05-17,False,https://i.scdn.co/image/ab67616d0000b27371d62ea7ea8a5be92d3c1f62
2026-01-20,1,End of Beginning,Djo,99,159245,album,13,2022-09-16,False,https://i.scdn.co/image/ab67616d0000b273fddfffec51b4580acae727c1
2026-01-20,2,The Fate of Ophelia,Taylor Swift,100,226073,album,12,2025-10-03,False,https://i.scdn.co/image/ab67616d0000b273d7812467811a7da6e6a44902
2026-01-20,3,back to friends,sombr,93,199032,album,10,2025-08-22,False,https://i.scdn.co/image/ab67616d0000b273d2eb391e0b3c3bc21c127db6
2026-01-20,4,I Just Might,Bruno Mars,92,212973,single,1,2026-01-09,False,https://i.scdn.co/image/ab67616d0000b273e2887a1b6b98fc6c73bab12b
2026-01-20,5,Golden,"HUNTR/X, EJAE, AUDREY NUNA, REI AMI, KPop Demon Hunters Cast",98,194607,album,12,2025-06-20,False,https://i.scdn.co/image/ab67616d0000b2734dcb6c5df15cf74596ab25a4
2026-01-20,6,Lush Life,Zara Larsson,2,201122,single,1,2015-06-09,False,https://i.scdn.co/image/ab67616d0000b2736eaa0691ac9d790b41d21a91
2026-01-20,7,Man I Need,Olivia Dean,97,184000,single,3,2025-08-15,False,https://i.scdn.co/image/ab67616d0000b273e3d69e17dde129037a1f09e2
2026-01-20,8,WHERE IS MY HUSBAND!,RAYE,96,196795,single,1,2025-09-19,False,https://i.scdn.co/image/ab67616d0000b2737cc8cee5c81409833e540974
2026-01-20,9,Die On This Hill,SIENNA SPIRO,92,217008,single,4,2025-10-10,False,https://i.scdn.co/image/ab67616d0000b273ec4833919808083d733ca9af
2026-01-20,10,So Easy (To Fall In Love),Olivia Dean,96,169000,album,12,2025-09-26,False,https://i.scdn.co/image/ab67616d0000b2739a336bfb6d40bbd90a507417
2026-01-20,11,Raindance (feat. Tems),"Dave, Tems",92,219743,album,10,2025-10-23,True,https://i.scdn.co/image/ab67616d0000b273fecaa7826bb0cbe139a8cb83
2026-01-20,12,I Thought I Saw Your Face Today,She & Him,92,170333,album,13,2008-03-18,False,https://i.scdn.co/image/ab67616d0000b273a47c6d8a934b4833c0916cc9
2026-01-20,13,Every Breath You Take,The Police,95,253920,album,11,1983-06-17,False,https://i.scdn.co/image/ab67616d0000b273c8e97cafeb2acb85b21a777e
2026-01-20,14,Ordinary,Alex Warren,92,186964,album,11,2024-09-26,False,https://i.scdn.co/image/ab67616d0000b27342fe69c0e7e5c92f01ece8ce
2026-01-20,15,Die With A Smile,"Lady Gaga, Bruno Mars",92,251667,single,1,2024-08-16,False,https://i.scdn.co/image/ab67616d0000b27382ea2e9e1858aa012c57cd45
2026-01-20,16,That's What I Like,Bruno Mars,92,206693,album,9,2016-11-17,False,https://i.scdn.co/image/ab67616d0000b273232711f7d66a1e19e89e28c5
2026-01-20,17,BIRDS OF A FEATHER,Billie Eilish,95,210373,album,10,2024-05-17,False,https://i.scdn.co/image/ab67616d0000b27371d62ea7ea8a5be92d3c1f62
2026-01-20,18,Iris,The Goo Goo Dolls,93,289533,album,13,1998-01-01,False,https://i.scdn.co/image/ab67616d0000b273eda9478c39a21e1cdc6609ca
2026-01-20,19,CHANEL,Tyla,93,188059,single,1,2025-10-24,True,https://i.scdn.co/image/ab67616d0000b273c1cfff2e89a49729b648e56d
2026-01-20,20,dopamina,"Peso Pluma, Tito Double P",89,185326,album,15,2025-12-25,True,https://i.scdn.co/image/ab67616d0000b273a9e6a250ea86a8f387873ef9
2026-01-20,21,Sailor Song,Gigi Perez,88,211978,single,1,2024-07-26,False,https://i.scdn.co/image/ab67616d0000b273e6065f209e0a01986206bd53
2026-01-20,22,Locked out of Heaven,Bruno Mars,58,233653,album,10,2012-12-05,False,https://i.scdn.co/image/ab67616d0000b27349055dce3554e72e82082980
2026-01-20,23,Gabriela,KATSEYE,94,197226,single,2,2025-06-20,False,https://i.scdn.co/image/ab67616d0000b273f8d4d00ffe09373efb13ce29
2026-01-20,24,Love Me Not,Ravyn Lenae,89,213466,album,11,2024-08-09,False,https://i.scdn.co/image/ab67616d0000b273ef985ba96e76a9574cc68a30
2026-01-20,25,No Broke Boys,"Disco Lines, Tinashe",94,163994,single,1,2025-06-06,True,https://i.scdn.co/image/ab67616d0000b2735dcede7ece7b2cb72cee4eee
2026-01-20,26,Sweater Weather,The Neighbourhood,93,240400,album,11,2013-04-22,False,https://i.scdn.co/image/ab67616d0000b2738265a736a1eb838ad5a0b921
2026-01-20,27,BAILE INoLVIDABLE,Bad Bunny,93,367725,album,17,2025-01-05,True,https://i.scdn.co/image/ab67616d0000b273bbd45c8d36e0e045ef640411
2026-01-20,28,Sedia Aku Sebelum Hujan,Idgitaf,90,230130,single,1,2025-10-08,False,https://i.scdn.co/image/ab67616d0000b2738dc8c573565969d55f9f3477
2026-01-20,29,Who,Jimin,87,170887,album,7,2024-07-19,False,https://i.scdn.co/image/ab67616d0000b273f02c451189a709b9a952aaec
2026-01-20,30,Cuando No Era Cantante,"El Bogueto, Yung Beef",92,211084,album,23,2024-09-26,True,https://i.scdn.co/image/ab67616d0000b27315110c9ad66e065592cc3496
2026-01-20,31,Opalite,Taylor Swift,94,235355,album,12,2025-10-03,False,https://i.scdn.co/image/ab67616d0000b273d7812467811a7da6e6a44902
2026-01-20,32,As It Was,Harry Styles,90,167303,album,13,2022-05-20,False,https://i.scdn.co/image/ab67616d0000b27382ce362511fb3d9dda6578ee
2026-01-20,33,Cuando No Era Cantante - Remix,"El Bogueto, Anuel AA, Fuerza Regida, Yung Beef",91,327488,single,1,2025-12-10,True,https://i.scdn.co/image/ab67616d0000b27376ca2bb969e79a911090df63
2026-01-20,34,Don’t Say You Love Me,Jin,87,180716,album,7,2025-05-16,False,https://i.scdn.co/image/ab67616d0000b27389228504f700641956e29f5d
2026-01-20,35,One Dance,"Drake, Wizkid, Kyla",91,173986,album,20,2016-05-06,False,https://i.scdn.co/image/ab67616d0000b2739416ed64daf84936d89e671c
2026-01-20,36,4 Raws,EsDeeKid,91,146666,album,11,2025-06-20,True,https://i.scdn.co/image/ab67616d0000b2732940ac3a182dac2a5ec72249
2026-01-20,37,DtMF,Bad Bunny,93,237117,album,17,2025-01-05,True,https://i.scdn.co/image/ab67616d0000b273bbd45c8d36e0e045ef640411
2026-01-20,38,12 to 12,sombr,90,242903,album,10,2025-08-22,False,https://i.scdn.co/image/ab67616d0000b273d2eb391e0b3c3bc21c127db6
2026-01-20,39,Let Me Love You,"DJ Snake, Justin Bieber",4,205946,album,14,2016-08-05,False,https://i.scdn.co/image/ab67616d0000b2735045de6786e0af096de73ed4
2026-01-20,40,WILDFLOWER,Billie Eilish,93,261466,album,10,2024-05-17,False,https://i.scdn.co/image/ab67616d0000b27371d62ea7ea8a5be92d3c1f62
2026-01-20,41,Posso Até Não Te Dar Flores,"DJ Japa NK, MC Meno K, MC Ryan SP, Mc Jacaré, DJ DAVI DOGDOG",92,158769,single,1,2025-09-11,True,https://i.scdn.co/image/ab67616d0000b27303965d16104282739d6e0a58
2026-01-20,42,Stateside + Zara Larsson,"PinkPantheress, Zara Larsson",86,184761,album,31,2025-10-10,False,https://i.scdn.co/image/ab67616d0000b2738c2de5de3e20fa408171f517
2026-01-20,43,APT.,"ROSÉ, Bruno Mars",85,169917,album,12,2024-12-06,False,https://i.scdn.co/image/ab67616d0000b2735074bd0894cb1340b8d8a678
2026-01-20,44,Creep,Radiohead,93,238640,album,12,1993-02-22,True,https://i.scdn.co/image/ab67616d0000b273ec548c00d3ac2f10be73366d
2026-01-20,45,I Wanna Be Yours,Arctic Monkeys,92,183956,album,12,2013-09-09,False,https://i.scdn.co/image/ab67616d0000b2734ae1c4c5c45aabe565499163
2026-01-20,46,7-3,"Peso Pluma, Tito Double P",88,189102,album,15,2025-12-25,True,https://i.scdn.co/image/ab67616d0000b273a9e6a250ea86a8f387873ef9
2026-01-20,47,The Night We Met,Lord Huron,90,208211,album,14,2015-04-06,False,https://i.scdn.co/image/ab67616d0000b27317875a0610c23d8946454583
2026-01-20,48,kota ini tak sama tanpamu,Nadhif Basalamah,86,279649,album,16,2025-06-20,False,https://i.scdn.co/image/ab67616d0000b273f3e3f888fbfcc916ecce50a9
2026-01-20,49,La Plena - W Sound 05,"W Sound, Beéle, Ovy On The Drums",90,150001,single,1,2025-02-19,True,https://i.scdn.co/image/ab67616d0000b2734740100d84f3667f1eae6870
2026-01-20,50,"One Of The Girls (with JENNIE, Lily Rose Depp)","The Weeknd, JENNIE, Lily-Rose Depp",93,244684,single,3,2023-06-23,False,https://i.scdn.co/image/ab67616d0000b273b0dd6a5cd1dec96c4119c262
2026-01-21,1,End of Beginning,Djo,100,159245,album,13,2022-09-16,False,https://i.scdn.co/image/ab67616d0000b273fddfffec51b4580acae727c1
2026-01-21,2,The Fate of Ophelia,Taylor Swift,99,226073,album,12,2025-10-03,False,https://i.scdn.co/image/ab67616d0000b273d7812467811a7da6e6a44902
2026-01-21,3,I Just Might,Bruno Mars,92,212973,single,1,2026-01-09,False,https://i.scdn.co/image/ab67616d0000b273e2887a1b6b98fc6c73bab12b
2026-01-21,4,Lush Life,Zara Larsson,2,201122,single,1,2015-06-09,False,https://i.scdn.co/image/ab67616d0000b2736eaa0691ac9d790b41d21a91
2026-01-21,5,back to friends,sombr,93,199032,album,10,2025-08-22,False,https://i.scdn.co/image/ab67616d0000b273d2eb391e0b3c3bc21c127db6
2026-01-21,6,Man I Need,Olivia Dean,97,184000,single,3,2025-08-15,False,https://i.scdn.co/image/ab67616d0000b273e3d69e17dde129037a1f09e2
2026-01-21,7,Golden,"HUNTR/X, EJAE, AUDREY NUNA, REI AMI, KPop Demon Hunters Cast",98,194607,album,12,2025-06-20,False,https://i.scdn.co/image/ab67616d0000b2734dcb6c5df15cf74596ab25a4
2026-01-21,8,WHERE IS MY HUSBAND!,RAYE,96,196795,single,1,2025-09-19,False,https://i.scdn.co/image/ab67616d0000b2737cc8cee5c81409833e540974
2026-01-21,9,Die On This Hill,SIENNA SPIRO,92,217008,single,4,2025-10-10,False,https://i.scdn.co/image/ab67616d0000b273ec4833919808083d733ca9af
2026-01-21,10,Raindance (feat. Tems),"Dave, Tems",92,219743,album,10,2025-10-23,True,https://i.scdn.co/image/ab67616d0000b273fecaa7826bb0cbe139a8cb83
2026-01-21,11,So Easy (To Fall In Love),Olivia Dean,96,169000,album,12,2025-09-26,False,https://i.scdn.co/image/ab67616d0000b2739a336bfb6d40bbd90a507417
2026-01-21,12,Every Breath You Take,The Police,95,253920,album,11,1983-06-17,False,https://i.scdn.co/image/ab67616d0000b273c8e97cafeb2acb85b21a777e
2026-01-21,13,Die With A Smile,"Lady Gaga, Bruno Mars",92,251667,single,1,2024-08-16,False,https://i.scdn.co/image/ab67616d0000b27382ea2e9e1858aa012c57cd45
2026-01-21,14,Ordinary,Alex Warren,92,186964,album,11,2024-09-26,False,https://i.scdn.co/image/ab67616d0000b27342fe69c0e7e5c92f01ece8ce
2026-01-21,15,I Thought I Saw Your Face Today,She & Him,92,170333,album,13,2008-03-18,False,https://i.scdn.co/image/ab67616d0000b273a47c6d8a934b4833c0916cc9
2026-01-21,16,Iris,The Goo Goo Dolls,93,289533,album,13,1998-01-01,False,https://i.scdn.co/image/ab67616d0000b273eda9478c39a21e1cdc6609ca
2026-01-21,17,Sailor Song,Gigi Perez,88,211978,single,1,2024-07-26,False,https://i.scdn.co/image/ab67616d0000b273e6065f209e0a01986206bd53
2026-01-21,18,BIRDS OF A FEATHER,Billie Eilish,95,210373,album,10,2024-05-17,False,https://i.scdn.co/image/ab67616d0000b27371d62ea7ea8a5be92d3c1f62
2026-01-21,19,That's What I Like,Bruno Mars,92,206693,album,9,2016-11-17,False,https://i.scdn.co/image/ab67616d0000b273232711f7d66a1e19e89e28c5
2026-01-21,20,Locked out of Heaven,Bruno Mars,58,233653,album,10,2012-12-05,False,https://i.scdn.co/image/ab67616d0000b27349055dce3554e72e82082980
2026-01-21,21,Sweater Weather,The Neighbourhood,93,240400,album,11,2013-04-22,False,https://i.scdn.co/image/ab67616d0000b2738265a736a1eb838ad5a0b921
2026-01-21,22,dopamina,"Peso Pluma, Tito Double P",89,185326,album,15,2025-12-25,True,https://i.scdn.co/image/ab67616d0000b273a9e6a250ea86a8f387873ef9
2026-01-21,23,Let Me Love You,"DJ Snake, Justin Bieber",4,205946,album,14,2016-08-05,False,https://i.scdn.co/image/ab67616d0000b2735045de6786e0af096de73ed4
2026-01-21,24,CHANEL,Tyla,93,188059,single,1,2025-10-24,True,https://i.scdn.co/image/ab67616d0000b273c1cfff2e89a49729b648e56d
2026-01-21,25,Gabriela,KATSEYE,94,197226,single,2,2025-06-20,False,https://i.scdn.co/image/ab67616d0000b273f8d4d00ffe09373efb13ce29
2026-01-21,26,BAILE INoLVIDABLE,Bad Bunny,93,367725,album,17,2025-01-05,True,https://i.scdn.co/image/ab67616d0000b273bbd45c8d36e0e045ef640411
2026-01-21,27,Love Me Not,Ravyn Lenae,89,213466,album,11,2024-08-09,False,https://i.scdn.co/image/ab67616d0000b273ef985ba96e76a9574cc68a30
2026-01-21,28,No Broke Boys,"Disco Lines, Tinashe",94,163994,single,1,2025-06-06,True,https://i.scdn.co/image/ab67616d0000b2735dcede7ece7b2cb72cee4eee
2026-01-21,29,Cuando No Era Cantante,"El Bogueto, Yung Beef",92,211084,album,23,2024-09-26,True,https://i.scdn.co/image/ab67616d0000b27315110c9ad66e065592cc3496
2026-01-21,30,Opalite,Taylor Swift,94,235355,album,12,2025-10-03,False,https://i.scdn.co/image/ab67616d0000b273d7812467811a7da6e6a44902
2026-01-21,31,Stateside + Zara Larsson,"PinkPantheress, Zara Larsson",87,184761,album,31,2025-10-10,False,https://i.scdn.co/image/ab67616d0000b2738c2de5de3e20fa408171f517
2026-01-21,32,The Night We Met,Lord Huron,90,208211,album,14,2015-04-06,False,https://i.scdn.co/image/ab67616d0000b27317875a0610c23d8946454583
2026-01-21,33,One Dance,"Drake, Wizkid, Kyla",91,173986,album,20,2016-05-06,False,https://i.scdn.co/image/ab67616d0000b2739416ed64daf84936d89e671c
2026-01-21,34,DtMF,Bad Bunny,93,237117,album,17,2025-01-05,True,https://i.scdn.co/image/ab67616d0000b273bbd45c8d36e0e045ef640411
2026-01-21,35,4 Raws,EsDeeKid,91,146666,album,11,2025-06-20,True,https://i.scdn.co/image/ab67616d0000b2732940ac3a182dac2a5ec72249
2026-01-21,36,Cuando No Era Cantante - Remix,"El Bogueto, Anuel AA, Fuerza Regida, Yung Beef",91,327488,single,1,2025-12-10,True,https://i.scdn.co/image/ab67616d0000b27376ca2bb969e79a911090df63
2026-01-21,37,"One Of The Girls (with JENNIE, Lily Rose Depp)","The Weeknd, JENNIE, Lily-Rose Depp",93,244684,single,3,2023-06-23,False,https://i.scdn.co/image/ab67616d0000b273b0dd6a5cd1dec96c4119c262
2026-01-21,38,Who,Jimin,87,170887,album,7,2024-07-19,False,https://i.scdn.co/image/ab67616d0000b273f02c451189a709b9a952aaec
2026-01-21,39,12 to 12,sombr,90,242903,album,10,2025-08-22,False,https://i.scdn.co/image/ab67616d0000b273d2eb391e0b3c3bc21c127db6
2026-01-21,40,Creep,Radiohead,93,238640,album,12,1993-02-22,True,https://i.scdn.co/image/ab67616d0000b273ec548c00d3ac2f10be73366d
2026-01-21,41,WILDFLOWER,Billie Eilish,93,261466,album,10,2024-05-17,False,https://i.scdn.co/image/ab67616d0000b27371d62ea7ea8a5be92d3c1f62
2026-01-21,42,Don’t Say You Love Me,Jin,86,180716,album,7,2025-05-16,False,https://i.scdn.co/image/ab67616d0000b27389228504f700641956e29f5d
2026-01-21,43,7-3,"Peso Pluma, Tito Double P",88,189102,album,15,2025-12-25,True,https://i.scdn.co/image/ab67616d0000b273a9e6a250ea86a8f387873ef9
2026-01-21,44,Beautiful Things,Benson Boone,89,180304,album,15,2024-04-05,False,https://i.scdn.co/image/ab67616d0000b273cc04ff3e70e146ba9abacf40
2026-01-21,45,When I Was Your Man,Bruno Mars,56,213826,album,10,2012-12-05,False,https://i.scdn.co/image/ab67616d0000b27349055dce3554e72e82082980
2026-01-21,46,Yellow,Coldplay,92,266773,album,10,2000-07-10,False,https://i.scdn.co/image/ab67616d0000b2739164bafe9aaa168d93f4816a
2026-01-21,47,Starboy,"The Weeknd, Daft Punk",91,230453,album,18,2016-11-25,True,https://i.scdn.co/image/ab67616d0000b2734718e2b124f79258be7bc452
2026-01-21,48,What You Saying,Lil Uzi Vert,89,131729,single,1,2025-12-22,False,https://i.scdn.co/image/ab67616d0000b27338b6341d4c2a56836a650165
2026-01-21,49,Sedia Aku Sebelum Hujan,Idgitaf,90,230130,single,1,2025-10-08,False,https://i.scdn.co/image/ab67616d0000b2738dc8c573565969d55f9f3477
2026-01-21,50,I Wanna Be Yours,Arctic Monkeys,92,183956,album,12,2013-09-09,False,https://i.scdn.co/image/ab67616d0000b2734ae1c4c5c45aabe565499163
2026-01-22,1,End of Beginning,Djo,100,159245,album,13,2022-09-16,False,https://i.scdn.co/image/ab67616d0000b273fddfffec51b4580acae727c1
2026-01-22,2,The Fate of Ophelia,Taylor Swift,99,226073,album,12,2025-10-03,False,https://i.scdn.co/image/ab67616d0000b273d7812467811a7da6e6a44902
2026-01-22,3,I Just Might,Bruno Mars,92,212973,single,1,2026-01-09,False,https://i.scdn.co/image/ab67616d0000b273e2887a1b6b98fc6c73bab12b
2026-01-22,4,back to friends,sombr,93,199032,album,10,2025-08-22,False,https://i.scdn.co/image/ab67616d0000b273d2eb391e0b3c3bc21c127db6
2026-01-22,5,Man I Need,Olivia Dean,97,184000,single,3,2025-08-15,False,https://i.scdn.co/image/ab67616d0000b273e3d69e17dde129037a1f09e2
2026-01-22,6,Lush Life,Zara Larsson,2,201122,single,1,2015-06-09,False,https://i.scdn.co/image/ab67616d0000b2736eaa0691ac9d790b41d21a91
2026-01-22,7,Golden,"HUNTR/X, EJAE, AUDREY NUNA, REI AMI, KPop Demon Hunters Cast",98,194607,album,12,2025-06-20,False,https://i.scdn.co/image/ab67616d0000b2734dcb6c5df15cf74596ab25a4
2026-01-22,8,WHERE IS MY HUSBAND!,RAYE,96,196795,single,1,2025-09-19,False,https://i.scdn.co/image/ab67616d0000b2737cc8cee5c81409833e540974
2026-01-22,9,Die On This Hill,SIENNA SPIRO,92,217008,single,4,2025-10-10,False,https://i.scdn.co/image/ab67616d0000b273ec4833919808083d733ca9af
2026-01-22,10,So Easy (To Fall In Love),Olivia Dean,96,169000,album,12,2025-09-26,False,https://i.scdn.co/image/ab67616d0000b2739a336bfb6d40bbd90a507417
2026-01-22,11,Raindance (feat. Tems),"Dave, Tems",92,219743,album,10,2025-10-23,True,https://i.scdn.co/image/ab67616d0000b273fecaa7826bb0cbe139a8cb83
2026-01-22,12,Every Breath You Take,The Police,95,253920,album,11,1983-06-17,False,https://i.scdn.co/image/ab67616d0000b273c8e97cafeb2acb85b21a777e
2026-01-22,13,I Thought I Saw Your Face Today,She & Him,93,170333,album,13,2008-03-18,False,https://i.scdn.co/image/ab67616d0000b273a47c6d8a934b4833c0916cc9
2026-01-22,14,Ordinary,Alex Warren,92,186964,album,11,2024-09-26,False,https://i.scdn.co/image/ab67616d0000b27342fe69c0e7e5c92f01ece8ce
2026-01-22,15,Die With A Smile,"Lady Gaga, Bruno Mars",92,251667,single,1,2024-08-16,False,https://i.scdn.co/image/ab67616d0000b27382ea2e9e1858aa012c57cd45
2026-01-22,16,Iris,The Goo Goo Dolls,93,289533,album,13,1998-01-01,False,https://i.scdn.co/image/ab67616d0000b273eda9478c39a21e1cdc6609ca
2026-01-22,17,Sailor Song,Gigi Perez,88,211978,single,1,2024-07-26,False,https://i.scdn.co/image/ab67616d0000b273e6065f209e0a01986206bd53
2026-01-22,18,BIRDS OF A FEATHER,Billie Eilish,95,210373,album,10,2024-05-17,False,https://i.scdn.co/image/ab67616d0000b27371d62ea7ea8a5be92d3c1f62
2026-01-22,19,dopamina,"Peso Pluma, Tito Double P",89,185326,album,15,2025-12-25,True,https://i.scdn.co/image/ab67616d0000b273a9e6a250ea86a8f387873ef9
2026-01-22,20,BAILE INoLVIDABLE,Bad Bunny,93,367725,album,17,2025-01-05,True,https://i.scdn.co/image/ab67616d0000b273bbd45c8d36e0e045ef640411
2026-01-22,21,That's What I Like,Bruno Mars,92,206693,album,9,2016-11-17,False,https://i.scdn.co/image/ab67616d0000b273232711f7d66a1e19e89e28c5
2026-01-22,22,Gabriela,KATSEYE,93,197226,single,2,2025-06-20,False,https://i.scdn.co/image/ab67616d0000b273f8d4d00ffe09373efb13ce29
2026-01-22,23,Sweater Weather,The Neighbourhood,92,240400,album,11,2013-04-22,False,https://i.scdn.co/image/ab67616d0000b2738265a736a1eb838ad5a0b921
2026-01-22,24,Cuando No Era Cantante,"El Bogueto, Yung Beef",92,211084,album,23,2024-09-26,True,https://i.scdn.co/image/ab67616d0000b27315110c9ad66e065592cc3496
2026-01-22,25,Locked out of Heaven,Bruno Mars,58,233653,album,10,2012-12-05,False,https://i.scdn.co/image/ab67616d0000b27349055dce3554e72e82082980
2026-01-22,26,Love Me Not,Ravyn Lenae,89,213466,album,11,2024-08-09,False,https://i.scdn.co/image/ab67616d0000b273ef985ba96e76a9574cc68a30
2026-01-22,27,Let Me Love You,"DJ Snake, Justin Bieber",4,205946,album,14,2016-08-05,False,https://i.scdn.co/image/ab67616d0000b2735045de6786e0af096de73ed4
2026-01-22,28,CHANEL,Tyla,93,188059,single,1,2025-10-24,True,https://i.scdn.co/image/ab67616d0000b273c1cfff2e89a49729b648e56d
2026-01-22,29,Stateside + Zara Larsson,"PinkPantheress, Zara Larsson",87,184761,album,31,2025-10-10,False,https://i.scdn.co/image/ab67616d0000b2738c2de5de3e20fa408171f517
2026-01-22,30,No Broke Boys,"Disco Lines, Tinashe",93,163994,single,1,2025-06-06,True,https://i.scdn.co/image/ab67616d0000b2735dcede7ece7b2cb72cee4eee
2026-01-22,31,Opalite,Taylor Swift,93,235355,album,12,2025-10-03,False,https://i.scdn.co/image/ab67616d0000b273d7812467811a7da6e6a44902
2026-01-22,32,DtMF,Bad Bunny,93,237117,album,17,2025-01-05,True,https://i.scdn.co/image/ab67616d0000b273bbd45c8d36e0e045ef640411
2026-01-22,33,The Night We Met,Lord Huron,90,208211,album,14,2015-04-06,False,https://i.scdn.co/image/ab67616d0000b27317875a0610c23d8946454583
2026-01-22,34,Cuando No Era Cantante - Remix,"El Bogueto, Anuel AA, Fuerza Regida, Yung Beef",91,327488,single,1,2025-12-10,True,https://i.scdn.co/image/ab67616d0000b27376ca2bb969e79a911090df63
2026-01-22,35,4 Raws,EsDeeKid,91,146666,album,11,2025-06-20,True,https://i.scdn.co/image/ab67616d0000b2732940ac3a182dac2a5ec72249
2026-01-22,36,Who,Jimin,87,170887,album,7,2024-07-19,False,https://i.scdn.co/image/ab67616d0000b273f02c451189a709b9a952aaec
2026-01-22,37,Creep,Radiohead,93,238640,album,12,1993-02-22,True,https://i.scdn.co/image/ab67616d0000b273ec548c00d3ac2f10be73366d
2026-01-22,38,One Dance,"Drake, Wizkid, Kyla",91,173986,album,20,2016-05-06,False,https://i.scdn.co/image/ab67616d0000b2739416ed64daf84936d89e671c
2026-01-22,39,"One Of The Girls (with JENNIE, Lily Rose Depp)","The Weeknd, JENNIE, Lily-Rose Depp",92,244684,single,3,2023-06-23,False,https://i.scdn.co/image/ab67616d0000b273b0dd6a5cd1dec96c4119c262
2026-01-22,40,12 to 12,sombr,90,242903,album,10,2025-08-22,False,https://i.scdn.co/image/ab67616d0000b273d2eb391e0b3c3bc21c127db6
2026-01-22,41,WILDFLOWER,Billie Eilish,93,261466,album,10,2024-05-17,False,https://i.scdn.co/image/ab67616d0000b27371d62ea7ea8a5be92d3c1f62
2026-01-22,42,Don’t Say You Love Me,Jin,86,180716,album,7,2025-05-16,False,https://i.scdn.co/image/ab67616d0000b27389228504f700641956e29f5d
2026-01-22,43,What You Saying,Lil Uzi Vert,89,131729,single,1,2025-12-22,False,https://i.scdn.co/image/ab67616d0000b27338b6341d4c2a56836a650165
2026-01-22,44,7-3,"Peso Pluma, Tito Double P",88,189102,album,15,2025-12-25,True,https://i.scdn.co/image/ab67616d0000b273a9e6a250ea86a8f387873ef9
2026-01-22,45,I Wanna Be Yours,Arctic Monkeys,92,183956,album,12,2013-09-09,False,https://i.scdn.co/image/ab67616d0000b2734ae1c4c5c45aabe565499163
2026-01-22,46,daño,"Peso Pluma, Tito Double P",89,197007,album,15,2025-12-25,True,https://i.scdn.co/image/ab67616d0000b273a9e6a250ea86a8f387873ef9
2026-01-22,47,Beautiful Things,Benson Boone,89,180304,album,15,2024-04-05,False,https://i.scdn.co/image/ab67616d0000b273cc04ff3e70e146ba9abacf40
2026-01-22,48,Sparks,Coldplay,91,227093,album,10,2000-07-10,False,https://i.scdn.co/image/ab67616d0000b2739164bafe9aaa168d93f4816a
2026-01-22,49,Sedia Aku Sebelum Hujan,Idgitaf,90,230130,single,1,2025-10-08,False,https://i.scdn.co/image/ab67616d0000b2738dc8c573565969d55f9f3477
2026-01-22,50,Yellow,Coldplay,92,266773,album,10,2000-07-10,False,https://i.scdn.co/image/ab67616d0000b2739164bafe9aaa168d93f4816a
2026-01-23,1,End of Beginning,Djo,100,159245,album,13,2022-09-16,False,https://i.scdn.co/image/ab67616d0000b273fddfffec51b4580acae727c1
2026-01-23,2,The Fate of Ophelia,Taylor Swift,99,226073,album,12,2025-10-03,False,https://i.scdn.co/image/ab67616d0000b273d7812467811a7da6e6a44902
2026-01-23,3,I Just Might,Bruno Mars,93,212973,single,1,2026-01-09,False,https://i.scdn.co/image/ab67616d0000b273e2887a1b6b98fc6c73bab12b
2026-01-23,4,back to friends,sombr,93,199032,album,10,2025-08-22,False,https://i.scdn.co/image/ab67616d0000b273d2eb391e0b3c3bc21c127db6
2026-01-23,5,Golden,"HUNTR/X, EJAE, AUDREY NUNA, REI AMI, KPop Demon Hunters Cast",97,194607,album,12,2025-06-20,False,https://i.scdn.co/image/ab67616d0000b2734dcb6c5df15cf74596ab25a4
2026-01-23,6,Man I Need,Olivia Dean,97,184000,single,3,2025-08-15,False,https://i.scdn.co/image/ab67616d0000b273e3d69e17dde129037a1f09e2
2026-01-23,7,WHERE IS MY HUSBAND!,RAYE,96,196795,single,1,2025-09-19,False,https://i.scdn.co/image/ab67616d0000b2737cc8cee5c81409833e540974
2026-01-23,8,Lush Life,Zara Larsson,2,201122,single,1,2015-06-09,False,https://i.scdn.co/image/ab67616d0000b2736eaa0691ac9d790b41d21a91
2026-01-23,9,Die On This Hill,SIENNA SPIRO,93,217008,single,4,2025-10-10,False,https://i.scdn.co/image/ab67616d0000b273ec4833919808083d733ca9af
2026-01-23,10,So Easy (To Fall In Love),Olivia Dean,96,169000,album,12,2025-09-26,False,https://i.scdn.co/image/ab67616d0000b2739a336bfb6d40bbd90a507417
2026-01-23,11,Raindance (feat. Tems),"Dave, Tems",93,219743,album,10,2025-10-23,True,https://i.scdn.co/image/ab67616d0000b273fecaa7826bb0cbe139a8cb83
2026-01-23,12,Ordinary,Alex Warren,92,186964,album,11,2024-09-26,False,https://i.scdn.co/image/ab67616d0000b27342fe69c0e7e5c92f01ece8ce
2026-01-23,13,Die With A Smile,"Lady Gaga, Bruno Mars",92,251667,single,1,2024-08-16,False,https://i.scdn.co/image/ab67616d0000b27382ea2e9e1858aa012c57cd45
2026-01-23,14,I Thought I Saw Your Face Today,She & Him,93,170333,album,13,2008-03-18,False,https://i.scdn.co/image/ab67616d0000b273a47c6d8a934b4833c0916cc9
2026-01-23,15,Every Breath You Take,The Police,95,253920,album,11,1983-06-17,False,https://i.scdn.co/image/ab67616d0000b273c8e97cafeb2acb85b21a777e
2026-01-23,16,BIRDS OF A FEATHER,Billie Eilish,95,210373,album,10,2024-05-17,False,https://i.scdn.co/image/ab67616d0000b27371d62ea7ea8a5be92d3c1f62
2026-01-23,17,Iris,The Goo Goo Dolls,93,289533,album,13,1998-01-01,False,https://i.scdn.co/image/ab67616d0000b273eda9478c39a21e1cdc6609ca
2026-01-23,18,Sailor Song,Gigi Perez,88,211978,single,1,2024-07-26,False,https://i.scdn.co/image/ab67616d0000b273e6065f209e0a01986206bd53
2026-01-23,19,dopamina,"Peso Pluma, Tito Double P",89,185326,album,15,2025-12-25,True,https://i.scdn.co/image/ab67616d0000b273a9e6a250ea86a8f387873ef9
2026-01-23,20,Sweater Weather,The Neighbourhood,92,240400,album,11,2013-04-22,False,https://i.scdn.co/image/ab67616d0000b2738265a736a1eb838ad5a0b921
2026-01-23,21,Stateside + Zara Larsson,"PinkPantheress, Zara Larsson",88,184761,album,31,2025-10-10,False,https://i.scdn.co/image/ab67616d0000b2738c2de5de3e20fa408171f517
2026-01-23,22,Love Me Not,Ravyn Lenae,89,213466,album,11,2024-08-09,False,https://i.scdn.co/image/ab67616d0000b273ef985ba96e76a9574cc68a30
2026-01-23,23,Locked out of Heaven,Bruno Mars,58,233653,album,10,2012-12-05,False,https://i.scdn.co/image/ab67616d0000b27349055dce3554e72e82082980
2026-01-23,24,BAILE INoLVIDABLE,Bad Bunny,93,367725,album,17,2025-01-05,True,https://i.scdn.co/image/ab67616d0000b273bbd45c8d36e0e045ef640411
2026-01-23,25,Gabriela,KATSEYE,93,197226,single,2,2025-06-20,False,https://i.scdn.co/image/ab67616d0000b273f8d4d00ffe09373efb13ce29
2026-01-23,26,CHANEL,Tyla,93,188059,single,1,2025-10-24,True,https://i.scdn.co/image/ab67616d0000b273c1cfff2e89a49729b648e56d
2026-01-23,27,No Broke Boys,"Disco Lines, Tinashe",93,163994,single,1,2025-06-06,True,https://i.scdn.co/image/ab67616d0000b2735dcede7ece7b2cb72cee4eee
2026-01-23,28,Opalite,Taylor Swift,93,235355,album,12,2025-10-03,False,https://i.scdn.co/image/ab67616d0000b273d7812467811a7da6e6a44902
2026-01-23,29,DtMF,Bad Bunny,93,237117,album,17,2025-01-05,True,https://i.scdn.co/image/ab67616d0000b273bbd45c8d36e0e045ef640411
2026-01-23,30,That's What I Like,Bruno Mars,92,206693,album,9,2016-11-17,False,https://i.scdn.co/image/ab67616d0000b273232711f7d66a1e19e89e28c5
2026-01-23,31,4 Raws,EsDeeKid,91,146666,album,11,2025-06-20,True,https://i.scdn.co/image/ab67616d0000b2732940ac3a182dac2a5ec72249
2026-01-23,32,Cuando No Era Cantante - Remix,"El Bogueto, Anuel AA, Fuerza Regida, Yung Beef",91,327488,single,1,2025-12-10,True,https://i.scdn.co/image/ab67616d0000b27376ca2bb969e79a911090df63
2026-01-23,33,Creep,Radiohead,92,238640,album,12,1993-02-22,True,https://i.scdn.co/image/ab67616d0000b273ec548c00d3ac2f10be73366d
2026-01-23,34,"One Of The Girls (with JENNIE, Lily Rose Depp)","The Weeknd, JENNIE, Lily-Rose Depp",92,244684,single,3,2023-06-23,False,https://i.scdn.co/image/ab67616d0000b273b0dd6a5cd1dec96c4119c262
2026-01-23,35,WILDFLOWER,Billie Eilish,92,261466,album,10,2024-05-17,False,https://i.scdn.co/image/ab67616d0000b27371d62ea7ea8a5be92d3c1f62
2026-01-23,36,Cuando No Era Cantante,"El Bogueto, Yung Beef",92,211084,album,23,2024-09-26,True,https://i.scdn.co/image/ab67616d0000b27315110c9ad66e065592cc3496
2026-01-23,37,12 to 12,sombr,90,242903,album,10,2025-08-22,False,https://i.scdn.co/image/ab67616d0000b273d2eb391e0b3c3bc21c127db6
2026-01-23,38,Who,Jimin,87,170887,album,7,2024-07-19,False,https://i.scdn.co/image/ab67616d0000b273f02c451189a709b9a952aaec
2026-01-23,39,What You Saying,Lil Uzi Vert,89,131729,single,1,2025-12-22,False,https://i.scdn.co/image/ab67616d0000b27338b6341d4c2a56836a650165
2026-01-23,40,One Dance,"Drake, Wizkid, Kyla",91,173986,album,20,2016-05-06,False,https://i.scdn.co/image/ab67616d0000b2739416ed64daf84936d89e671c
2026-01-23,41,Yellow,Coldplay,92,266773,album,10,2000-07-10,False,https://i.scdn.co/image/ab67616d0000b2739164bafe9aaa168d93f4816a
2026-01-23,42,The Night We Met,Lord Huron,90,208211,album,14,2015-04-06,False,https://i.scdn.co/image/ab67616d0000b27317875a0610c23d8946454583
2026-01-23,43,Let Me Love You,"DJ Snake, Justin Bieber",4,205946,album,14,2016-08-05,False,https://i.scdn.co/image/ab67616d0000b2735045de6786e0af096de73ed4
2026-01-23,44,7-3,"Peso Pluma, Tito Double P",88,189102,album,15,2025-12-25,True,https://i.scdn.co/image/ab67616d0000b273a9e6a250ea86a8f387873ef9
2026-01-23,45,Sparks,Coldplay,91,227093,album,10,2000-07-10,False,https://i.scdn.co/image/ab67616d0000b2739164bafe9aaa168d93f4816a
2026-01-23,46,Don’t Say You Love Me,Jin,86,180716,album,7,2025-05-16,False,https://i.scdn.co/image/ab67616d0000b27389228504f700641956e29f5d
2026-01-23,47,I Wanna Be Yours,Arctic Monkeys,92,183956,album,12,2013-09-09,False,https://i.scdn.co/image/ab67616d0000b2734ae1c4c5c45aabe565499163
2026-01-23,48,Sedia Aku Sebelum Hujan,Idgitaf,90,230130,single,1,2025-10-08,False,https://i.scdn.co/image/ab67616d0000b2738dc8c573565969d55f9f3477
2026-01-23,49,daño,"Peso Pluma, Tito Double P",89,197007,album,15,2025-12-25,True,https://i.scdn.co/image/ab67616d0000b273a9e6a250ea86a8f387873ef9
2026-01-23,50,As It Was,Harry Styles,90,167303,album,13,2022-05-20,False,https://i.scdn.co/image/ab67616d0000b27382ce362511fb3d9dda6578ee
2026-01-24,1,End of Beginning,Djo,100,159245,album,13,2022-09-16,False,https://i.scdn.co/image/ab67616d0000b273fddfffec51b4580acae727c1
2026-01-24,2,The Fate of Ophelia,Taylor Swift,99,226073,album,12,2025-10-03,False,https://i.scdn.co/image/ab67616d0000b273d7812467811a7da6e6a44902
2026-01-24,3,I Just Might,Bruno Mars,93,212973,single,1,2026-01-09,False,https://i.scdn.co/image/ab67616d0000b273e2887a1b6b98fc6c73bab12b
2026-01-24,4,back to friends,sombr,93,199032,album,10,2025-08-22,False,https://i.scdn.co/image/ab67616d0000b273d2eb391e0b3c3bc21c127db6
2026-01-24,5,Golden,"HUNTR/X, EJAE, AUDREY NUNA, REI AMI, KPop Demon Hunters Cast",97,194607,album,12,2025-06-20,False,https://i.scdn.co/image/ab67616d0000b2734dcb6c5df15cf74596ab25a4
2026-01-24,6,Man I Need,Olivia Dean,97,184000,single,3,2025-08-15,False,https://i.scdn.co/image/ab67616d0000b273e3d69e17dde129037a1f09e2
2026-01-24,7,WHERE IS MY HUSBAND!,RAYE,96,196795,single,1,2025-09-19,False,https://i.scdn.co/image/ab67616d0000b2737cc8cee5c81409833e540974
2026-01-24,8,Die On This Hill,SIENNA SPIRO,93,217008,single,4,2025-10-10,False,https://i.scdn.co/image/ab67616d0000b273ec4833919808083d733ca9af
2026-01-24,9,Lush Life,Zara Larsson,2,201122,single,1,2015-06-09,False,https://i.scdn.co/image/ab67616d0000b2736eaa0691ac9d790b41d21a91
2026-01-24,10,So Easy (To Fall In Love),Olivia Dean,96,169000,album,12,2025-09-26,False,https://i.scdn.co/image/ab67616d0000b2739a336bfb6d40bbd90a507417
2026-01-24,11,Raindance (feat. Tems),"Dave, Tems",93,219743,album,10,2025-10-23,True,https://i.scdn.co/image/ab67616d0000b273fecaa7826bb0cbe139a8cb83
2026-01-24,12,Ordinary,Alex Warren,92,186964,album,11,2024-09-26,False,https://i.scdn.co/image/ab67616d0000b27342fe69c0e7e5c92f01ece8ce
2026-01-24,13,Die With A Smile,"Lady Gaga, Bruno Mars",92,251667,single,1,2024-08-16,False,https://i.scdn.co/image/ab67616d0000b27382ea2e9e1858aa012c57cd45
2026-01-24,14,I Thought I Saw Your Face Today,She & Him,93,170333,album,13,2008-03-18,False,https://i.scdn.co/image/ab67616d0000b273a47c6d8a934b4833c0916cc9
2026-01-24,15,Every Breath You Take,The Police,95,253920,album,11,1983-06-17,False,https://i.scdn.co/image/ab67616d0000b273c8e97cafeb2acb85b21a777e
2026-01-24,16,BIRDS OF A FEATHER,Billie Eilish,95,210373,album,10,2024-05-17,False,https://i.scdn.co/image/ab67616d0000b27371d62ea7ea8a5be92d3c1f62
2026-01-24,17,Iris,The Goo Goo Dolls,93,289533,album,13,1998-01-01,False,https://i.scdn.co/image/ab67616d0000b273eda9478c39a21e1cdc6609ca
2026-01-24,18,dopamina,"Peso Pluma, Tito Double P",89,185326,album,15,2025-12-25,True,https://i.scdn.co/image/ab67616d0000b273a9e6a250ea86a8f387873ef9
2026-01-24,19,Sailor Song,Gigi Perez,88,211978,single,1,2024-07-26,False,https://i.scdn.co/image/ab67616d0000b273e6065f209e0a01986206bd53
2026-01-24,20,Sweater Weather,The Neighbourhood,92,240400,album,11,2013-04-22,False,https://i.scdn.co/image/ab67616d0000b2738265a736a1eb838ad5a0b921
2026-01-24,21,BAILE INoLVIDABLE,Bad Bunny,93,367725,album,17,2025-01-05,True,https://i.scdn.co/image/ab67616d0000b273bbd45c8d36e0e045ef640411
2026-01-24,22,Stateside + Zara Larsson,"PinkPantheress, Zara Larsson",88,184761,album,31,2025-10-10,False,https://i.scdn.co/image/ab67616d0000b2738c2de5de3e20fa408171f517
2026-01-24,23,Locked out of Heaven,Bruno Mars,58,233653,album,10,2012-12-05,False,https://i.scdn.co/image/ab67616d0000b27349055dce3554e72e82082980
2026-01-24,24,Love Me Not,Ravyn Lenae,89,213466,album,11,2024-08-09,False,https://i.scdn.co/image/ab67616d0000b273ef985ba96e76a9574cc68a30
2026-01-24,25,Opalite,Taylor Swift,93,235355,album,12,2025-10-03,False,https://i.scdn.co/image/ab67616d0000b273d7812467811a7da6e6a44902
2026-01-24,26,"One Of The Girls (with JENNIE, Lily Rose Depp)","The Weeknd, JENNIE, Lily-Rose Depp",92,244684,single,3,2023-06-23,False,https://i.scdn.co/image/ab67616d0000b273b0dd6a5cd1dec96c4119c262
2026-01-24,27,CHANEL,Tyla,93,188059,single,1,2025-10-24,True,https://i.scdn.co/image/ab67616d0000b273c1cfff2e89a49729b648e56d
2026-01-24,28,Gabriela,KATSEYE,93,197226,single,2,2025-06-20,False,https://i.scdn.co/image/ab67616d0000b273f8d4d00ffe09373efb13ce29
2026-01-24,29,DtMF,Bad Bunny,93,237117,album,17,2025-01-05,True,https://i.scdn.co/image/ab67616d0000b273bbd45c8d36e0e045ef640411
2026-01-24,30,Creep,Radiohead,92,238640,album,12,1993-02-22,True,https://i.scdn.co/image/ab67616d0000b273ec548c00d3ac2f10be73366d
2026-01-24,31,No Broke Boys,"Disco Lines, Tinashe",93,163994,single,1,2025-06-06,True,https://i.scdn.co/image/ab67616d0000b2735dcede7ece7b2cb72cee4eee
2026-01-24,32,One Dance,"Drake, Wizkid, Kyla",91,173986,album,20,2016-05-06,False,https://i.scdn.co/image/ab67616d0000b2739416ed64daf84936d89e671c
2026-01-24,33,Cuando No Era Cantante - Remix,"El Bogueto, Anuel AA, Fuerza Regida, Yung Beef",91,327488,single,1,2025-12-10,True,https://i.scdn.co/image/ab67616d0000b27376ca2bb969e79a911090df63
2026-01-24,34,Cuando No Era Cantante,"El Bogueto, Yung Beef",91,211084,album,23,2024-09-26,True,https://i.scdn.co/image/ab67616d0000b27315110c9ad66e065592cc3496
2026-01-24,35,That's What I Like,Bruno Mars,92,206693,album,9,2016-11-17,False,https://i.scdn.co/image/ab67616d0000b273232711f7d66a1e19e89e28c5
2026-01-24,36,What You Saying,Lil Uzi Vert,89,131729,single,1,2025-12-22,False,https://i.scdn.co/image/ab67616d0000b27338b6341d4c2a56836a650165
2026-01-24,37,Let Me Love You,"DJ Snake, Justin Bieber",3,205946,album,14,2016-08-05,False,https://i.scdn.co/image/ab67616d0000b2735045de6786e0af096de73ed4
2026-01-24,38,12 to 12,sombr,90,242903,album,10,2025-08-22,False,https://i.scdn.co/image/ab67616d0000b273d2eb391e0b3c3bc21c127db6
2026-01-24,39,4 Raws,EsDeeKid,91,146666,album,11,2025-06-20,True,https://i.scdn.co/image/ab67616d0000b2732940ac3a182dac2a5ec72249
2026-01-24,40,WILDFLOWER,Billie Eilish,92,261466,album,10,2024-05-17,False,https://i.scdn.co/image/ab67616d0000b27371d62ea7ea8a5be92d3c1f62
2026-01-24,41,Starboy,"The Weeknd, Daft Punk",91,230453,album,18,2016-11-25,True,https://i.scdn.co/image/ab67616d0000b2734718e2b124f79258be7bc452
2026-01-24,42,7-3,"Peso Pluma, Tito Double P",88,189102,album,15,2025-12-25,True,https://i.scdn.co/image/ab67616d0000b273a9e6a250ea86a8f387873ef9
2026-01-24,43,Yellow,Coldplay,92,266773,album,10,2000-07-10,False,https://i.scdn.co/image/ab67616d0000b2739164bafe9aaa168d93f4816a
2026-01-24,44,The Night We Met,Lord Huron,90,208211,album,14,2015-04-06,False,https://i.scdn.co/image/ab67616d0000b27317875a0610c23d8946454583
2026-01-24,45,Beautiful Things,Benson Boone,89,180304,album,15,2024-04-05,False,https://i.scdn.co/image/ab67616d0000b273cc04ff3e70e146ba9abacf40
2026-01-24,46,Who,Jimin,87,170887,album,7,2024-07-19,False,https://i.scdn.co/image/ab67616d0000b273f02c451189a709b9a952aaec
2026-01-24,47,I Wanna Be Yours,Arctic Monkeys,92,183956,album,12,2013-09-09,False,https://i.scdn.co/image/ab67616d0000b2734ae1c4c5c45aabe565499163
2026-01-24,48,daño,"Peso Pluma, Tito Double P",89,197007,album,15,2025-12-25,True,https://i.scdn.co/image/ab67616d0000b273a9e6a250ea86a8f387873ef9
2026-01-24,49,Sparks,Coldplay,91,227093,album,10,2000-07-10,False,https://i.scdn.co/image/ab67616d0000b2739164bafe9aaa168d93f4816a
2026-01-24,50,LA VILLA,"Ryan Castro, Kapo, Gangsta",82,192111,album,13,2025-10-23,True,https://i.scdn.co/image/ab67616d0000b2734f0b5d2c8e5f6b86fcd73ca9
2026-01-25,1,Aperture,Harry Styles,0,311733,single,1,2026-01-22,False,https://i.scdn.co/image/ab67616d0000b2736b10b937d94f055f8890cb62
2026-01-25,2,End of Beginning,Djo,100,159245,album,13,2022-09-16,False,https://i.scdn.co/image/ab67616d0000b273fddfffec51b4580acae727c1
2026-01-25,3,The Fate of Ophelia,Taylor Swift,99,226073,album,12,2025-10-03,False,https://i.scdn.co/image/ab67616d0000b273d7812467811a7da6e6a44902
2026-01-25,4,I Just Might,Bruno Mars,93,212973,single,1,2026-01-09,False,https://i.scdn.co/image/ab67616d0000b273e2887a1b6b98fc6c73bab12b
2026-01-25,5,Man I Need,Olivia Dean,97,184000,single,3,2025-08-15,False,https://i.scdn.co/image/ab67616d0000b273e3d69e17dde129037a1f09e2
2026-01-25,6,back to friends,sombr,93,199032,album,10,2025-08-22,False,https://i.scdn.co/image/ab67616d0000b273d2eb391e0b3c3bc21c127db6
2026-01-25,7,WHERE IS MY HUSBAND!,RAYE,96,196795,single,1,2025-09-19,False,https://i.scdn.co/image/ab67616d0000b2737cc8cee5c81409833e540974
2026-01-25,8,Golden,"HUNTR/X, EJAE, AUDREY NUNA, REI AMI, KPop Demon Hunters Cast",97,194607,album,12,2025-06-20,False,https://i.scdn.co/image/ab67616d0000b2734dcb6c5df15cf74596ab25a4
2026-01-25,9,Lush Life,Zara Larsson,2,201122,single,1,2015-06-09,False,https://i.scdn.co/image/ab67616d0000b2736eaa0691ac9d790b41d21a91
2026-01-25,10,So Easy (To Fall In Love),Olivia Dean,96,169000,album,12,2025-09-26,False,https://i.scdn.co/image/ab67616d0000b2739a336bfb6d40bbd90a507417
2026-01-25,11,Die On This Hill,SIENNA SPIRO,93,217008,single,4,2025-10-10,False,https://i.scdn.co/image/ab67616d0000b273ec4833919808083d733ca9af
2026-01-25,12,Raindance (feat. Tems),"Dave, Tems",93,219743,album,10,2025-10-23,True,https://i.scdn.co/image/ab67616d0000b273fecaa7826bb0cbe139a8cb83
2026-01-25,13,Ordinary,Alex Warren,91,186964,album,11,2024-09-26,False,https://i.scdn.co/image/ab67616d0000b27342fe69c0e7e5c92f01ece8ce
2026-01-25,14,Die With A Smile,"Lady Gaga, Bruno Mars",92,251667,single,1,2024-08-16,False,https://i.scdn.co/image/ab67616d0000b27382ea2e9e1858aa012c57cd45
2026-01-25,15,Every Breath You Take,The Police,94,253920,album,11,1983-06-17,False,https://i.scdn.co/image/ab67616d0000b273c8e97cafeb2acb85b21a777e
2026-01-25,16,I Thought I Saw Your Face Today,She & Him,93,170333,album,13,2008-03-18,False,https://i.scdn.co/image/ab67616d0000b273a47c6d8a934b4833c0916cc9
2026-01-25,17,Iris,The Goo Goo Dolls,93,289533,album,13,1998-01-01,False,https://i.scdn.co/image/ab67616d0000b273eda9478c39a21e1cdc6609ca
2026-01-25,18,BIRDS OF A FEATHER,Billie Eilish,95,210373,album,10,2024-05-17,False,https://i.scdn.co/image/ab67616d0000b27371d62ea7ea8a5be92d3c1f62
2026-01-25,19,dopamina,"Peso Pluma, Tito Double P",89,185326,album,15,2025-12-25,True,https://i.scdn.co/image/ab67616d0000b273a9e6a250ea86a8f387873ef9
2026-01-25,20,Sailor Song,Gigi Perez,88,211978,single,1,2024-07-26,False,https://i.scdn.co/image/ab67616d0000b273e6065f209e0a01986206bd53
2026-01-25,21,BAILE INoLVIDABLE,Bad Bunny,93,367725,album,17,2025-01-05,True,https://i.scdn.co/image/ab67616d0000b273bbd45c8d36e0e045ef640411
2026-01-25,22,Stateside + Zara Larsson,"PinkPantheress, Zara Larsson",88,184761,album,31,2025-10-10,False,https://i.scdn.co/image/ab67616d0000b2738c2de5de3e20fa408171f517
2026-01-25,23,Sweater Weather,The Neighbourhood,92,240400,album,11,2013-04-22,False,https://i.scdn.co/image/ab67616d0000b2738265a736a1eb838ad5a0b921
2026-01-25,24,No Broke Boys,"Disco Lines, Tinashe",93,163994,single,1,2025-06-06,True,https://i.scdn.co/image/ab67616d0000b2735dcede7ece7b2cb72cee4eee
2026-01-25,25,DtMF,Bad Bunny,93,237117,album,17,2025-01-05,True,https://i.scdn.co/image/ab67616d0000b273bbd45c8d36e0e045ef640411
2026-01-25,26,Love Me Not,Ravyn Lenae,89,213466,album,11,2024-08-09,False,https://i.scdn.co/image/ab67616d0000b273ef985ba96e76a9574cc68a30
2026-01-25,27,Locked out of Heaven,Bruno Mars,58,233653,album,10,2012-12-05,False,https://i.scdn.co/image/ab67616d0000b27349055dce3554e72e82082980
2026-01-25,28,CHANEL,Tyla,93,188059,single,1,2025-10-24,True,https://i.scdn.co/image/ab67616d0000b273c1cfff2e89a49729b648e56d
2026-01-25,29,Opalite,Taylor Swift,93,235355,album,12,2025-10-03,False,https://i.scdn.co/image/ab67616d0000b273d7812467811a7da6e6a44902
2026-01-25,30,Cuando No Era Cantante - Remix,"El Bogueto, Anuel AA, Fuerza Regida, Yung Beef",91,327488,single,1,2025-12-10,True,https://i.scdn.co/image/ab67616d0000b27376ca2bb969e79a911090df63
2026-01-25,31,Gabriela,KATSEYE,93,197226,single,2,2025-06-20,False,https://i.scdn.co/image/ab67616d0000b273f8d4d00ffe09373efb13ce29
2026-01-25,32,12 to 12,sombr,90,242903,album,10,2025-08-22,False,https://i.scdn.co/image/ab67616d0000b273d2eb391e0b3c3bc21c127db6
2026-01-25,33,What You Saying,Lil Uzi Vert,89,131729,single,1,2025-12-22,False,https://i.scdn.co/image/ab67616d0000b27338b6341d4c2a56836a650165
2026-01-25,34,Creep,Radiohead,92,238640,album,12,1993-02-22,True,https://i.scdn.co/image/ab67616d0000b273ec548c00d3ac2f10be73366d
2026-01-25,35,One Dance,"Drake, Wizkid, Kyla",91,173986,album,20,2016-05-06,False,https://i.scdn.co/image/ab67616d0000b2739416ed64daf84936d89e671c
2026-01-25,36,Cuando No Era Cantante,"El Bogueto, Yung Beef",91,211084,album,23,2024-09-26,True,https://i.scdn.co/image/ab67616d0000b27315110c9ad66e065592cc3496
2026-01-25,37,That's What I Like,Bruno Mars,92,206693,album,9,2016-11-17,False,https://i.scdn.co/image/ab67616d0000b273232711f7d66a1e19e89e28c5
2026-01-25,38,Let Me Love You,"DJ Snake, Justin Bieber",3,205946,album,14,2016-08-05,False,https://i.scdn.co/image/ab67616d0000b2735045de6786e0af096de73ed4
2026-01-25,39,"One Of The Girls (with JENNIE, Lily Rose Depp)","The Weeknd, JENNIE, Lily-Rose Depp",92,244684,single,3,2023-06-23,False,https://i.scdn.co/image/ab67616d0000b273b0dd6a5cd1dec96c4119c262
2026-01-25,40,4 Raws,EsDeeKid,91,146666,album,11,2025-06-20,True,https://i.scdn.co/image/ab67616d0000b2732940ac3a182dac2a5ec72249
2026-01-25,41,7-3,"Peso Pluma, Tito Double P",88,189102,album,15,2025-12-25,True,https://i.scdn.co/image/ab67616d0000b273a9e6a250ea86a8f387873ef9
2026-01-25,42,LA VILLA,"Ryan Castro, Kapo, Gangsta",82,192111,album,13,2025-10-23,True,https://i.scdn.co/image/ab67616d0000b2734f0b5d2c8e5f6b86fcd73ca9
2026-01-25,43,Who,Jimin,87,170887,album,7,2024-07-19,False,https://i.scdn.co/image/ab67616d0000b273f02c451189a709b9a952aaec
2026-01-25,44,Posso Até Não Te Dar Flores,"DJ Japa NK, MC Meno K, MC Ryan SP, Mc Jacaré, DJ DAVI DOGDOG",91,158769,single,1,2025-09-11,True,https://i.scdn.co/image/ab67616d0000b27310f008e8b5fda6a55bcb8cd7
2026-01-25,45,Starboy,"The Weeknd, Daft Punk",91,230453,album,18,2016-11-25,True,https://i.scdn.co/image/ab67616d0000b2734718e2b124f79258be7bc452
2026-01-25,46,As It Was,Harry Styles,90,167303,album,13,2022-05-20,False,https://i.scdn.co/image/ab67616d0000b27382ce362511fb3d9dda6578ee
2026-01-25,47,WILDFLOWER,Billie Eilish,92,261466,album,10,2024-05-17,False,https://i.scdn.co/image/ab67616d0000b27371d62ea7ea8a5be92d3c1f62
2026-01-25,48,Beautiful Things,Benson Boone,89,180304,album,15,2024-04-05,False,https://i.scdn.co/image/ab67616d0000b273cc04ff3e70e146ba9abacf40
2026-01-25,49,Don’t Say You Love Me,Jin,86,180716,album,7,2025-05-16,False,https://i.scdn.co/image/ab67616d0000b27389228504f700641956e29f5d
2026-01-25,50,daño,"Peso Pluma, Tito Double P",89,197007,album,15,2025-12-25,True,https://i.scdn.co/image/ab67616d0000b273a9e6a250ea86a8f387873ef9
2026-01-26,1,End of Beginning,Djo,100,159245,album,13,2022-09-16,False,https://i.scdn.co/image/ab67616d0000b273fddfffec51b4580acae727c1
2026-01-26,2,The Fate of Ophelia,Taylor Swift,99,226073,album,12,2025-10-03,False,https://i.scdn.co/image/ab67616d0000b273d7812467811a7da6e6a44902
2026-01-26,3,Aperture,Harry Styles,0,311733,single,1,2026-01-22,False,https://i.scdn.co/image/ab67616d0000b2736b10b937d94f055f8890cb62
2026-01-26,4,Golden,"HUNTR/X, EJAE, AUDREY NUNA, REI AMI, KPop Demon Hunters Cast",97,194607,album,12,2025-06-20,False,https://i.scdn.co/image/ab67616d0000b2734dcb6c5df15cf74596ab25a4
2026-01-26,5,back to friends,sombr,93,199032,album,10,2025-08-22,False,https://i.scdn.co/image/ab67616d0000b273d2eb391e0b3c3bc21c127db6
2026-01-26,6,I Just Might,Bruno Mars,93,212973,single,1,2026-01-09,False,https://i.scdn.co/image/ab67616d0000b273e2887a1b6b98fc6c73bab12b
2026-01-26,7,Lush Life,Zara Larsson,2,201122,single,1,2015-06-09,False,https://i.scdn.co/image/ab67616d0000b2736eaa0691ac9d790b41d21a91
2026-01-26,8,Man I Need,Olivia Dean,97,184000,single,3,2025-08-15,False,https://i.scdn.co/image/ab67616d0000b273e3d69e17dde129037a1f09e2
2026-01-26,9,WHERE IS MY HUSBAND!,RAYE,96,196795,single,1,2025-09-19,False,https://i.scdn.co/image/ab67616d0000b2737cc8cee5c81409833e540974
2026-01-26,10,So Easy (To Fall In Love),Olivia Dean,96,169000,album,12,2025-09-26,False,https://i.scdn.co/image/ab67616d0000b2739a336bfb6d40bbd90a507417
2026-01-26,11,Die On This Hill,SIENNA SPIRO,93,217008,single,4,2025-10-10,False,https://i.scdn.co/image/ab67616d0000b273ec4833919808083d733ca9af
2026-01-26,12,Raindance (feat. Tems),"Dave, Tems",93,219743,album,10,2025-10-23,True,https://i.scdn.co/image/ab67616d0000b273fecaa7826bb0cbe139a8cb83
2026-01-26,13,Ordinary,Alex Warren,91,186964,album,11,2024-09-26,False,https://i.scdn.co/image/ab67616d0000b27342fe69c0e7e5c92f01ece8ce
2026-01-26,14,Die With A Smile,"Lady Gaga, Bruno Mars",92,251667,single,1,2024-08-16,False,https://i.scdn.co/image/ab67616d0000b27382ea2e9e1858aa012c57cd45
2026-01-26,15,Every Breath You Take,The Police,94,253920,album,11,1983-06-17,False,https://i.scdn.co/image/ab67616d0000b273c8e97cafeb2acb85b21a777e
2026-01-26,16,I Thought I Saw Your Face Today,She & Him,93,170333,album,13,2008-03-18,False,https://i.scdn.co/image/ab67616d0000b273a47c6d8a934b4833c0916cc9
2026-01-26,17,BIRDS OF A FEATHER,Billie Eilish,95,210373,album,10,2024-05-17,False,https://i.scdn.co/image/ab67616d0000b27371d62ea7ea8a5be92d3c1f62
2026-01-26,18,BAILE INoLVIDABLE,Bad Bunny,93,367725,album,17,2025-01-05,True,https://i.scdn.co/image/ab67616d0000b273bbd45c8d36e0e045ef640411
2026-01-26,19,dopamina,"Peso Pluma, Tito Double P",89,185326,album,15,2025-12-25,True,https://i.scdn.co/image/ab67616d0000b273a9e6a250ea86a8f387873ef9
2026-01-26,20,Gabriela,KATSEYE,93,197226,single,2,2025-06-20,False,https://i.scdn.co/image/ab67616d0000b273f8d4d00ffe09373efb13ce29
2026-01-26,21,Iris,The Goo Goo Dolls,93,289533,album,13,1998-01-01,False,https://i.scdn.co/image/ab67616d0000b273eda9478c39a21e1cdc6609ca
2026-01-26,22,Sailor Song,Gigi Perez,88,211978,single,1,2024-07-26,False,https://i.scdn.co/image/ab67616d0000b273e6065f209e0a01986206bd53
2026-01-26,23,No Broke Boys,"Disco Lines, Tinashe",93,163994,single,1,2025-06-06,True,https://i.scdn.co/image/ab67616d0000b2735dcede7ece7b2cb72cee4eee
2026-01-26,24,DtMF,Bad Bunny,93,237117,album,17,2025-01-05,True,https://i.scdn.co/image/ab67616d0000b273bbd45c8d36e0e045ef640411
2026-01-26,25,CHANEL,Tyla,93,188059,single,1,2025-10-24,True,https://i.scdn.co/image/ab67616d0000b273c1cfff2e89a49729b648e56d
2026-01-26,26,As It Was,Harry Styles,90,167303,album,13,2022-05-20,False,https://i.scdn.co/image/ab67616d0000b27382ce362511fb3d9dda6578ee
2026-01-26,27,Love Me Not,Ravyn Lenae,89,213466,album,11,2024-08-09,False,https://i.scdn.co/image/ab67616d0000b273ef985ba96e76a9574cc68a30
2026-01-26,28,Sweater Weather,The Neighbourhood,92,240400,album,11,2013-04-22,False,https://i.scdn.co/image/ab67616d0000b2738265a736a1eb838ad5a0b921
2026-01-26,29,Stateside + Zara Larsson,"PinkPantheress, Zara Larsson",88,184761,album,31,2025-10-10,False,https://i.scdn.co/image/ab67616d0000b2738c2de5de3e20fa408171f517
2026-01-26,30,Locked out of Heaven,Bruno Mars,58,233653,album,10,2012-12-05,False,https://i.scdn.co/image/ab67616d0000b27349055dce3554e72e82082980
2026-01-26,31,Cuando No Era Cantante - Remix,"El Bogueto, Anuel AA, Fuerza Regida, Yung Beef",91,327488,single,1,2025-12-10,True,https://i.scdn.co/image/ab67616d0000b27376ca2bb969e79a911090df63
2026-01-26,32,Opalite,Taylor Swift,93,235355,album,12,2025-10-03,False,https://i.scdn.co/image/ab67616d0000b273d7812467811a7da6e6a44902
2026-01-26,33,Cuando No Era Cantante,"El Bogueto, Yung Beef",91,211084,album,23,2024-09-26,True,https://i.scdn.co/image/ab67616d0000b27315110c9ad66e065592cc3496
2026-01-26,34,12 to 12,sombr,90,242903,album,10,2025-08-22,False,https://i.scdn.co/image/ab67616d0000b273d2eb391e0b3c3bc21c127db6
2026-01-26,35,One Dance,"Drake, Wizkid, Kyla",91,173986,album,20,2016-05-06,False,https://i.scdn.co/image/ab67616d0000b2739416ed64daf84936d89e671c
2026-01-26,36,Posso Até Não Te Dar Flores,"DJ Japa NK, MC Meno K, MC Ryan SP, Mc Jacaré, DJ DAVI DOGDOG",91,158769,single,1,2025-09-11,True,https://i.scdn.co/image/ab67616d0000b27310f008e8b5fda6a55bcb8cd7
2026-01-26,37,That's What I Like,Bruno Mars,92,206693,album,9,2016-11-17,False,https://i.scdn.co/image/ab67616d0000b273232711f7d66a1e19e89e28c5
2026-01-26,38,What You Saying,Lil Uzi Vert,89,131729,single,1,2025-12-22,False,https://i.scdn.co/image/ab67616d0000b27338b6341d4c2a56836a650165
2026-01-26,39,LA VILLA,"Ryan Castro, Kapo, Gangsta",82,192111,album,13,2025-10-23,True,https://i.scdn.co/image/ab67616d0000b2734f0b5d2c8e5f6b86fcd73ca9
2026-01-26,40,APT.,"ROSÉ, Bruno Mars",85,169917,album,12,2024-12-06,False,https://i.scdn.co/image/ab67616d0000b2735074bd0894cb1340b8d8a678
2026-01-26,41,Let Me Love You,"DJ Snake, Justin Bieber",3,205946,album,14,2016-08-05,False,https://i.scdn.co/image/ab67616d0000b2735045de6786e0af096de73ed4
2026-01-26,42,Who,Jimin,87,170887,album,7,2024-07-19,False,https://i.scdn.co/image/ab67616d0000b273f02c451189a709b9a952aaec
2026-01-26,43,La Plena - W Sound 05,"W Sound, Beéle, Ovy On The Drums",89,150001,single,1,2025-02-19,True,https://i.scdn.co/image/ab67616d0000b2734740100d84f3667f1eae6870
2026-01-26,44,Beautiful Things,Benson Boone,89,180304,album,15,2024-04-05,False,https://i.scdn.co/image/ab67616d0000b273cc04ff3e70e146ba9abacf40
2026-01-26,45,Creep,Radiohead,92,238640,album,12,1993-02-22,True,https://i.scdn.co/image/ab67616d0000b273ec548c00d3ac2f10be73366d
2026-01-26,46,kota ini tak sama tanpamu,Nadhif Basalamah,87,279649,album,16,2025-06-20,False,https://i.scdn.co/image/ab67616d0000b273f3e3f888fbfcc916ecce50a9
2026-01-26,47,7-3,"Peso Pluma, Tito Double P",88,189102,album,15,2025-12-25,True,https://i.scdn.co/image/ab67616d0000b273a9e6a250ea86a8f387873ef9
2026-01-26,48,Sedia Aku Sebelum Hujan,Idgitaf,90,230130,single,1,2025-10-08,False,https://i.scdn.co/image/ab67616d0000b2738dc8c573565969d55f9f3477
2026-01-26,49,4 Raws,EsDeeKid,91,146666,album,11,2025-06-20,True,https://i.scdn.co/image/ab67616d0000b2732940ac3a182dac2a5ec72249
2026-01-26,50,"One Of The Girls (with JENNIE, Lily Rose Depp)","The Weeknd, JENNIE, Lily-Rose Depp",92,244684,single,3,2023-06-23,False,https://i.scdn.co/image/ab67616d0000b273b0dd6a5cd1dec96c4119c262
2026-01-27,1,End of Beginning,Djo,100,159245,album,13,2022-09-16,False,https://i.scdn.co/image/ab67616d0000b273fddfffec51b4580acae727c1
2026-01-27,2,The Fate of Ophelia,Taylor Swift,99,226073,album,12,2025-10-03,False,https://i.scdn.co/image/ab67616d0000b273d7812467811a7da6e6a44902
2026-01-27,3,back to friends,sombr,92,199032,album,10,2025-08-22,False,https://i.scdn.co/image/ab67616d0000b273d2eb391e0b3c3bc21c127db6
2026-01-27,4,Lush Life,Zara Larsson,2,201122,single,1,2015-06-09,False,https://i.scdn.co/image/ab67616d0000b2736eaa0691ac9d790b41d21a91
2026-01-27,5,Golden,"HUNTR/X, EJAE, AUDREY NUNA, REI AMI, KPop Demon Hunters Cast",97,194607,album,12,2025-06-20,False,https://i.scdn.co/image/ab67616d0000b2734dcb6c5df15cf74596ab25a4
2026-01-27,6,Aperture,Harry Styles,87,311733,single,1,2026-01-22,False,https://i.scdn.co/image/ab67616d0000b2736b10b937d94f055f8890cb62
2026-01-27,7,Man I Need,Olivia Dean,97,184000,single,3,2025-08-15,False,https://i.scdn.co/image/ab67616d0000b273e3d69e17dde129037a1f09e2
2026-01-27,8,WHERE IS MY HUSBAND!,RAYE,96,196795,single,1,2025-09-19,False,https://i.scdn.co/image/ab67616d0000b2737cc8cee5c81409833e540974
2026-01-27,9,I Just Might,Bruno Mars,94,212973,single,1,2026-01-09,False,https://i.scdn.co/image/ab67616d0000b273e2887a1b6b98fc6c73bab12b
2026-01-27,10,Die On This Hill,SIENNA SPIRO,93,217008,single,4,2025-10-10,False,https://i.scdn.co/image/ab67616d0000b273ec4833919808083d733ca9af
2026-01-27,11,So Easy (To Fall In Love),Olivia Dean,96,169000,album,12,2025-09-26,False,https://i.scdn.co/image/ab67616d0000b2739a336bfb6d40bbd90a507417
2026-01-27,12,Raindance (feat. Tems),"Dave, Tems",93,219743,album,10,2025-10-23,True,https://i.scdn.co/image/ab67616d0000b273fecaa7826bb0cbe139a8cb83
2026-01-27,13,I Thought I Saw Your Face Today,She & Him,93,170333,album,13,2008-03-18,False,https://i.scdn.co/image/ab67616d0000b273a47c6d8a934b4833c0916cc9
2026-01-27,14,Ordinary,Alex Warren,91,186964,album,11,2024-09-26,False,https://i.scdn.co/image/ab67616d0000b27342fe69c0e7e5c92f01ece8ce
2026-01-27,15,Every Breath You Take,The Police,94,253920,album,11,1983-06-17,False,https://i.scdn.co/image/ab67616d0000b273c8e97cafeb2acb85b21a777e
2026-01-27,16,Die With A Smile,"Lady Gaga, Bruno Mars",92,251667,single,1,2024-08-16,False,https://i.scdn.co/image/ab67616d0000b27382ea2e9e1858aa012c57cd45
2026-01-27,17,As It Was,Harry Styles,90,167303,album,13,2022-05-20,False,https://i.scdn.co/image/ab67616d0000b27382ce362511fb3d9dda6578ee
2026-01-27,18,BIRDS OF A FEATHER,Billie Eilish,95,210373,album,10,2024-05-17,False,https://i.scdn.co/image/ab67616d0000b27371d62ea7ea8a5be92d3c1f62
2026-01-27,19,Gabriela,KATSEYE,93,197226,single,2,2025-06-20,False,https://i.scdn.co/image/ab67616d0000b273f8d4d00ffe09373efb13ce29
2026-01-27,20,Iris,The Goo Goo Dolls,93,289533,album,13,1998-01-01,False,https://i.scdn.co/image/ab67616d0000b273eda9478c39a21e1cdc6609ca
2026-01-27,21,Sailor Song,Gigi Perez,88,211978,single,1,2024-07-26,False,https://i.scdn.co/image/ab67616d0000b273e6065f209e0a01986206bd53
2026-01-27,22,CHANEL,Tyla,93,188059,single,1,2025-10-24,True,https://i.scdn.co/image/ab67616d0000b273c1cfff2e89a49729b648e56d
2026-01-27,23,dopamina,"Peso Pluma, Tito Double P",90,185326,album,15,2025-12-25,True,https://i.scdn.co/image/ab67616d0000b273a9e6a250ea86a8f387873ef9
2026-01-27,24,Love Me Not,Ravyn Lenae,89,213466,album,11,2024-08-09,False,https://i.scdn.co/image/ab67616d0000b273ef985ba96e76a9574cc68a30
2026-01-27,25,BAILE INoLVIDABLE,Bad Bunny,93,367725,album,17,2025-01-05,True,https://i.scdn.co/image/ab67616d0000b273bbd45c8d36e0e045ef640411
2026-01-27,26,Sweater Weather,The Neighbourhood,92,240400,album,11,2013-04-22,False,https://i.scdn.co/image/ab67616d0000b2738265a736a1eb838ad5a0b921
2026-01-27,27,kota ini tak sama tanpamu,Nadhif Basalamah,87,279649,album,16,2025-06-20,False,https://i.scdn.co/image/ab67616d0000b273f3e3f888fbfcc916ecce50a9
2026-01-27,28,Stateside + Zara Larsson,"PinkPantheress, Zara Larsson",88,184761,album,31,2025-10-10,False,https://i.scdn.co/image/ab67616d0000b2738c2de5de3e20fa408171f517
2026-01-27,29,That's What I Like,Bruno Mars,92,206693,album,9,2016-11-17,False,https://i.scdn.co/image/ab67616d0000b273232711f7d66a1e19e89e28c5
2026-01-27,30,Don’t Say You Love Me,Jin,86,180716,album,7,2025-05-16,False,https://i.scdn.co/image/ab67616d0000b27389228504f700641956e29f5d
2026-01-27,31,Sedia Aku Sebelum Hujan,Idgitaf,90,230130,single,1,2025-10-08,False,https://i.scdn.co/image/ab67616d0000b2738dc8c573565969d55f9f3477
2026-01-27,32,No Broke Boys,"Disco Lines, Tinashe",93,163994,single,1,2025-06-06,True,https://i.scdn.co/image/ab67616d0000b2735dcede7ece7b2cb72cee4eee
2026-01-27,33,DtMF,Bad Bunny,93,237117,album,17,2025-01-05,True,https://i.scdn.co/image/ab67616d0000b273bbd45c8d36e0e045ef640411
2026-01-27,34,Who,Jimin,87,170887,album,7,2024-07-19,False,https://i.scdn.co/image/ab67616d0000b273f02c451189a709b9a952aaec
2026-01-27,35,Cuando No Era Cantante,"El Bogueto, Yung Beef",91,211084,album,23,2024-09-26,True,https://i.scdn.co/image/ab67616d0000b27315110c9ad66e065592cc3496
2026-01-27,36,Locked out of Heaven,Bruno Mars,58,233653,album,10,2012-12-05,False,https://i.scdn.co/image/ab67616d0000b27349055dce3554e72e82082980
2026-01-27,37,"One Of The Girls (with JENNIE, Lily Rose Depp)","The Weeknd, JENNIE, Lily-Rose Depp",92,244684,single,3,2023-06-23,False,https://i.scdn.co/image/ab67616d0000b273b0dd6a5cd1dec96c4119c262
2026-01-27,38,I Wanna Be Yours,Arctic Monkeys,92,183956,album,12,2013-09-09,False,https://i.scdn.co/image/ab67616d0000b2734ae1c4c5c45aabe565499163
2026-01-27,39,Opalite,Taylor Swift,93,235355,album,12,2025-10-03,False,https://i.scdn.co/image/ab67616d0000b273d7812467811a7da6e6a44902
2026-01-27,40,12 to 12,sombr,90,242903,album,10,2025-08-22,False,https://i.scdn.co/image/ab67616d0000b273d2eb391e0b3c3bc21c127db6
2026-01-27,41,One Dance,"Drake, Wizkid, Kyla",91,173986,album,20,2016-05-06,False,https://i.scdn.co/image/ab67616d0000b2739416ed64daf84936d89e671c
2026-01-27,42,Let Me Love You,"DJ Snake, Justin Bieber",3,205946,album,14,2016-08-05,False,https://i.scdn.co/image/ab67616d0000b2735045de6786e0af096de73ed4
2026-01-27,43,Creep,Radiohead,92,238640,album,12,1993-02-22,True,https://i.scdn.co/image/ab67616d0000b273ec548c00d3ac2f10be73366d
2026-01-27,44,WILDFLOWER,Billie Eilish,92,261466,album,10,2024-05-17,False,https://i.scdn.co/image/ab67616d0000b27371d62ea7ea8a5be92d3c1f62
2026-01-27,45,Cuando No Era Cantante - Remix,"El Bogueto, Anuel AA, Fuerza Regida, Yung Beef",91,327488,single,1,2025-12-10,True,https://i.scdn.co/image/ab67616d0000b27376ca2bb969e79a911090df63
2026-01-27,46,What You Saying,Lil Uzi Vert,90,131729,single,1,2025-12-22,False,https://i.scdn.co/image/ab67616d0000b27338b6341d4c2a56836a650165
2026-01-27,47,Yellow,Coldplay,91,266773,album,10,2000-07-10,False,https://i.scdn.co/image/ab67616d0000b2739164bafe9aaa168d93f4816a
2026-01-27,48,Posso Até Não Te Dar Flores,"DJ Japa NK, MC Meno K, MC Ryan SP, Mc Jacaré, DJ DAVI DOGDOG",91,158769,single,1,2025-09-11,True,https://i.scdn.co/image/ab67616d0000b27310f008e8b5fda6a55bcb8cd7
2026-01-27,49,Sparks,Coldplay,91,227093,album,10,2000-07-10,False,https://i.scdn.co/image/ab67616d0000b2739164bafe9aaa168d93f4816a
2026-01-27,50,LA VILLA,"Ryan Castro, Kapo, Gangsta",83,192111,album,13,2025-10-23,True,https://i.scdn.co/image/ab67616d0000b2734f0b5d2c8e5f6b86fcd73ca9
2026-01-28,1,End of Beginning,Djo,100,159245,album,13,2022-09-16,False,https://i.scdn.co/image/ab67616d0000b273fddfffec51b4580acae727c1
2026-01-28,2,The Fate of Ophelia,Taylor Swift,99,226073,album,12,2025-10-03,False,https://i.scdn.co/image/ab67616d0000b273d7812467811a7da6e6a44902
2026-01-28,3,Aperture,Harry Styles,88,311733,single,1,2026-01-22,False,https://i.scdn.co/image/ab67616d0000b2736b10b937d94f055f8890cb62
2026-01-28,4,back to friends,sombr,92,199032,album,10,2025-08-22,False,https://i.scdn.co/image/ab67616d0000b273d2eb391e0b3c3bc21c127db6
2026-01-28,5,Lush Life,Zara Larsson,1,201122,single,1,2015-06-09,False,https://i.scdn.co/image/ab67616d0000b2736eaa0691ac9d790b41d21a91
2026-01-28,6,Man I Need,Olivia Dean,97,184000,single,3,2025-08-15,False,https://i.scdn.co/image/ab67616d0000b273e3d69e17dde129037a1f09e2
2026-01-28,7,WHERE IS MY HUSBAND!,RAYE,96,196795,single,1,2025-09-19,False,https://i.scdn.co/image/ab67616d0000b2737cc8cee5c81409833e540974
2026-01-28,8,I Just Might,Bruno Mars,94,212973,single,1,2026-01-09,False,https://i.scdn.co/image/ab67616d0000b273e2887a1b6b98fc6c73bab12b
2026-01-28,9,Golden,"HUNTR/X, EJAE, AUDREY NUNA, REI AMI, KPop Demon Hunters Cast",97,194607,album,12,2025-06-20,False,https://i.scdn.co/image/ab67616d0000b2734dcb6c5df15cf74596ab25a4
2026-01-28,10,Die On This Hill,SIENNA SPIRO,93,217008,single,4,2025-10-10,False,https://i.scdn.co/image/ab67616d0000b273ec4833919808083d733ca9af
2026-01-28,11,Raindance (feat. Tems),"Dave, Tems",93,219743,album,10,2025-10-23,True,https://i.scdn.co/image/ab67616d0000b273fecaa7826bb0cbe139a8cb83
2026-01-28,12,So Easy (To Fall In Love),Olivia Dean,96,169000,album,12,2025-09-26,False,https://i.scdn.co/image/ab67616d0000b2739a336bfb6d40bbd90a507417
2026-01-28,13,Every Breath You Take,The Police,94,253920,album,11,1983-06-17,False,https://i.scdn.co/image/ab67616d0000b273c8e97cafeb2acb85b21a777e
2026-01-28,14,I Thought I Saw Your Face Today,She & Him,93,170333,album,13,2008-03-18,False,https://i.scdn.co/image/ab67616d0000b273a47c6d8a934b4833c0916cc9
2026-01-28,15,Ordinary,Alex Warren,91,186964,album,11,2024-09-26,False,https://i.scdn.co/image/ab67616d0000b27342fe69c0e7e5c92f01ece8ce
2026-01-28,16,Die With A Smile,"Lady Gaga, Bruno Mars",92,251667,single,1,2024-08-16,False,https://i.scdn.co/image/ab67616d0000b27382ea2e9e1858aa012c57cd45
2026-01-28,17,BIRDS OF A FEATHER,Billie Eilish,95,210373,album,10,2024-05-17,False,https://i.scdn.co/image/ab67616d0000b27371d62ea7ea8a5be92d3c1f62
2026-01-28,18,Iris,The Goo Goo Dolls,93,289533,album,13,1998-01-01,False,https://i.scdn.co/image/ab67616d0000b273eda9478c39a21e1cdc6609ca
2026-01-28,19,Sailor Song,Gigi Perez,87,211978,single,1,2024-07-26,False,https://i.scdn.co/image/ab67616d0000b273e6065f209e0a01986206bd53
2026-01-28,20,That's What I Like,Bruno Mars,92,206693,album,9,2016-11-17,False,https://i.scdn.co/image/ab67616d0000b273232711f7d66a1e19e89e28c5
2026-01-28,21,Sweater Weather,The Neighbourhood,92,240400,album,11,2013-04-22,False,https://i.scdn.co/image/ab67616d0000b2738265a736a1eb838ad5a0b921
2026-01-28,22,Love Me Not,Ravyn Lenae,89,213466,album,11,2024-08-09,False,https://i.scdn.co/image/ab67616d0000b273ef985ba96e76a9574cc68a30
2026-01-28,23,BAILE INoLVIDABLE,Bad Bunny,93,367725,album,17,2025-01-05,True,https://i.scdn.co/image/ab67616d0000b273bbd45c8d36e0e045ef640411
2026-01-28,24,Stateside + Zara Larsson,"PinkPantheress, Zara Larsson",89,184761,album,31,2025-10-10,False,https://i.scdn.co/image/ab67616d0000b2738c2de5de3e20fa408171f517
2026-01-28,25,dopamina,"Peso Pluma, Tito Double P",90,185326,album,15,2025-12-25,True,https://i.scdn.co/image/ab67616d0000b273a9e6a250ea86a8f387873ef9
2026-01-28,26,Gabriela,KATSEYE,93,197226,single,2,2025-06-20,False,https://i.scdn.co/image/ab67616d0000b273f8d4d00ffe09373efb13ce29
2026-01-28,27,No Broke Boys,"Disco Lines, Tinashe",93,163994,single,1,2025-06-06,True,https://i.scdn.co/image/ab67616d0000b2735dcede7ece7b2cb72cee4eee
2026-01-28,28,Locked out of Heaven,Bruno Mars,58,233653,album,10,2012-12-05,False,https://i.scdn.co/image/ab67616d0000b27349055dce3554e72e82082980
2026-01-28,29,Let Me Love You,"DJ Snake, Justin Bieber",3,205946,album,14,2016-08-05,False,https://i.scdn.co/image/ab67616d0000b2735045de6786e0af096de73ed4
2026-01-28,30,Cuando No Era Cantante,"El Bogueto, Yung Beef",91,211084,album,23,2024-09-26,True,https://i.scdn.co/image/ab67616d0000b27315110c9ad66e065592cc3496
2026-01-28,31,Creep,Radiohead,92,238640,album,12,1993-02-22,True,https://i.scdn.co/image/ab67616d0000b273ec548c00d3ac2f10be73366d
2026-01-28,32,CHANEL,Tyla,93,188059,single,1,2025-10-24,True,https://i.scdn.co/image/ab67616d0000b273c1cfff2e89a49729b648e56d
2026-01-28,33,"One Of The Girls (with JENNIE, Lily Rose Depp)","The Weeknd, JENNIE, Lily-Rose Depp",92,244684,single,3,2023-06-23,False,https://i.scdn.co/image/ab67616d0000b273b0dd6a5cd1dec96c4119c262
2026-01-28,34,Don’t Say You Love Me,Jin,86,180716,album,7,2025-05-16,False,https://i.scdn.co/image/ab67616d0000b27389228504f700641956e29f5d
2026-01-28,35,12 to 12,sombr,90,242903,album,10,2025-08-22,False,https://i.scdn.co/image/ab67616d0000b273d2eb391e0b3c3bc21c127db6
2026-01-28,36,Cuando No Era Cantante - Remix,"El Bogueto, Anuel AA, Fuerza Regida, Yung Beef",91,327488,single,1,2025-12-10,True,https://i.scdn.co/image/ab67616d0000b27376ca2bb969e79a911090df63
2026-01-28,37,DtMF,Bad Bunny,93,237117,album,17,2025-01-05,True,https://i.scdn.co/image/ab67616d0000b273bbd45c8d36e0e045ef640411
2026-01-28,38,Opalite,Taylor Swift,93,235355,album,12,2025-10-03,False,https://i.scdn.co/image/ab67616d0000b273d7812467811a7da6e6a44902
2026-01-28,39,Who,Jimin,86,170887,album,7,2024-07-19,False,https://i.scdn.co/image/ab67616d0000b273f02c451189a709b9a952aaec
2026-01-28,40,4 Raws,EsDeeKid,91,146666,album,11,2025-06-20,True,https://i.scdn.co/image/ab67616d0000b2732940ac3a182dac2a5ec72249
2026-01-28,41,What You Saying,Lil Uzi Vert,90,131729,single,1,2025-12-22,False,https://i.scdn.co/image/ab67616d0000b27338b6341d4c2a56836a650165
2026-01-28,42,One Dance,"Drake, Wizkid, Kyla",91,173986,album,20,2016-05-06,False,https://i.scdn.co/image/ab67616d0000b2739416ed64daf84936d89e671c
2026-01-28,43,WILDFLOWER,Billie Eilish,92,261466,album,10,2024-05-17,False,https://i.scdn.co/image/ab67616d0000b27371d62ea7ea8a5be92d3c1f62
2026-01-28,44,kota ini tak sama tanpamu,Nadhif Basalamah,87,279649,album,16,2025-06-20,False,https://i.scdn.co/image/ab67616d0000b273f3e3f888fbfcc916ecce50a9
2026-01-28,45,I Wanna Be Yours,Arctic Monkeys,92,183956,album,12,2013-09-09,False,https://i.scdn.co/image/ab67616d0000b2734ae1c4c5c45aabe565499163
2026-01-28,46,Sparks,Coldplay,91,227093,album,10,2000-07-10,False,https://i.scdn.co/image/ab67616d0000b2739164bafe9aaa168d93f4816a
2026-01-28,47,Yellow,Coldplay,91,266773,album,10,2000-07-10,False,https://i.scdn.co/image/ab67616d0000b2739164bafe9aaa168d93f4816a
2026-01-28,48,LA VILLA,"Ryan Castro, Kapo, Gangsta",83,192111,album,13,2025-10-23,True,https://i.scdn.co/image/ab67616d0000b2734f0b5d2c8e5f6b86fcd73ca9
2026-01-28,49,Starboy,"The Weeknd, Daft Punk",91,230453,album,18,2016-11-25,True,https://i.scdn.co/image/ab67616d0000b2734718e2b124f79258be7bc452
2026-01-28,50,Posso Até Não Te Dar Flores,"DJ Japa NK, MC Meno K, MC Ryan SP, Mc Jacaré, DJ DAVI DOGDOG",91,158769,single,1,2025-09-11,True,https://i.scdn.co/image/ab67616d0000b27310f008e8b5fda6a55bcb8cd7
2026-01-29,1,End of Beginning,Djo,100,159245,album,13,2022-09-16,False,https://i.scdn.co/image/ab67616d0000b273fddfffec51b4580acae727c1
2026-01-29,2,The Fate of Ophelia,Taylor Swift,99,226073,album,12,2025-10-03,False,https://i.scdn.co/image/ab67616d0000b273d7812467811a7da6e6a44902
2026-01-29,3,Aperture,Harry Styles,89,311733,single,1,2026-01-22,False,https://i.scdn.co/image/ab67616d0000b2736b10b937d94f055f8890cb62
2026-01-29,4,back to friends,sombr,92,199032,album,10,2025-08-22,False,https://i.scdn.co/image/ab67616d0000b273d2eb391e0b3c3bc21c127db6
2026-01-29,5,WHERE IS MY HUSBAND!,RAYE,96,196795,single,1,2025-09-19,False,https://i.scdn.co/image/ab67616d0000b2737cc8cee5c81409833e540974
2026-01-29,6,Man I Need,Olivia Dean,97,184000,single,3,2025-08-15,False,https://i.scdn.co/image/ab67616d0000b273e3d69e17dde129037a1f09e2
2026-01-29,7,Golden,"HUNTR/X, EJAE, AUDREY NUNA, REI AMI, KPop Demon Hunters Cast",97,194607,album,12,2025-06-20,False,https://i.scdn.co/image/ab67616d0000b2734dcb6c5df15cf74596ab25a4
2026-01-29,8,I Just Might,Bruno Mars,94,212973,single,1,2026-01-09,False,https://i.scdn.co/image/ab67616d0000b273e2887a1b6b98fc6c73bab12b
2026-01-29,9,Lush Life,Zara Larsson,1,201122,single,1,2015-06-09,False,https://i.scdn.co/image/ab67616d0000b2736eaa0691ac9d790b41d21a91
2026-01-29,10,Die On This Hill,SIENNA SPIRO,93,217008,single,4,2025-10-10,False,https://i.scdn.co/image/ab67616d0000b273ec4833919808083d733ca9af
2026-01-29,11,So Easy (To Fall In Love),Olivia Dean,96,169000,album,12,2025-09-26,False,https://i.scdn.co/image/ab67616d0000b2739a336bfb6d40bbd90a507417
2026-01-29,12,Raindance (feat. Tems),"Dave, Tems",93,219743,album,10,2025-10-23,True,https://i.scdn.co/image/ab67616d0000b273fecaa7826bb0cbe139a8cb83
2026-01-29,13,Ordinary,Alex Warren,91,186964,album,11,2024-09-26,False,https://i.scdn.co/image/ab67616d0000b27342fe69c0e7e5c92f01ece8ce
2026-01-29,14,I Thought I Saw Your Face Today,She & Him,93,170333,album,13,2008-03-18,False,https://i.scdn.co/image/ab67616d0000b273a47c6d8a934b4833c0916cc9
2026-01-29,15,Die With A Smile,"Lady Gaga, Bruno Mars",92,251667,single,1,2024-08-16,False,https://i.scdn.co/image/ab67616d0000b27382ea2e9e1858aa012c57cd45
2026-01-29,16,Every Breath You Take,The Police,94,253920,album,11,1983-06-17,False,https://i.scdn.co/image/ab67616d0000b273c8e97cafeb2acb85b21a777e
2026-01-29,17,Iris,The Goo Goo Dolls,93,289533,album,13,1998-01-01,False,https://i.scdn.co/image/ab67616d0000b273eda9478c39a21e1cdc6609ca
2026-01-29,18,Sailor Song,Gigi Perez,87,211978,single,1,2024-07-26,False,https://i.scdn.co/image/ab67616d0000b273e6065f209e0a01986206bd53
2026-01-29,19,BIRDS OF A FEATHER,Billie Eilish,94,210373,album,10,2024-05-17,False,https://i.scdn.co/image/ab67616d0000b27371d62ea7ea8a5be92d3c1f62
2026-01-29,20,Sweater Weather,The Neighbourhood,92,240400,album,11,2013-04-22,False,https://i.scdn.co/image/ab67616d0000b2738265a736a1eb838ad5a0b921
2026-01-29,21,Love Me Not,Ravyn Lenae,89,213466,album,11,2024-08-09,False,https://i.scdn.co/image/ab67616d0000b273ef985ba96e76a9574cc68a30
2026-01-29,22,Stateside + Zara Larsson,"PinkPantheress, Zara Larsson",89,184761,album,31,2025-10-10,False,https://i.scdn.co/image/ab67616d0000b2738c2de5de3e20fa408171f517
2026-01-29,23,BAILE INoLVIDABLE,Bad Bunny,93,367725,album,17,2025-01-05,True,https://i.scdn.co/image/ab67616d0000b273bbd45c8d36e0e045ef640411
2026-01-29,24,dopamina,"Peso Pluma, Tito Double P",90,185326,album,15,2025-12-25,True,https://i.scdn.co/image/ab67616d0000b273a9e6a250ea86a8f387873ef9
2026-01-29,25,No Broke Boys,"Disco Lines, Tinashe",93,163994,single,1,2025-06-06,True,https://i.scdn.co/image/ab67616d0000b2735dcede7ece7b2cb72cee4eee
2026-01-29,26,Gabriela,KATSEYE,93,197226,single,2,2025-06-20,False,https://i.scdn.co/image/ab67616d0000b273f8d4d00ffe09373efb13ce29
2026-01-29,27,12 to 12,sombr,90,242903,album,10,2025-08-22,False,https://i.scdn.co/image/ab67616d0000b273d2eb391e0b3c3bc21c127db6
2026-01-29,28,Cuando No Era Cantante,"El Bogueto, Yung Beef",91,211084,album,23,2024-09-26,True,https://i.scdn.co/image/ab67616d0000b27315110c9ad66e065592cc3496
2026-01-29,29,DtMF,Bad Bunny,93,237117,album,17,2025-01-05,True,https://i.scdn.co/image/ab67616d0000b273bbd45c8d36e0e045ef640411
2026-01-29,30,Locked out of Heaven,Bruno Mars,58,233653,album,10,2012-12-05,False,https://i.scdn.co/image/ab67616d0000b27349055dce3554e72e82082980
2026-01-29,31,Creep,Radiohead,92,238640,album,12,1993-02-22,True,https://i.scdn.co/image/ab67616d0000b273ec548c00d3ac2f10be73366d
2026-01-29,32,One Dance,"Drake, Wizkid, Kyla",91,173986,album,20,2016-05-06,False,https://i.scdn.co/image/ab67616d0000b2739416ed64daf84936d89e671c
2026-01-29,33,Let Me Love You,"DJ Snake, Justin Bieber",3,205946,album,14,2016-08-05,False,https://i.scdn.co/image/ab67616d0000b2735045de6786e0af096de73ed4
2026-01-29,34,Opalite,Taylor Swift,93,235355,album,12,2025-10-03,False,https://i.scdn.co/image/ab67616d0000b273d7812467811a7da6e6a44902
2026-01-29,35,"One Of The Girls (with JENNIE, Lily Rose Depp)","The Weeknd, JENNIE, Lily-Rose Depp",92,244684,single,3,2023-06-23,False,https://i.scdn.co/image/ab67616d0000b273b0dd6a5cd1dec96c4119c262
2026-01-29,36,CHANEL,Tyla,93,188059,single,1,2025-10-24,True,https://i.scdn.co/image/ab67616d0000b273c1cfff2e89a49729b648e56d
2026-01-29,37,Sparks,Coldplay,91,227093,album,10,2000-07-10,False,https://i.scdn.co/image/ab67616d0000b2739164bafe9aaa168d93f4816a
2026-01-29,38,What You Saying,Lil Uzi Vert,90,131729,single,1,2025-12-22,False,https://i.scdn.co/image/ab67616d0000b27338b6341d4c2a56836a650165
2026-01-29,39,That's What I Like,Bruno Mars,92,206693,album,9,2016-11-17,False,https://i.scdn.co/image/ab67616d0000b273232711f7d66a1e19e89e28c5
2026-01-29,40,Cuando No Era Cantante - Remix,"El Bogueto, Anuel AA, Fuerza Regida, Yung Beef",91,327488,single,1,2025-12-10,True,https://i.scdn.co/image/ab67616d0000b27376ca2bb969e79a911090df63
2026-01-29,41,4 Raws,EsDeeKid,91,146666,album,11,2025-06-20,True,https://i.scdn.co/image/ab67616d0000b2732940ac3a182dac2a5ec72249
2026-01-29,42,WILDFLOWER,Billie Eilish,92,261466,album,10,2024-05-17,False,https://i.scdn.co/image/ab67616d0000b27371d62ea7ea8a5be92d3c1f62
2026-01-29,43,Yellow,Coldplay,91,266773,album,10,2000-07-10,False,https://i.scdn.co/image/ab67616d0000b2739164bafe9aaa168d93f4816a
2026-01-29,44,Don’t Say You Love Me,Jin,86,180716,album,7,2025-05-16,False,https://i.scdn.co/image/ab67616d0000b27389228504f700641956e29f5d
2026-01-29,45,Who,Jimin,86,170887,album,7,2024-07-19,False,https://i.scdn.co/image/ab67616d0000b273f02c451189a709b9a952aaec
2026-01-29,46,I Wanna Be Yours,Arctic Monkeys,92,183956,album,12,2013-09-09,False,https://i.scdn.co/image/ab67616d0000b2734ae1c4c5c45aabe565499163
2026-01-29,47,LA VILLA,"Ryan Castro, Kapo, Gangsta",83,192111,album,13,2025-10-23,True,https://i.scdn.co/image/ab67616d0000b2734f0b5d2c8e5f6b86fcd73ca9
2026-01-29,48,Beautiful Things,Benson Boone,89,180304,album,15,2024-04-05,False,https://i.scdn.co/image/ab67616d0000b273cc04ff3e70e146ba9abacf40
2026-01-29,49,kota ini tak sama tanpamu,Nadhif Basalamah,87,279649,album,16,2025-06-20,False,https://i.scdn.co/image/ab67616d0000b273f3e3f888fbfcc916ecce50a9
2026-01-29,50,Starboy,"The Weeknd, Daft Punk",91,230453,album,18,2016-11-25,True,https://i.scdn.co/image/ab67616d0000b2734718e2b124f79258be7bc452
2026-01-30,1,End of Beginning,Djo,100,159245,album,13,2022-09-16,False,https://i.scdn.co/image/ab67616d0000b273fddfffec51b4580acae727c1
2026-01-30,2,The Fate of Ophelia,Taylor Swift,99,226073,album,12,2025-10-03,False,https://i.scdn.co/image/ab67616d0000b273d7812467811a7da6e6a44902
2026-01-30,3,back to friends,sombr,92,199032,album,10,2025-08-22,False,https://i.scdn.co/image/ab67616d0000b273d2eb391e0b3c3bc21c127db6
2026-01-30,4,Aperture,Harry Styles,90,311733,single,1,2026-01-22,False,https://i.scdn.co/image/ab67616d0000b2736b10b937d94f055f8890cb62
2026-01-30,5,WHERE IS MY HUSBAND!,RAYE,96,196795,single,1,2025-09-19,False,https://i.scdn.co/image/ab67616d0000b2737cc8cee5c81409833e540974
2026-01-30,6,Man I Need,Olivia Dean,97,184000,single,3,2025-08-15,False,https://i.scdn.co/image/ab67616d0000b273e3d69e17dde129037a1f09e2
2026-01-30,7,Golden,"HUNTR/X, EJAE, AUDREY NUNA, REI AMI, KPop Demon Hunters Cast",97,194607,album,12,2025-06-20,False,https://i.scdn.co/image/ab67616d0000b2734dcb6c5df15cf74596ab25a4
2026-01-30,8,I Just Might,Bruno Mars,94,212973,single,1,2026-01-09,False,https://i.scdn.co/image/ab67616d0000b273e2887a1b6b98fc6c73bab12b
2026-01-30,9,Lush Life,Zara Larsson,1,201122,single,1,2015-06-09,False,https://i.scdn.co/image/ab67616d0000b2736eaa0691ac9d790b41d21a91
2026-01-30,10,Die On This Hill,SIENNA SPIRO,93,217008,single,4,2025-10-10,False,https://i.scdn.co/image/ab67616d0000b273ec4833919808083d733ca9af
2026-01-30,11,So Easy (To Fall In Love),Olivia Dean,96,169000,album,12,2025-09-26,False,https://i.scdn.co/image/ab67616d0000b2739a336bfb6d40bbd90a507417
2026-01-30,12,Raindance (feat. Tems),"Dave, Tems",93,219743,album,10,2025-10-23,True,https://i.scdn.co/image/ab67616d0000b273fecaa7826bb0cbe139a8cb83
2026-01-30,13,Ordinary,Alex Warren,91,186964,album,11,2024-09-26,False,https://i.scdn.co/image/ab67616d0000b27342fe69c0e7e5c92f01ece8ce
2026-01-30,14,Every Breath You Take,The Police,94,253920,album,11,1983-06-17,False,https://i.scdn.co/image/ab67616d0000b273c8e97cafeb2acb85b21a777e
2026-01-30,15,Die With A Smile,"Lady Gaga, Bruno Mars",91,251667,single,1,2024-08-16,False,https://i.scdn.co/image/ab67616d0000b27382ea2e9e1858aa012c57cd45
2026-01-30,16,I Thought I Saw Your Face Today,She & Him,93,170333,album,13,2008-03-18,False,https://i.scdn.co/image/ab67616d0000b273a47c6d8a934b4833c0916cc9
2026-01-30,17,Iris,The Goo Goo Dolls,93,289533,album,13,1998-01-01,False,https://i.scdn.co/image/ab67616d0000b273eda9478c39a21e1cdc6609ca
2026-01-30,18,BIRDS OF A FEATHER,Billie Eilish,94,210373,album,10,2024-05-17,False,https://i.scdn.co/image/ab67616d0000b27371d62ea7ea8a5be92d3c1f62
2026-01-30,19,Sailor Song,Gigi Perez,87,211978,single,1,2024-07-26,False,https://i.scdn.co/image/ab67616d0000b273e6065f209e0a01986206bd53
2026-01-30,20,Love Me Not,Ravyn Lenae,89,213466,album,11,2024-08-09,False,https://i.scdn.co/image/ab67616d0000b273ef985ba96e76a9574cc68a30
2026-01-30,21,Sweater Weather,The Neighbourhood,92,240400,album,11,2013-04-22,False,https://i.scdn.co/image/ab67616d0000b2738265a736a1eb838ad5a0b921
2026-01-30,22,Stateside + Zara Larsson,"PinkPantheress, Zara Larsson",89,184761,album,31,2025-10-10,False,https://i.scdn.co/image/ab67616d0000b2738c2de5de3e20fa408171f517
2026-01-30,23,BAILE INoLVIDABLE,Bad Bunny,93,367725,album,17,2025-01-05,True,https://i.scdn.co/image/ab67616d0000b273bbd45c8d36e0e045ef640411
2026-01-30,24,No Broke Boys,"Disco Lines, Tinashe",93,163994,single,1,2025-06-06,True,https://i.scdn.co/image/ab67616d0000b2735dcede7ece7b2cb72cee4eee
2026-01-30,25,dopamina,"Peso Pluma, Tito Double P",90,185326,album,15,2025-12-25,True,https://i.scdn.co/image/ab67616d0000b273a9e6a250ea86a8f387873ef9
2026-01-30,26,12 to 12,sombr,90,242903,album,10,2025-08-22,False,https://i.scdn.co/image/ab67616d0000b273d2eb391e0b3c3bc21c127db6
2026-01-30,27,Gabriela,KATSEYE,93,197226,single,2,2025-06-20,False,https://i.scdn.co/image/ab67616d0000b273f8d4d00ffe09373efb13ce29
2026-01-30,28,Cuando No Era Cantante,"El Bogueto, Yung Beef",91,211084,album,23,2024-09-26,True,https://i.scdn.co/image/ab67616d0000b27315110c9ad66e065592cc3496
2026-01-30,29,That's What I Like,Bruno Mars,92,206693,album,9,2016-11-17,False,https://i.scdn.co/image/ab67616d0000b273232711f7d66a1e19e89e28c5
2026-01-30,30,Locked out of Heaven,Bruno Mars,58,233653,album,10,2012-12-05,False,https://i.scdn.co/image/ab67616d0000b27349055dce3554e72e82082980
2026-01-30,31,Creep,Radiohead,92,238640,album,12,1993-02-22,True,https://i.scdn.co/image/ab67616d0000b273ec548c00d3ac2f10be73366d
2026-01-30,32,DtMF,Bad Bunny,93,237117,album,17,2025-01-05,True,https://i.scdn.co/image/ab67616d0000b273bbd45c8d36e0e045ef640411
2026-01-30,33,Let Me Love You,"DJ Snake, Justin Bieber",3,205946,album,14,2016-08-05,False,https://i.scdn.co/image/ab67616d0000b2735045de6786e0af096de73ed4
2026-01-30,34,Opalite,Taylor Swift,93,235355,album,12,2025-10-03,False,https://i.scdn.co/image/ab67616d0000b273d7812467811a7da6e6a44902
2026-01-30,35,One Dance,"Drake, Wizkid, Kyla",91,173986,album,20,2016-05-06,False,https://i.scdn.co/image/ab67616d0000b2739416ed64daf84936d89e671c
2026-01-30,36,CHANEL,Tyla,93,188059,single,1,2025-10-24,True,https://i.scdn.co/image/ab67616d0000b273c1cfff2e89a49729b648e56d
2026-01-30,37,Sparks,Coldplay,91,227093,album,10,2000-07-10,False,https://i.scdn.co/image/ab67616d0000b2739164bafe9aaa168d93f4816a
2026-01-30,38,"One Of The Girls (with JENNIE, Lily Rose Depp)","The Weeknd, JENNIE, Lily-Rose Depp",92,244684,single,3,2023-06-23,False,https://i.scdn.co/image/ab67616d0000b273b0dd6a5cd1dec96c4119c262
2026-01-30,39,What You Saying,Lil Uzi Vert,90,131729,single,1,2025-12-22,False,https://i.scdn.co/image/ab67616d0000b27338b6341d4c2a56836a650165
2026-01-30,40,4 Raws,EsDeeKid,91,146666,album,11,2025-06-20,True,https://i.scdn.co/image/ab67616d0000b2732940ac3a182dac2a5ec72249
2026-01-30,41,Cuando No Era Cantante - Remix,"El Bogueto, Anuel AA, Fuerza Regida, Yung Beef",91,327488,single,1,2025-12-10,True,https://i.scdn.co/image/ab67616d0000b27376ca2bb969e79a911090df63
2026-01-30,42,WILDFLOWER,Billie Eilish,92,261466,album,10,2024-05-17,False,https://i.scdn.co/image/ab67616d0000b27371d62ea7ea8a5be92d3c1f62
2026-01-30,43,Don’t Say You Love Me,Jin,86,180716,album,7,2025-05-16,False,https://i.scdn.co/image/ab67616d0000b27389228504f700641956e29f5d
2026-01-30,44,Yellow,Coldplay,91,266773,album,10,2000-07-10,False,https://i.scdn.co/image/ab67616d0000b2739164bafe9aaa168d93f4816a
2026-01-30,45,I Wanna Be Yours,Arctic Monkeys,92,183956,album,12,2013-09-09,False,https://i.scdn.co/image/ab67616d0000b2734ae1c4c5c45aabe565499163
2026-01-30,46,LA VILLA,"Ryan Castro, Kapo, Gangsta",83,192111,album,13,2025-10-23,True,https://i.scdn.co/image/ab67616d0000b2734f0b5d2c8e5f6b86fcd73ca9
2026-01-30,47,Who,Jimin,86,170887,album,7,2024-07-19,False,https://i.scdn.co/image/ab67616d0000b273f02c451189a709b9a952aaec
2026-01-30,48,Beautiful Things,Benson Boone,89,180304,album,15,2024-04-05,False,https://i.scdn.co/image/ab67616d0000b273cc04ff3e70e146ba9abacf40
2026-01-30,49,kota ini tak sama tanpamu,Nadhif Basalamah,88,279649,album,16,2025-06-20,False,https://i.scdn.co/image/ab67616d0000b273f3e3f888fbfcc916ecce50a9
2026-01-30,50,Starboy,"The Weeknd, Daft Punk",91,230453,album,18,2016-11-25,True,https://i.scdn.co/image/ab67616d0000b2734718e2b124f79258be7bc452
2026-01-31,1,End of Beginning,Djo,100,159245,album,13,2022-09-16,False,https://i.scdn.co/image/ab67616d0000b273fddfffec51b4580acae727c1
2026-01-31,2,The Fate of Ophelia,Taylor Swift,98,226073,album,12,2025-10-03,False,https://i.scdn.co/image/ab67616d0000b273d7812467811a7da6e6a44902
2026-01-31,3,back to friends,sombr,92,199032,album,10,2025-08-22,False,https://i.scdn.co/image/ab67616d0000b273d2eb391e0b3c3bc21c127db6
2026-01-31,4,Man I Need,Olivia Dean,97,184000,single,3,2025-08-15,False,https://i.scdn.co/image/ab67616d0000b273e3d69e17dde129037a1f09e2
2026-01-31,5,WHERE IS MY HUSBAND!,RAYE,96,196795,single,1,2025-09-19,False,https://i.scdn.co/image/ab67616d0000b2737cc8cee5c81409833e540974
2026-01-31,6,Aperture,Harry Styles,90,311733,single,1,2026-01-22,False,https://i.scdn.co/image/ab67616d0000b2736b10b937d94f055f8890cb62
2026-01-31,7,Golden,"HUNTR/X, EJAE, AUDREY NUNA, REI AMI, KPop Demon Hunters Cast",97,194607,album,12,2025-06-20,False,https://i.scdn.co/image/ab67616d0000b2734dcb6c5df15cf74596ab25a4
2026-01-31,8,I Just Might,Bruno Mars,94,212973,single,1,2026-01-09,False,https://i.scdn.co/image/ab67616d0000b273e2887a1b6b98fc6c73bab12b
2026-01-31,9,Lush Life,Zara Larsson,1,201122,single,1,2015-06-09,False,https://i.scdn.co/image/ab67616d0000b2736eaa0691ac9d790b41d21a91
2026-01-31,10,So Easy (To Fall In Love),Olivia Dean,96,169000,album,12,2025-09-26,False,https://i.scdn.co/image/ab67616d0000b2739a336bfb6d40bbd90a507417
2026-01-31,11,Die On This Hill,SIENNA SPIRO,93,217008,single,4,2025-10-10,False,https://i.scdn.co/image/ab67616d0000b273ec4833919808083d733ca9af
2026-01-31,12,Raindance (feat. Tems),"Dave, Tems",93,219743,album,10,2025-10-23,True,https://i.scdn.co/image/ab67616d0000b273fecaa7826bb0cbe139a8cb83
2026-01-31,13,Ordinary,Alex Warren,91,186964,album,11,2024-09-26,False,https://i.scdn.co/image/ab67616d0000b27342fe69c0e7e5c92f01ece8ce
2026-01-31,14,Every Breath You Take,The Police,94,253920,album,11,1983-06-17,False,https://i.scdn.co/image/ab67616d0000b273c8e97cafeb2acb85b21a777e
2026-01-31,15,Die With A Smile,"Lady Gaga, Bruno Mars",91,251667,single,1,2024-08-16,False,https://i.scdn.co/image/ab67616d0000b27382ea2e9e1858aa012c57cd45
2026-01-31,16,Iris,The Goo Goo Dolls,93,289533,album,13,1998-01-01,False,https://i.scdn.co/image/ab67616d0000b273eda9478c39a21e1cdc6609ca
2026-01-31,17,I Thought I Saw Your Face Today,She & Him,93,170333,album,13,2008-03-18,False,https://i.scdn.co/image/ab67616d0000b273a47c6d8a934b4833c0916cc9
2026-01-31,18,BIRDS OF A FEATHER,Billie Eilish,94,210373,album,10,2024-05-17,False,https://i.scdn.co/image/ab67616d0000b27371d62ea7ea8a5be92d3c1f62
2026-01-31,19,Sailor Song,Gigi Perez,87,211978,single,1,2024-07-26,False,https://i.scdn.co/image/ab67616d0000b273e6065f209e0a01986206bd53
2026-01-31,20,Sweater Weather,The Neighbourhood,92,240400,album,11,2013-04-22,False,https://i.scdn.co/image/ab67616d0000b2738265a736a1eb838ad5a0b921
2026-01-31,21,Love Me Not,Ravyn Lenae,89,213466,album,11,2024-08-09,False,https://i.scdn.co/image/ab67616d0000b273ef985ba96e76a9574cc68a30
2026-01-31,22,Stateside + Zara Larsson,"PinkPantheress, Zara Larsson",89,184761,album,31,2025-10-10,False,https://i.scdn.co/image/ab67616d0000b2738c2de5de3e20fa408171f517
2026-01-31,23,BAILE INoLVIDABLE,Bad Bunny,93,367725,album,17,2025-01-05,True,https://i.scdn.co/image/ab67616d0000b273bbd45c8d36e0e045ef640411
2026-01-31,24,No Broke Boys,"Disco Lines, Tinashe",93,163994,single,1,2025-06-06,True,https://i.scdn.co/image/ab67616d0000b2735dcede7ece7b2cb72cee4eee
2026-01-31,25,dopamina,"Peso Pluma, Tito Double P",90,185326,album,15,2025-12-25,True,https://i.scdn.co/image/ab67616d0000b273a9e6a250ea86a8f387873ef9
2026-01-31,26,Cuando No Era Cantante,"El Bogueto, Yung Beef",91,211084,album,23,2024-09-26,True,https://i.scdn.co/image/ab67616d0000b27315110c9ad66e065592cc3496
2026-01-31,27,Locked out of Heaven,Bruno Mars,58,233653,album,10,2012-12-05,False,https://i.scdn.co/image/ab67616d0000b27349055dce3554e72e82082980
2026-01-31,28,Gabriela,KATSEYE,93,197226,single,2,2025-06-20,False,https://i.scdn.co/image/ab67616d0000b273f8d4d00ffe09373efb13ce29
2026-01-31,29,12 to 12,sombr,90,242903,album,10,2025-08-22,False,https://i.scdn.co/image/ab67616d0000b273d2eb391e0b3c3bc21c127db6
2026-01-31,30,Let Me Love You,"DJ Snake, Justin Bieber",3,205946,album,14,2016-08-05,False,https://i.scdn.co/image/ab67616d0000b2735045de6786e0af096de73ed4
2026-01-31,31,DtMF,Bad Bunny,93,237117,album,17,2025-01-05,True,https://i.scdn.co/image/ab67616d0000b273bbd45c8d36e0e045ef640411
2026-01-31,32,Creep,Radiohead,92,238640,album,12,1993-02-22,True,https://i.scdn.co/image/ab67616d0000b273ec548c00d3ac2f10be73366d
2026-01-31,33,That's What I Like,Bruno Mars,92,206693,album,9,2016-11-17,False,https://i.scdn.co/image/ab67616d0000b273232711f7d66a1e19e89e28c5
2026-01-31,34,Sparks,Coldplay,91,227093,album,10,2000-07-10,False,https://i.scdn.co/image/ab67616d0000b2739164bafe9aaa168d93f4816a
2026-01-31,35,One Dance,"Drake, Wizkid, Kyla",91,173986,album,20,2016-05-06,False,https://i.scdn.co/image/ab67616d0000b2739416ed64daf84936d89e671c
2026-01-31,36,Opalite,Taylor Swift,92,235355,album,12,2025-10-03,False,https://i.scdn.co/image/ab67616d0000b273d7812467811a7da6e6a44902
2026-01-31,37,What You Saying,Lil Uzi Vert,90,131729,single,1,2025-12-22,False,https://i.scdn.co/image/ab67616d0000b27338b6341d4c2a56836a650165
2026-01-31,38,"One Of The Girls (with JENNIE, Lily Rose Depp)","The Weeknd, JENNIE, Lily-Rose Depp",92,244684,single,3,2023-06-23,False,https://i.scdn.co/image/ab67616d0000b273b0dd6a5cd1dec96c4119c262
2026-01-31,39,Cuando No Era Cantante - Remix,"El Bogueto, Anuel AA, Fuerza Regida, Yung Beef",91,327488,single,1,2025-12-10,True,https://i.scdn.co/image/ab67616d0000b27376ca2bb969e79a911090df63
2026-01-31,40,Don’t Say You Love Me,Jin,86,180716,album,7,2025-05-16,False,https://i.scdn.co/image/ab67616d0000b27389228504f700641956e29f5d
2026-01-31,41,CHANEL,Tyla,92,188059,single,1,2025-10-24,True,https://i.scdn.co/image/ab67616d0000b273c1cfff2e89a49729b648e56d
2026-01-31,42,4 Raws,EsDeeKid,91,146666,album,11,2025-06-20,True,https://i.scdn.co/image/ab67616d0000b2732940ac3a182dac2a5ec72249
2026-01-31,43,WILDFLOWER,Billie Eilish,92,261466,album,10,2024-05-17,False,https://i.scdn.co/image/ab67616d0000b27371d62ea7ea8a5be92d3c1f62
2026-01-31,44,Yellow,Coldplay,91,266773,album,10,2000-07-10,False,https://i.scdn.co/image/ab67616d0000b2739164bafe9aaa168d93f4816a
2026-01-31,45,I Wanna Be Yours,Arctic Monkeys,92,183956,album,12,2013-09-09,False,https://i.scdn.co/image/ab67616d0000b2734ae1c4c5c45aabe565499163
2026-01-31,46,LA VILLA,"Ryan Castro, Kapo, Gangsta",83,192111,album,13,2025-10-23,True,https://i.scdn.co/image/ab67616d0000b2734f0b5d2c8e5f6b86fcd73ca9
2026-01-31,47,Starboy,"The Weeknd, Daft Punk",91,230453,album,18,2016-11-25,True,https://i.scdn.co/image/ab67616d0000b2734718e2b124f79258be7bc452
2026-01-31,48,Beautiful Things,Benson Boone,88,180304,album,15,2024-04-05,False,https://i.scdn.co/image/ab67616d0000b273cc04ff3e70e146ba9abacf40
2026-01-31,49,Pvta Luna,Neton Vega,88,198058,single,1,2025-09-26,False,https://i.scdn.co/image/ab67616d0000b2730c3ba1d7cd1468c7e5a2ddda
2026-01-31,50,Who,Jimin,86,170887,album,7,2024-07-19,False,https://i.scdn.co/image/ab67616d0000b273f02c451189a709b9a952aaec
2026-02-01,1,End of Beginning,Djo,100,159245,album,13,2022-09-16,False,https://i.scdn.co/image/ab67616d0000b273fddfffec51b4580acae727c1
2026-02-01,2,The Fate of Ophelia,Taylor Swift,98,226073,album,12,2025-10-03,False,https://i.scdn.co/image/ab67616d0000b273d7812467811a7da6e6a44902
2026-02-01,3,The Great Divide,Noah Kahan,50,317961,single,1,2026-01-30,True,https://i.scdn.co/image/ab67616d0000b273a47374027a9f559917ba66ba
2026-02-01,4,Aperture,Harry Styles,91,311733,single,1,2026-01-22,False,https://i.scdn.co/image/ab67616d0000b2736b10b937d94f055f8890cb62
2026-02-01,5,WHERE IS MY HUSBAND!,RAYE,96,196795,single,1,2025-09-19,False,https://i.scdn.co/image/ab67616d0000b2737cc8cee5c81409833e540974
2026-02-01,6,back to friends,sombr,92,199032,album,10,2025-08-22,False,https://i.scdn.co/image/ab67616d0000b273d2eb391e0b3c3bc21c127db6
2026-02-01,7,Man I Need,Olivia Dean,96,184000,single,3,2025-08-15,False,https://i.scdn.co/image/ab67616d0000b273e3d69e17dde129037a1f09e2
2026-02-01,8,Golden,"HUNTR/X, EJAE, AUDREY NUNA, REI AMI, KPop Demon Hunters Cast",97,194607,album,12,2025-06-20,False,https://i.scdn.co/image/ab67616d0000b2734dcb6c5df15cf74596ab25a4
2026-02-01,9,Lush Life,Zara Larsson,1,201122,single,1,2015-06-09,False,https://i.scdn.co/image/ab67616d0000b2736eaa0691ac9d790b41d21a91
2026-02-01,10,I Just Might,Bruno Mars,95,212973,single,1,2026-01-09,False,https://i.scdn.co/image/ab67616d0000b273e2887a1b6b98fc6c73bab12b
2026-02-01,11,Die On This Hill,SIENNA SPIRO,93,217008,single,4,2025-10-10,False,https://i.scdn.co/image/ab67616d0000b273ec4833919808083d733ca9af
2026-02-01,12,So Easy (To Fall In Love),Olivia Dean,96,169000,album,12,2025-09-26,False,https://i.scdn.co/image/ab67616d0000b2739a336bfb6d40bbd90a507417
2026-02-01,13,Raindance (feat. Tems),"Dave, Tems",93,219743,album,10,2025-10-23,True,https://i.scdn.co/image/ab67616d0000b273fecaa7826bb0cbe139a8cb83
2026-02-01,14,Ordinary,Alex Warren,91,186964,album,11,2024-09-26,False,https://i.scdn.co/image/ab67616d0000b27342fe69c0e7e5c92f01ece8ce
2026-02-01,15,Every Breath You Take,The Police,94,253920,album,11,1983-06-17,False,https://i.scdn.co/image/ab67616d0000b273c8e97cafeb2acb85b21a777e
2026-02-01,16,Die With A Smile,"Lady Gaga, Bruno Mars",91,251667,single,1,2024-08-16,False,https://i.scdn.co/image/ab67616d0000b27382ea2e9e1858aa012c57cd45
2026-02-01,17,I Thought I Saw Your Face Today,She & Him,93,170333,album,13,2008-03-18,False,https://i.scdn.co/image/ab67616d0000b273a47c6d8a934b4833c0916cc9
2026-02-01,18,Body,Don Toliver,0,155753,album,18,2026-01-30,True,https://i.scdn.co/image/ab67616d0000b27322d78c55313a187559efd93b
2026-02-01,19,Iris,The Goo Goo Dolls,93,289533,album,13,1998-01-01,False,https://i.scdn.co/image/ab67616d0000b273eda9478c39a21e1cdc6609ca
2026-02-01,20,BIRDS OF A FEATHER,Billie Eilish,94,210373,album,10,2024-05-17,False,https://i.scdn.co/image/ab67616d0000b27371d62ea7ea8a5be92d3c1f62
2026-02-01,21,E85,Don Toliver,0,153181,album,18,2026-01-30,True,https://i.scdn.co/image/ab67616d0000b27322d78c55313a187559efd93b
2026-02-01,22,BAILE INoLVIDABLE,Bad Bunny,93,367725,album,17,2025-01-05,True,https://i.scdn.co/image/ab67616d0000b273bbd45c8d36e0e045ef640411
2026-02-01,23,Sailor Song,Gigi Perez,87,211978,single,1,2024-07-26,False,https://i.scdn.co/image/ab67616d0000b273e6065f209e0a01986206bd53
2026-02-01,24,Love Me Not,Ravyn Lenae,89,213466,album,11,2024-08-09,False,https://i.scdn.co/image/ab67616d0000b273ef985ba96e76a9574cc68a30
2026-02-01,25,Stateside + Zara Larsson,"PinkPantheress, Zara Larsson",89,184761,album,31,2025-10-10,False,https://i.scdn.co/image/ab67616d0000b2738c2de5de3e20fa408171f517
2026-02-01,26,ATM,Don Toliver,78,180705,single,1,2026-01-23,True,https://i.scdn.co/image/ab67616d0000b2730228270d62beed7dd50c8811
2026-02-01,27,No Broke Boys,"Disco Lines, Tinashe",93,163994,single,1,2025-06-06,True,https://i.scdn.co/image/ab67616d0000b2735dcede7ece7b2cb72cee4eee
2026-02-01,28,dopamina,"Peso Pluma, Tito Double P",90,185326,album,15,2025-12-25,True,https://i.scdn.co/image/ab67616d0000b273a9e6a250ea86a8f387873ef9
2026-02-01,29,CHANEL,Tyla,92,188059,single,1,2025-10-24,True,https://i.scdn.co/image/ab67616d0000b273c1cfff2e89a49729b648e56d
2026-02-01,30,Cuando No Era Cantante,"El Bogueto, Yung Beef",91,211084,album,23,2024-09-26,True,https://i.scdn.co/image/ab67616d0000b27315110c9ad66e065592cc3496
2026-02-01,31,Gabriela,KATSEYE,93,197226,single,2,2025-06-20,False,https://i.scdn.co/image/ab67616d0000b273f8d4d00ffe09373efb13ce29
2026-02-01,32,Sweater Weather,The Neighbourhood,92,240400,album,11,2013-04-22,False,https://i.scdn.co/image/ab67616d0000b2738265a736a1eb838ad5a0b921
2026-02-01,33,Cuando No Era Cantante - Remix,"El Bogueto, Anuel AA, Fuerza Regida, Yung Beef",91,327488,single,1,2025-12-10,True,https://i.scdn.co/image/ab67616d0000b27376ca2bb969e79a911090df63
2026-02-01,34,DtMF,Bad Bunny,93,237117,album,17,2025-01-05,True,https://i.scdn.co/image/ab67616d0000b273bbd45c8d36e0e045ef640411
2026-02-01,35,"One Of The Girls (with JENNIE, Lily Rose Depp)","The Weeknd, JENNIE, Lily-Rose Depp",92,244684,single,3,2023-06-23,False,https://i.scdn.co/image/ab67616d0000b273b0dd6a5cd1dec96c4119c262
2026-02-01,36,Creep,Radiohead,92,238640,album,12,1993-02-22,True,https://i.scdn.co/image/ab67616d0000b273ec548c00d3ac2f10be73366d
2026-02-01,37,That's What I Like,Bruno Mars,92,206693,album,9,2016-11-17,False,https://i.scdn.co/image/ab67616d0000b273232711f7d66a1e19e89e28c5
2026-02-01,38,Locked out of Heaven,Bruno Mars,58,233653,album,10,2012-12-05,False,https://i.scdn.co/image/ab67616d0000b27349055dce3554e72e82082980
2026-02-01,39,Opalite,Taylor Swift,92,235355,album,12,2025-10-03,False,https://i.scdn.co/image/ab67616d0000b273d7812467811a7da6e6a44902
2026-02-01,40,What You Saying,Lil Uzi Vert,90,131729,single,1,2025-12-22,False,https://i.scdn.co/image/ab67616d0000b27338b6341d4c2a56836a650165
2026-02-01,41,12 to 12,sombr,90,242903,album,10,2025-08-22,False,https://i.scdn.co/image/ab67616d0000b273d2eb391e0b3c3bc21c127db6
2026-02-01,42,Let Me Love You,"DJ Snake, Justin Bieber",3,205946,album,14,2016-08-05,False,https://i.scdn.co/image/ab67616d0000b2735045de6786e0af096de73ed4
2026-02-01,43,4 Raws,EsDeeKid,91,146666,album,11,2025-06-20,True,https://i.scdn.co/image/ab67616d0000b2732940ac3a182dac2a5ec72249
2026-02-01,44,Rendezvous (feat. Yeat),"Don Toliver, Yeat",0,146801,album,18,2026-01-30,True,https://i.scdn.co/image/ab67616d0000b27322d78c55313a187559efd93b
2026-02-01,45,Secondhand (feat. Rema),"Don Toliver, Rema",0,226666,album,18,2026-01-30,True,https://i.scdn.co/image/ab67616d0000b27322d78c55313a187559efd93b
2026-02-01,46,One Dance,"Drake, Wizkid, Kyla",91,173986,album,20,2016-05-06,False,https://i.scdn.co/image/ab67616d0000b2739416ed64daf84936d89e671c
2026-02-01,47,Don’t Say You Love Me,Jin,86,180716,album,7,2025-05-16,False,https://i.scdn.co/image/ab67616d0000b27389228504f700641956e29f5d
2026-02-01,48,LA VILLA,"Ryan Castro, Kapo, Gangsta",83,192111,album,13,2025-10-23,True,https://i.scdn.co/image/ab67616d0000b2734f0b5d2c8e5f6b86fcd73ca9
2026-02-01,49,Starboy,"The Weeknd, Daft Punk",91,230453,album,18,2016-11-25,True,https://i.scdn.co/image/ab67616d0000b2734718e2b124f79258be7bc452
2026-02-01,50,Choosin' Texas,Ella Langley,90,232226,single,1,2025-10-17,False,https://i.scdn.co/image/ab67616d0000b27390958927fbba47a62c3e63f8
2026-02-02,1,End of Beginning,Djo,100,159245,album,13,2022-09-16,False,https://i.scdn.co/image/ab67616d0000b273fddfffec51b4580acae727c1
2026-02-02,2,The Fate of Ophelia,Taylor Swift,98,226073,album,12,2025-10-03,False,https://i.scdn.co/image/ab67616d0000b273d7812467811a7da6e6a44902
2026-02-02,3,Golden,"HUNTR/X, EJAE, AUDREY NUNA, REI AMI, KPop Demon Hunters Cast",97,194607,album,12,2025-06-20,False,https://i.scdn.co/image/ab67616d0000b2734dcb6c5df15cf74596ab25a4
2026-02-02,4,Man I Need,Olivia Dean,96,184000,single,3,2025-08-15,False,https://i.scdn.co/image/ab67616d0000b273e3d69e17dde129037a1f09e2
2026-02-02,5,back to friends,sombr,92,199032,album,10,2025-08-22,False,https://i.scdn.co/image/ab67616d0000b273d2eb391e0b3c3bc21c127db6
2026-02-02,6,WHERE IS MY HUSBAND!,RAYE,96,196795,single,1,2025-09-19,False,https://i.scdn.co/image/ab67616d0000b2737cc8cee5c81409833e540974
2026-02-02,7,Lush Life,Zara Larsson,1,201122,single,1,2015-06-09,False,https://i.scdn.co/image/ab67616d0000b2736eaa0691ac9d790b41d21a91
2026-02-02,8,I Just Might,Bruno Mars,95,212973,single,1,2026-01-09,False,https://i.scdn.co/image/ab67616d0000b273e2887a1b6b98fc6c73bab12b
2026-02-02,9,So Easy (To Fall In Love),Olivia Dean,96,169000,album,12,2025-09-26,False,https://i.scdn.co/image/ab67616d0000b2739a336bfb6d40bbd90a507417
2026-02-02,10,Die On This Hill,SIENNA SPIRO,93,217008,single,4,2025-10-10,False,https://i.scdn.co/image/ab67616d0000b273ec4833919808083d733ca9af
2026-02-02,11,Aperture,Harry Styles,91,311733,single,1,2026-01-22,False,https://i.scdn.co/image/ab67616d0000b2736b10b937d94f055f8890cb62
2026-02-02,12,Raindance (feat. Tems),"Dave, Tems",94,219743,album,10,2025-10-23,True,https://i.scdn.co/image/ab67616d0000b273fecaa7826bb0cbe139a8cb83
2026-02-02,13,Ordinary,Alex Warren,91,186964,album,11,2024-09-26,False,https://i.scdn.co/image/ab67616d0000b27342fe69c0e7e5c92f01ece8ce
2026-02-02,14,The Great Divide,Noah Kahan,77,317961,single,1,2026-01-30,True,https://i.scdn.co/image/ab67616d0000b273a47374027a9f559917ba66ba
2026-02-02,15,Every Breath You Take,The Police,94,253920,album,11,1983-06-17,False,https://i.scdn.co/image/ab67616d0000b273c8e97cafeb2acb85b21a777e
2026-02-02,16,Die With A Smile,"Lady Gaga, Bruno Mars",91,251667,single,1,2024-08-16,False,https://i.scdn.co/image/ab67616d0000b27382ea2e9e1858aa012c57cd45
2026-02-02,17,I Thought I Saw Your Face Today,She & Him,93,170333,album,13,2008-03-18,False,https://i.scdn.co/image/ab67616d0000b273a47c6d8a934b4833c0916cc9
2026-02-02,18,Iris,The Goo Goo Dolls,93,289533,album,13,1998-01-01,False,https://i.scdn.co/image/ab67616d0000b273eda9478c39a21e1cdc6609ca
2026-02-02,19,BIRDS OF A FEATHER,Billie Eilish,94,210373,album,10,2024-05-17,False,https://i.scdn.co/image/ab67616d0000b27371d62ea7ea8a5be92d3c1f62
2026-02-02,20,BAILE INoLVIDABLE,Bad Bunny,93,367725,album,17,2025-01-05,True,https://i.scdn.co/image/ab67616d0000b273bbd45c8d36e0e045ef640411
2026-02-02,21,Sailor Song,Gigi Perez,87,211978,single,1,2024-07-26,False,https://i.scdn.co/image/ab67616d0000b273e6065f209e0a01986206bd53
2026-02-02,22,Love Me Not,Ravyn Lenae,89,213466,album,11,2024-08-09,False,https://i.scdn.co/image/ab67616d0000b273ef985ba96e76a9574cc68a30
2026-02-02,23,Stateside + Zara Larsson,"PinkPantheress, Zara Larsson",90,184761,album,31,2025-10-10,False,https://i.scdn.co/image/ab67616d0000b2738c2de5de3e20fa408171f517
2026-02-02,24,No Broke Boys,"Disco Lines, Tinashe",93,163994,single,1,2025-06-06,True,https://i.scdn.co/image/ab67616d0000b2735dcede7ece7b2cb72cee4eee
2026-02-02,25,Gabriela,KATSEYE,93,197226,single,2,2025-06-20,False,https://i.scdn.co/image/ab67616d0000b273f8d4d00ffe09373efb13ce29
2026-02-02,26,DtMF,Bad Bunny,93,237117,album,17,2025-01-05,True,https://i.scdn.co/image/ab67616d0000b273bbd45c8d36e0e045ef640411
2026-02-02,27,dopamina,"Peso Pluma, Tito Double P",90,185326,album,15,2025-12-25,True,https://i.scdn.co/image/ab67616d0000b273a9e6a250ea86a8f387873ef9
2026-02-02,28,CHANEL,Tyla,92,188059,single,1,2025-10-24,True,https://i.scdn.co/image/ab67616d0000b273c1cfff2e89a49729b648e56d
2026-02-02,29,Sweater Weather,The Neighbourhood,92,240400,album,11,2013-04-22,False,https://i.scdn.co/image/ab67616d0000b2738265a736a1eb838ad5a0b921
2026-02-02,30,Cuando No Era Cantante - Remix,"El Bogueto, Anuel AA, Fuerza Regida, Yung Beef",91,327488,single,1,2025-12-10,True,https://i.scdn.co/image/ab67616d0000b27376ca2bb969e79a911090df63
2026-02-02,31,LA VILLA,"Ryan Castro, Kapo, Gangsta",84,192111,album,13,2025-10-23,True,https://i.scdn.co/image/ab67616d0000b2734f0b5d2c8e5f6b86fcd73ca9
2026-02-02,32,Opalite,Taylor Swift,92,235355,album,12,2025-10-03,False,https://i.scdn.co/image/ab67616d0000b273d7812467811a7da6e6a44902
2026-02-02,33,12 to 12,sombr,90,242903,album,10,2025-08-22,False,https://i.scdn.co/image/ab67616d0000b273d2eb391e0b3c3bc21c127db6
2026-02-02,34,Creep,Radiohead,92,238640,album,12,1993-02-22,True,https://i.scdn.co/image/ab67616d0000b273ec548c00d3ac2f10be73366d
2026-02-02,35,Cuando No Era Cantante,"El Bogueto, Yung Beef",91,211084,album,23,2024-09-26,True,https://i.scdn.co/image/ab67616d0000b27315110c9ad66e065592cc3496
2026-02-02,36,Locked out of Heaven,Bruno Mars,58,233653,album,10,2012-12-05,False,https://i.scdn.co/image/ab67616d0000b27349055dce3554e72e82082980
2026-02-02,37,That's What I Like,Bruno Mars,92,206693,album,9,2016-11-17,False,https://i.scdn.co/image/ab67616d0000b273232711f7d66a1e19e89e28c5
2026-02-02,38,"One Of The Girls (with JENNIE, Lily Rose Depp)","The Weeknd, JENNIE, Lily-Rose Depp",92,244684,single,3,2023-06-23,False,https://i.scdn.co/image/ab67616d0000b273b0dd6a5cd1dec96c4119c262
2026-02-02,39,Body,Don Toliver,73,155753,album,18,2026-01-30,True,https://i.scdn.co/image/ab67616d0000b27322d78c55313a187559efd93b
2026-02-02,40,One Dance,"Drake, Wizkid, Kyla",91,173986,album,20,2016-05-06,False,https://i.scdn.co/image/ab67616d0000b2739416ed64daf84936d89e671c
2026-02-02,41,What You Saying,Lil Uzi Vert,90,131729,single,1,2025-12-22,False,https://i.scdn.co/image/ab67616d0000b27338b6341d4c2a56836a650165
2026-02-02,42,WILDFLOWER,Billie Eilish,92,261466,album,10,2024-05-17,False,https://i.scdn.co/image/ab67616d0000b27371d62ea7ea8a5be92d3c1f62
2026-02-02,43,Sedia Aku Sebelum Hujan,Idgitaf,90,230130,single,1,2025-10-08,False,https://i.scdn.co/image/ab67616d0000b2738dc8c573565969d55f9f3477
2026-02-02,44,Posso Até Não Te Dar Flores,"DJ Japa NK, MC Meno K, MC Ryan SP, Mc Jacaré, DJ DAVI DOGDOG",91,158769,single,1,2025-09-11,True,https://i.scdn.co/image/ab67616d0000b27310f008e8b5fda6a55bcb8cd7
2026-02-02,45,kota ini tak sama tanpamu,Nadhif Basalamah,88,279649,album,16,2025-06-20,False,https://i.scdn.co/image/ab67616d0000b273f3e3f888fbfcc916ecce50a9
2026-02-02,46,Beautiful Things,Benson Boone,88,180304,album,15,2024-04-05,False,https://i.scdn.co/image/ab67616d0000b273cc04ff3e70e146ba9abacf40
2026-02-02,47,As It Was,Harry Styles,90,167303,album,13,2022-05-20,False,https://i.scdn.co/image/ab67616d0000b27382ce362511fb3d9dda6578ee
2026-02-02,48,Let Me Love You,"DJ Snake, Justin Bieber",3,205946,album,14,2016-08-05,False,https://i.scdn.co/image/ab67616d0000b2735045de6786e0af096de73ed4
2026-02-02,49,APT.,"ROSÉ, Bruno Mars",84,169917,album,12,2024-12-06,False,https://i.scdn.co/image/ab67616d0000b2735074bd0894cb1340b8d8a678
2026-02-02,50,Choosin' Texas,Ella Langley,90,232226,single,1,2025-10-17,False,https://i.scdn.co/image/ab67616d0000b27390958927fbba47a62c3e63f8
2026-02-03,1,End of Beginning,Djo,100,159245,album,13,2022-09-16,False,https://i.scdn.co/image/ab67616d0000b273fddfffec51b4580acae727c1
2026-02-03,2,The Fate of Ophelia,Taylor Swift,98,226073,album,12,2025-10-03,False,https://i.scdn.co/image/ab67616d0000b273d7812467811a7da6e6a44902
2026-02-03,3,back to friends,sombr,92,199032,album,10,2025-08-22,False,https://i.scdn.co/image/ab67616d0000b273d2eb391e0b3c3bc21c127db6
2026-02-03,4,Lush Life,Zara Larsson,1,201122,single,1,2015-06-09,False,https://i.scdn.co/image/ab67616d0000b2736eaa0691ac9d790b41d21a91
2026-02-03,5,Man I Need,Olivia Dean,96,184000,single,3,2025-08-15,False,https://i.scdn.co/image/ab67616d0000b273e3d69e17dde129037a1f09e2
2026-02-03,6,Golden,"HUNTR/X, EJAE, AUDREY NUNA, REI AMI, KPop Demon Hunters Cast",96,194607,album,12,2025-06-20,False,https://i.scdn.co/image/ab67616d0000b2734dcb6c5df15cf74596ab25a4
2026-02-03,7,WHERE IS MY HUSBAND!,RAYE,96,196795,single,1,2025-09-19,False,https://i.scdn.co/image/ab67616d0000b2737cc8cee5c81409833e540974
2026-02-03,8,Die On This Hill,SIENNA SPIRO,94,217008,single,4,2025-10-10,False,https://i.scdn.co/image/ab67616d0000b273ec4833919808083d733ca9af
2026-02-03,9,So Easy (To Fall In Love),Olivia Dean,96,169000,album,12,2025-09-26,False,https://i.scdn.co/image/ab67616d0000b2739a336bfb6d40bbd90a507417
2026-02-03,10,I Just Might,Bruno Mars,95,212973,single,1,2026-01-09,False,https://i.scdn.co/image/ab67616d0000b273e2887a1b6b98fc6c73bab12b
2026-02-03,11,Raindance (feat. Tems),"Dave, Tems",94,219743,album,10,2025-10-23,True,https://i.scdn.co/image/ab67616d0000b273fecaa7826bb0cbe139a8cb83
2026-02-03,12,Ordinary,Alex Warren,91,186964,album,11,2024-09-26,False,https://i.scdn.co/image/ab67616d0000b27342fe69c0e7e5c92f01ece8ce
2026-02-03,13,I Thought I Saw Your Face Today,She & Him,93,170333,album,13,2008-03-18,False,https://i.scdn.co/image/ab67616d0000b273a47c6d8a934b4833c0916cc9
2026-02-03,14,Aperture,Harry Styles,92,311733,single,1,2026-01-22,False,https://i.scdn.co/image/ab67616d0000b2736b10b937d94f055f8890cb62
2026-02-03,15,Every Breath You Take,The Police,94,253920,album,11,1983-06-17,False,https://i.scdn.co/image/ab67616d0000b273c8e97cafeb2acb85b21a777e
2026-02-03,16,Die With A Smile,"Lady Gaga, Bruno Mars",91,251667,single,1,2024-08-16,False,https://i.scdn.co/image/ab67616d0000b27382ea2e9e1858aa012c57cd45
2026-02-03,17,BIRDS OF A FEATHER,Billie Eilish,94,210373,album,10,2024-05-17,False,https://i.scdn.co/image/ab67616d0000b27371d62ea7ea8a5be92d3c1f62
2026-02-03,18,Iris,The Goo Goo Dolls,93,289533,album,13,1998-01-01,False,https://i.scdn.co/image/ab67616d0000b273eda9478c39a21e1cdc6609ca
2026-02-03,19,The Great Divide,Noah Kahan,81,317961,single,1,2026-01-30,True,https://i.scdn.co/image/ab67616d0000b273a47374027a9f559917ba66ba
2026-02-03,20,Sailor Song,Gigi Perez,87,211978,single,1,2024-07-26,False,https://i.scdn.co/image/ab67616d0000b273e6065f209e0a01986206bd53
2026-02-03,21,Love Me Not,Ravyn Lenae,89,213466,album,11,2024-08-09,False,https://i.scdn.co/image/ab67616d0000b273ef985ba96e76a9574cc68a30
2026-02-03,22,Sweater Weather,The Neighbourhood,92,240400,album,11,2013-04-22,False,https://i.scdn.co/image/ab67616d0000b2738265a736a1eb838ad5a0b921
2026-02-03,23,Gabriela,KATSEYE,93,197226,single,2,2025-06-20,False,https://i.scdn.co/image/ab67616d0000b273f8d4d00ffe09373efb13ce29
2026-02-03,24,BAILE INoLVIDABLE,Bad Bunny,93,367725,album,17,2025-01-05,True,https://i.scdn.co/image/ab67616d0000b273bbd45c8d36e0e045ef640411
2026-02-03,25,Stateside + Zara Larsson,"PinkPantheress, Zara Larsson",90,184761,album,31,2025-10-10,False,https://i.scdn.co/image/ab67616d0000b2738c2de5de3e20fa408171f517
2026-02-03,26,DtMF,Bad Bunny,93,237117,album,17,2025-01-05,True,https://i.scdn.co/image/ab67616d0000b273bbd45c8d36e0e045ef640411
2026-02-03,27,Don’t Say You Love Me,Jin,86,180716,album,7,2025-05-16,False,https://i.scdn.co/image/ab67616d0000b27389228504f700641956e29f5d
2026-02-03,28,That's What I Like,Bruno Mars,92,206693,album,9,2016-11-17,False,https://i.scdn.co/image/ab67616d0000b273232711f7d66a1e19e89e28c5
2026-02-03,29,No Broke Boys,"Disco Lines, Tinashe",93,163994,single,1,2025-06-06,True,https://i.scdn.co/image/ab67616d0000b2735dcede7ece7b2cb72cee4eee
2026-02-03,30,Creep,Radiohead,92,238640,album,12,1993-02-22,True,https://i.scdn.co/image/ab67616d0000b273ec548c00d3ac2f10be73366d
2026-02-03,31,CHANEL,Tyla,92,188059,single,1,2025-10-24,True,https://i.scdn.co/image/ab67616d0000b273c1cfff2e89a49729b648e56d
2026-02-03,32,dopamina,"Peso Pluma, Tito Double P",90,185326,album,15,2025-12-25,True,https://i.scdn.co/image/ab67616d0000b273a9e6a250ea86a8f387873ef9
2026-02-03,33,Sedia Aku Sebelum Hujan,Idgitaf,90,230130,single,1,2025-10-08,False,https://i.scdn.co/image/ab67616d0000b2738dc8c573565969d55f9f3477
2026-02-03,34,One Dance,"Drake, Wizkid, Kyla",91,173986,album,20,2016-05-06,False,https://i.scdn.co/image/ab67616d0000b2739416ed64daf84936d89e671c
2026-02-03,35,WILDFLOWER,Billie Eilish,92,261466,album,10,2024-05-17,False,https://i.scdn.co/image/ab67616d0000b27371d62ea7ea8a5be92d3c1f62
2026-02-03,36,kota ini tak sama tanpamu,Nadhif Basalamah,88,279649,album,16,2025-06-20,False,https://i.scdn.co/image/ab67616d0000b273f3e3f888fbfcc916ecce50a9
2026-02-03,37,"One Of The Girls (with JENNIE, Lily Rose Depp)","The Weeknd, JENNIE, Lily-Rose Depp",92,244684,single,3,2023-06-23,False,https://i.scdn.co/image/ab67616d0000b273b0dd6a5cd1dec96c4119c262
2026-02-03,38,Cuando No Era Cantante - Remix,"El Bogueto, Anuel AA, Fuerza Regida, Yung Beef",91,327488,single,1,2025-12-10,True,https://i.scdn.co/image/ab67616d0000b27376ca2bb969e79a911090df63
2026-02-03,39,Opalite,Taylor Swift,92,235355,album,12,2025-10-03,False,https://i.scdn.co/image/ab67616d0000b273d7812467811a7da6e6a44902
2026-02-03,40,Sparks,Coldplay,91,227093,album,10,2000-07-10,False,https://i.scdn.co/image/ab67616d0000b2739164bafe9aaa168d93f4816a
2026-02-03,41,I Wanna Be Yours,Arctic Monkeys,92,183956,album,12,2013-09-09,False,https://i.scdn.co/image/ab67616d0000b2734ae1c4c5c45aabe565499163
2026-02-03,42,Let Me Love You,"DJ Snake, Justin Bieber",3,205946,album,14,2016-08-05,False,https://i.scdn.co/image/ab67616d0000b2735045de6786e0af096de73ed4
2026-02-03,43,12 to 12,sombr,90,242903,album,10,2025-08-22,False,https://i.scdn.co/image/ab67616d0000b273d2eb391e0b3c3bc21c127db6
2026-02-03,44,Locked out of Heaven,Bruno Mars,58,233653,album,10,2012-12-05,False,https://i.scdn.co/image/ab67616d0000b27349055dce3554e72e82082980
2026-02-03,45,LA VILLA,"Ryan Castro, Kapo, Gangsta",84,192111,album,13,2025-10-23,True,https://i.scdn.co/image/ab67616d0000b2734f0b5d2c8e5f6b86fcd73ca9
2026-02-03,46,Who,Jimin,86,170887,album,7,2024-07-19,False,https://i.scdn.co/image/ab67616d0000b273f02c451189a709b9a952aaec
2026-02-03,47,Yellow,Coldplay,91,266773,album,10,2000-07-10,False,https://i.scdn.co/image/ab67616d0000b2739164bafe9aaa168d93f4816a
2026-02-03,48,What You Saying,Lil Uzi Vert,90,131729,single,1,2025-12-22,False,https://i.scdn.co/image/ab67616d0000b27338b6341d4c2a56836a650165
2026-02-03,49,Cuando No Era Cantante,"El Bogueto, Yung Beef",91,211084,album,23,2024-09-26,True,https://i.scdn.co/image/ab67616d0000b27315110c9ad66e065592cc3496
2026-02-03,50,Body,Don Toliver,77,155753,album,18,2026-01-30,True,https://i.scdn.co/image/ab67616d0000b27322d78c55313a187559efd93b
2026-02-04,1,End of Beginning,Djo,100,159245,album,13,2022-09-16,False,https://i.scdn.co/image/ab67616d0000b273fddfffec51b4580acae727c1
2026-02-04,2,Man I Need,Olivia Dean,96,184000,single,3,2025-08-15,False,https://i.scdn.co/image/ab67616d0000b273e3d69e17dde129037a1f09e2
2026-02-04,3,The Fate of Ophelia,Taylor Swift,98,226073,album,12,2025-10-03,False,https://i.scdn.co/image/ab67616d0000b273d7812467811a7da6e6a44902
2026-02-04,4,DtMF,Bad Bunny,93,237117,album,17,2025-01-05,True,https://i.scdn.co/image/ab67616d0000b273bbd45c8d36e0e045ef640411
2026-02-04,5,back to friends,sombr,92,199032,album,10,2025-08-22,False,https://i.scdn.co/image/ab67616d0000b273d2eb391e0b3c3bc21c127db6
2026-02-04,6,Lush Life,Zara Larsson,1,201122,single,1,2015-06-09,False,https://i.scdn.co/image/ab67616d0000b2736eaa0691ac9d790b41d21a91
2026-02-04,7,WHERE IS MY HUSBAND!,RAYE,96,196795,single,1,2025-09-19,False,https://i.scdn.co/image/ab67616d0000b2737cc8cee5c81409833e540974
2026-02-04,8,BAILE INoLVIDABLE,Bad Bunny,93,367725,album,17,2025-01-05,True,https://i.scdn.co/image/ab67616d0000b273bbd45c8d36e0e045ef640411
2026-02-04,9,So Easy (To Fall In Love),Olivia Dean,96,169000,album,12,2025-09-26,False,https://i.scdn.co/image/ab67616d0000b2739a336bfb6d40bbd90a507417
2026-02-04,10,Golden,"HUNTR/X, EJAE, AUDREY NUNA, REI AMI, KPop Demon Hunters Cast",96,194607,album,12,2025-06-20,False,https://i.scdn.co/image/ab67616d0000b2734dcb6c5df15cf74596ab25a4
2026-02-04,11,Die On This Hill,SIENNA SPIRO,94,217008,single,4,2025-10-10,False,https://i.scdn.co/image/ab67616d0000b273ec4833919808083d733ca9af
2026-02-04,12,I Just Might,Bruno Mars,95,212973,single,1,2026-01-09,False,https://i.scdn.co/image/ab67616d0000b273e2887a1b6b98fc6c73bab12b
2026-02-04,13,Raindance (feat. Tems),"Dave, Tems",94,219743,album,10,2025-10-23,True,https://i.scdn.co/image/ab67616d0000b273fecaa7826bb0cbe139a8cb83
2026-02-04,14,NUEVAYoL,Bad Bunny,90,183685,album,17,2025-01-05,False,https://i.scdn.co/image/ab67616d0000b273bbd45c8d36e0e045ef640411
2026-02-04,15,WILDFLOWER,Billie Eilish,92,261466,album,10,2024-05-17,False,https://i.scdn.co/image/ab67616d0000b27371d62ea7ea8a5be92d3c1f62
2026-02-04,16,Ordinary,Alex Warren,91,186964,album,11,2024-09-26,False,https://i.scdn.co/image/ab67616d0000b27342fe69c0e7e5c92f01ece8ce
2026-02-04,17,Aperture,Harry Styles,92,311733,single,1,2026-01-22,False,https://i.scdn.co/image/ab67616d0000b2736b10b937d94f055f8890cb62
2026-02-04,18,I Thought I Saw Your Face Today,She & Him,93,170333,album,13,2008-03-18,False,https://i.scdn.co/image/ab67616d0000b273a47c6d8a934b4833c0916cc9
2026-02-04,19,BIRDS OF A FEATHER,Billie Eilish,94,210373,album,10,2024-05-17,False,https://i.scdn.co/image/ab67616d0000b27371d62ea7ea8a5be92d3c1f62
2026-02-04,20,Die With A Smile,"Lady Gaga, Bruno Mars",91,251667,single,1,2024-08-16,False,https://i.scdn.co/image/ab67616d0000b27382ea2e9e1858aa012c57cd45
2026-02-04,21,Every Breath You Take,The Police,94,253920,album,11,1983-06-17,False,https://i.scdn.co/image/ab67616d0000b273c8e97cafeb2acb85b21a777e
2026-02-04,22,The Great Divide,Noah Kahan,82,317961,single,1,2026-01-30,True,https://i.scdn.co/image/ab67616d0000b273a47374027a9f559917ba66ba
2026-02-04,23,Iris,The Goo Goo Dolls,93,289533,album,13,1998-01-01,False,https://i.scdn.co/image/ab67616d0000b273eda9478c39a21e1cdc6609ca
2026-02-04,24,Love Me Not,Ravyn Lenae,89,213466,album,11,2024-08-09,False,https://i.scdn.co/image/ab67616d0000b273ef985ba96e76a9574cc68a30
2026-02-04,25,Sailor Song,Gigi Perez,87,211978,single,1,2024-07-26,False,https://i.scdn.co/image/ab67616d0000b273e6065f209e0a01986206bd53
2026-02-04,26,EoO,Bad Bunny,90,204768,album,17,2025-01-05,True,https://i.scdn.co/image/ab67616d0000b273bbd45c8d36e0e045ef640411
2026-02-04,27,Stateside + Zara Larsson,"PinkPantheress, Zara Larsson",90,184761,album,31,2025-10-10,False,https://i.scdn.co/image/ab67616d0000b2738c2de5de3e20fa408171f517
2026-02-04,28,VOY A LLeVARTE PA PR,Bad Bunny,89,156364,album,17,2025-01-05,True,https://i.scdn.co/image/ab67616d0000b273bbd45c8d36e0e045ef640411
2026-02-04,29,Gabriela,KATSEYE,93,197226,single,2,2025-06-20,False,https://i.scdn.co/image/ab67616d0000b273f8d4d00ffe09373efb13ce29
2026-02-04,30,Sweater Weather,The Neighbourhood,92,240400,album,11,2013-04-22,False,https://i.scdn.co/image/ab67616d0000b2738265a736a1eb838ad5a0b921
2026-02-04,31,Body,Don Toliver,81,155753,album,18,2026-01-30,True,https://i.scdn.co/image/ab67616d0000b27322d78c55313a187559efd93b
2026-02-04,32,Manchild,Sabrina Carpenter,87,213645,album,12,2025-08-29,True,https://i.scdn.co/image/ab67616d0000b273b1863bf95557ea7f357c4947
2026-02-04,33,That's What I Like,Bruno Mars,92,206693,album,9,2016-11-17,False,https://i.scdn.co/image/ab67616d0000b273232711f7d66a1e19e89e28c5
2026-02-04,34,12 to 12,sombr,90,242903,album,10,2025-08-22,False,https://i.scdn.co/image/ab67616d0000b273d2eb391e0b3c3bc21c127db6
2026-02-04,35,No Broke Boys,"Disco Lines, Tinashe",93,163994,single,1,2025-06-06,True,https://i.scdn.co/image/ab67616d0000b2735dcede7ece7b2cb72cee4eee
2026-02-04,36,CHANEL,Tyla,92,188059,single,1,2025-10-24,True,https://i.scdn.co/image/ab67616d0000b273c1cfff2e89a49729b648e56d
2026-02-04,37,Creep,Radiohead,92,238640,album,12,1993-02-22,True,https://i.scdn.co/image/ab67616d0000b273ec548c00d3ac2f10be73366d
2026-02-04,38,Let Me Love You,"DJ Snake, Justin Bieber",3,205946,album,14,2016-08-05,False,https://i.scdn.co/image/ab67616d0000b2735045de6786e0af096de73ed4
2026-02-04,39,One Dance,"Drake, Wizkid, Kyla",91,173986,album,20,2016-05-06,False,https://i.scdn.co/image/ab67616d0000b2739416ed64daf84936d89e671c
2026-02-04,40,"One Of The Girls (with JENNIE, Lily Rose Depp)","The Weeknd, JENNIE, Lily-Rose Depp",92,244684,single,3,2023-06-23,False,https://i.scdn.co/image/ab67616d0000b273b0dd6a5cd1dec96c4119c262
2026-02-04,41,4 Raws,EsDeeKid,91,146666,album,11,2025-06-20,True,https://i.scdn.co/image/ab67616d0000b2732940ac3a182dac2a5ec72249
2026-02-04,42,What You Saying,Lil Uzi Vert,90,131729,single,1,2025-12-22,False,https://i.scdn.co/image/ab67616d0000b27338b6341d4c2a56836a650165
2026-02-04,43,Cuando No Era Cantante - Remix,"El Bogueto, Anuel AA, Fuerza Regida, Yung Beef",91,327488,single,1,2025-12-10,True,https://i.scdn.co/image/ab67616d0000b27376ca2bb969e79a911090df63
2026-02-04,44,dopamina,"Peso Pluma, Tito Double P",90,185326,album,15,2025-12-25,True,https://i.scdn.co/image/ab67616d0000b273a9e6a250ea86a8f387873ef9
2026-02-04,45,Opalite,Taylor Swift,92,235355,album,12,2025-10-03,False,https://i.scdn.co/image/ab67616d0000b273d7812467811a7da6e6a44902
2026-02-04,46,Locked out of Heaven,Bruno Mars,58,233653,album,10,2012-12-05,False,https://i.scdn.co/image/ab67616d0000b27349055dce3554e72e82082980
2026-02-04,47,Choosin' Texas,Ella Langley,90,232226,single,1,2025-10-17,False,https://i.scdn.co/image/ab67616d0000b27390958927fbba47a62c3e63f8
2026-02-04,48,LA VILLA,"Ryan Castro, Kapo, Gangsta",84,192111,album,13,2025-10-23,True,https://i.scdn.co/image/ab67616d0000b2734f0b5d2c8e5f6b86fcd73ca9
2026-02-04,49,VeLDÁ,"Bad Bunny, Omar Courtz, Dei V",89,235336,album,17,2025-01-05,True,https://i.scdn.co/image/ab67616d0000b273bbd45c8d36e0e045ef640411
2026-02-04,50,Sparks,Coldplay,91,227093,album,10,2000-07-10,False,https://i.scdn.co/image/ab67616d0000b2739164bafe9aaa168d93f4816a
2026-02-05,1,End of Beginning,Djo,100,159245,album,13,2022-09-16,False,https://i.scdn.co/image/ab67616d0000b273fddfffec51b4580acae727c1
2026-02-05,2,DtMF,Bad Bunny,93,237117,album,17,2025-01-05,True,https://i.scdn.co/image/ab67616d0000b273bbd45c8d36e0e045ef640411
2026-02-05,3,Man I Need,Olivia Dean,97,184000,single,3,2025-08-15,False,https://i.scdn.co/image/ab67616d0000b273e3d69e17dde129037a1f09e2
2026-02-05,4,The Fate of Ophelia,Taylor Swift,98,226073,album,12,2025-10-03,False,https://i.scdn.co/image/ab67616d0000b273d7812467811a7da6e6a44902
2026-02-05,5,back to friends,sombr,93,199032,album,10,2025-08-22,False,https://i.scdn.co/image/ab67616d0000b273d2eb391e0b3c3bc21c127db6
2026-02-05,6,BAILE INoLVIDABLE,Bad Bunny,93,367725,album,17,2025-01-05,True,https://i.scdn.co/image/ab67616d0000b273bbd45c8d36e0e045ef640411
2026-02-05,7,So Easy (To Fall In Love),Olivia Dean,96,169000,album,12,2025-09-26,False,https://i.scdn.co/image/ab67616d0000b2739a336bfb6d40bbd90a507417
2026-02-05,8,WHERE IS MY HUSBAND!,RAYE,96,196795,single,1,2025-09-19,False,https://i.scdn.co/image/ab67616d0000b2737cc8cee5c81409833e540974
2026-02-05,9,Golden,"HUNTR/X, EJAE, AUDREY NUNA, REI AMI, KPop Demon Hunters Cast",96,194607,album,12,2025-06-20,False,https://i.scdn.co/image/ab67616d0000b2734dcb6c5df15cf74596ab25a4
2026-02-05,10,NUEVAYoL,Bad Bunny,91,183685,album,17,2025-01-05,False,https://i.scdn.co/image/ab67616d0000b273bbd45c8d36e0e045ef640411
2026-02-05,11,Ordinary,Alex Warren,91,186964,album,11,2024-09-26,False,https://i.scdn.co/image/ab67616d0000b27342fe69c0e7e5c92f01ece8ce
2026-02-05,12,I Just Might,Bruno Mars,95,212973,single,1,2026-01-09,False,https://i.scdn.co/image/ab67616d0000b273e2887a1b6b98fc6c73bab12b
2026-02-05,13,WILDFLOWER,Billie Eilish,92,261466,album,10,2024-05-17,False,https://i.scdn.co/image/ab67616d0000b27371d62ea7ea8a5be92d3c1f62
2026-02-05,14,Lush Life,Zara Larsson,1,201122,single,1,2015-06-09,False,https://i.scdn.co/image/ab67616d0000b2736eaa0691ac9d790b41d21a91
2026-02-05,15,Die On This Hill,SIENNA SPIRO,94,217008,single,4,2025-10-10,False,https://i.scdn.co/image/ab67616d0000b273ec4833919808083d733ca9af
2026-02-05,16,Raindance (feat. Tems),"Dave, Tems",94,219743,album,10,2025-10-23,True,https://i.scdn.co/image/ab67616d0000b273fecaa7826bb0cbe139a8cb83
2026-02-05,17,BIRDS OF A FEATHER,Billie Eilish,94,210373,album,10,2024-05-17,False,https://i.scdn.co/image/ab67616d0000b27371d62ea7ea8a5be92d3c1f62
2026-02-05,18,Die With A Smile,"Lady Gaga, Bruno Mars",91,251667,single,1,2024-08-16,False,https://i.scdn.co/image/ab67616d0000b27382ea2e9e1858aa012c57cd45
2026-02-05,19,Every Breath You Take,The Police,94,253920,album,11,1983-06-17,False,https://i.scdn.co/image/ab67616d0000b273c8e97cafeb2acb85b21a777e
2026-02-05,20,EoO,Bad Bunny,90,204768,album,17,2025-01-05,True,https://i.scdn.co/image/ab67616d0000b273bbd45c8d36e0e045ef640411
2026-02-05,21,Aperture,Harry Styles,92,311733,single,1,2026-01-22,False,https://i.scdn.co/image/ab67616d0000b2736b10b937d94f055f8890cb62
2026-02-05,22,VOY A LLeVARTE PA PR,Bad Bunny,89,156364,album,17,2025-01-05,True,https://i.scdn.co/image/ab67616d0000b273bbd45c8d36e0e045ef640411
2026-02-05,23,Iris,The Goo Goo Dolls,93,289533,album,13,1998-01-01,False,https://i.scdn.co/image/ab67616d0000b273eda9478c39a21e1cdc6609ca
2026-02-05,24,The Great Divide,Noah Kahan,84,317961,single,1,2026-01-30,True,https://i.scdn.co/image/ab67616d0000b273a47374027a9f559917ba66ba
2026-02-05,25,I Thought I Saw Your Face Today,She & Him,93,170333,album,13,2008-03-18,False,https://i.scdn.co/image/ab67616d0000b273a47c6d8a934b4833c0916cc9
2026-02-05,26,Sailor Song,Gigi Perez,87,211978,single,1,2024-07-26,False,https://i.scdn.co/image/ab67616d0000b273e6065f209e0a01986206bd53
2026-02-05,27,Manchild,Sabrina Carpenter,87,213645,album,12,2025-08-29,True,https://i.scdn.co/image/ab67616d0000b273b1863bf95557ea7f357c4947
2026-02-05,28,Love Me Not,Ravyn Lenae,89,213466,album,11,2024-08-09,False,https://i.scdn.co/image/ab67616d0000b273ef985ba96e76a9574cc68a30
2026-02-05,29,Stateside + Zara Larsson,"PinkPantheress, Zara Larsson",90,184761,album,31,2025-10-10,False,https://i.scdn.co/image/ab67616d0000b2738c2de5de3e20fa408171f517
2026-02-05,30,12 to 12,sombr,90,242903,album,10,2025-08-22,False,https://i.scdn.co/image/ab67616d0000b273d2eb391e0b3c3bc21c127db6
2026-02-05,31,Sweater Weather,The Neighbourhood,92,240400,album,11,2013-04-22,False,https://i.scdn.co/image/ab67616d0000b2738265a736a1eb838ad5a0b921
2026-02-05,32,Gabriela,KATSEYE,93,197226,single,2,2025-06-20,False,https://i.scdn.co/image/ab67616d0000b273f8d4d00ffe09373efb13ce29
2026-02-05,33,Sparks,Coldplay,91,227093,album,10,2000-07-10,False,https://i.scdn.co/image/ab67616d0000b2739164bafe9aaa168d93f4816a
2026-02-05,34,Creep,Radiohead,92,238640,album,12,1993-02-22,True,https://i.scdn.co/image/ab67616d0000b273ec548c00d3ac2f10be73366d
2026-02-05,35,Yellow,Coldplay,91,266773,album,10,2000-07-10,False,https://i.scdn.co/image/ab67616d0000b2739164bafe9aaa168d93f4816a
2026-02-05,36,Locked out of Heaven,Bruno Mars,58,233653,album,10,2012-12-05,False,https://i.scdn.co/image/ab67616d0000b27349055dce3554e72e82082980
2026-02-05,37,No Broke Boys,"Disco Lines, Tinashe",93,163994,single,1,2025-06-06,True,https://i.scdn.co/image/ab67616d0000b2735dcede7ece7b2cb72cee4eee
2026-02-05,38,Cuando No Era Cantante - Remix,"El Bogueto, Anuel AA, Fuerza Regida, Yung Beef",91,327488,single,1,2025-12-10,True,https://i.scdn.co/image/ab67616d0000b27376ca2bb969e79a911090df63
2026-02-05,39,LA CANCIÓN,"J Balvin, Bad Bunny",89,242573,album,8,2019-06-28,False,https://i.scdn.co/image/ab67616d0000b2734891d9b25d8919448388f3bb
2026-02-05,40,VeLDÁ,"Bad Bunny, Omar Courtz, Dei V",89,235336,album,17,2025-01-05,True,https://i.scdn.co/image/ab67616d0000b273bbd45c8d36e0e045ef640411
2026-02-05,41,"One Of The Girls (with JENNIE, Lily Rose Depp)","The Weeknd, JENNIE, Lily-Rose Depp",92,244684,single,3,2023-06-23,False,https://i.scdn.co/image/ab67616d0000b273b0dd6a5cd1dec96c4119c262
2026-02-05,42,Don’t Say You Love Me,Jin,86,180716,album,7,2025-05-16,False,https://i.scdn.co/image/ab67616d0000b27389228504f700641956e29f5d
2026-02-05,43,Opalite,Taylor Swift,92,235355,album,12,2025-10-03,False,https://i.scdn.co/image/ab67616d0000b273d7812467811a7da6e6a44902
2026-02-05,44,No One Noticed,The Marías,90,236906,album,14,2024-05-31,False,https://i.scdn.co/image/ab67616d0000b273b19ac38a59cddd80da3cedcb
2026-02-05,45,luther (with sza),"Kendrick Lamar, SZA",85,177598,album,12,2024-11-21,False,https://i.scdn.co/image/ab67616d0000b27309d6ed214f03fbb663e46531
2026-02-05,46,Body,Don Toliver,81,155753,album,18,2026-01-30,True,https://i.scdn.co/image/ab67616d0000b27322d78c55313a187559efd93b
2026-02-05,47,That's What I Like,Bruno Mars,92,206693,album,9,2016-11-17,False,https://i.scdn.co/image/ab67616d0000b273232711f7d66a1e19e89e28c5
2026-02-05,48,DAISIES,Justin Bieber,89,176453,album,21,2025-07-11,False,https://i.scdn.co/image/ab67616d0000b273d65c4773bc5061fd27facc5b
2026-02-05,49,One Dance,"Drake, Wizkid, Kyla",91,173986,album,20,2016-05-06,False,https://i.scdn.co/image/ab67616d0000b2739416ed64daf84936d89e671c
2026-02-05,50,What You Saying,Lil Uzi Vert,90,131729,single,1,2025-12-22,False,https://i.scdn.co/image/ab67616d0000b27338b6341d4c2a56836a650165
2026-02-06,1,DtMF,Bad Bunny,93,237117,album,17,2025-01-05,True,https://i.scdn.co/image/ab67616d0000b273bbd45c8d36e0e045ef640411
2026-02-06,2,Man I Need,Olivia Dean,97,184000,single,3,2025-08-15,False,https://i.scdn.co/image/ab67616d0000b273e3d69e17dde129037a1f09e2
2026-02-06,3,End of Beginning,Djo,100,159245,album,13,2022-09-16,False,https://i.scdn.co/image/ab67616d0000b273fddfffec51b4580acae727c1
2026-02-06,4,The Fate of Ophelia,Taylor Swift,98,226073,album,12,2025-10-03,False,https://i.scdn.co/image/ab67616d0000b273d7812467811a7da6e6a44902
2026-02-06,5,back to friends,sombr,93,199032,album,10,2025-08-22,False,https://i.scdn.co/image/ab67616d0000b2734229702de91cb3d3a4383302
2026-02-06,6,So Easy (To Fall In Love),Olivia Dean,96,169000,album,12,2025-09-26,False,https://i.scdn.co/image/ab67616d0000b2739a336bfb6d40bbd90a507417
2026-02-06,7,BAILE INoLVIDABLE,Bad Bunny,93,367725,album,17,2025-01-05,True,https://i.scdn.co/image/ab67616d0000b273bbd45c8d36e0e045ef640411
2026-02-06,8,Ordinary,Alex Warren,91,186964,album,11,2024-09-26,False,https://i.scdn.co/image/ab67616d0000b27342fe69c0e7e5c92f01ece8ce
2026-02-06,9,WHERE IS MY HUSBAND!,RAYE,96,196795,single,1,2025-09-19,False,https://i.scdn.co/image/ab67616d0000b2737cc8cee5c81409833e540974
2026-02-06,10,BIRDS OF A FEATHER,Billie Eilish,94,210373,album,10,2024-05-17,False,https://i.scdn.co/image/ab67616d0000b27371d62ea7ea8a5be92d3c1f62
2026-02-06,11,WILDFLOWER,Billie Eilish,92,261466,album,10,2024-05-17,False,https://i.scdn.co/image/ab67616d0000b27371d62ea7ea8a5be92d3c1f62
2026-02-06,12,NUEVAYoL,Bad Bunny,91,183685,album,17,2025-01-05,False,https://i.scdn.co/image/ab67616d0000b273bbd45c8d36e0e045ef640411
2026-02-06,13,Golden,"HUNTR/X, EJAE, AUDREY NUNA, REI AMI, KPop Demon Hunters Cast",96,194607,album,12,2025-06-20,False,https://i.scdn.co/image/ab67616d0000b2734dcb6c5df15cf74596ab25a4
2026-02-06,14,I Just Might,Bruno Mars,95,212973,single,1,2026-01-09,False,https://i.scdn.co/image/ab67616d0000b273e2887a1b6b98fc6c73bab12b
2026-02-06,15,Die On This Hill,SIENNA SPIRO,94,217008,single,4,2025-10-10,False,https://i.scdn.co/image/ab67616d0000b273ec4833919808083d733ca9af
2026-02-06,16,Die With A Smile,"Lady Gaga, Bruno Mars",91,251667,single,1,2024-08-16,False,https://i.scdn.co/image/ab67616d0000b27382ea2e9e1858aa012c57cd45
2026-02-06,17,Raindance (feat. Tems),"Dave, Tems",94,219743,album,10,2025-10-23,True,https://i.scdn.co/image/ab67616d0000b273fecaa7826bb0cbe139a8cb83
2026-02-06,18,Lush Life,Zara Larsson,1,201122,single,1,2015-06-09,False,https://i.scdn.co/image/ab67616d0000b2736eaa0691ac9d790b41d21a91
2026-02-06,19,EoO,Bad Bunny,91,204768,album,17,2025-01-05,True,https://i.scdn.co/image/ab67616d0000b273bbd45c8d36e0e045ef640411
2026-02-06,20,Manchild,Sabrina Carpenter,87,213645,album,12,2025-08-29,True,https://i.scdn.co/image/ab67616d0000b273b1863bf95557ea7f357c4947
2026-02-06,21,DAISIES,Justin Bieber,90,176453,album,21,2025-07-11,False,https://i.scdn.co/image/ab67616d0000b273d65c4773bc5061fd27facc5b
2026-02-06,22,I Thought I Saw Your Face Today,She & Him,93,170333,album,13,2008-03-18,False,https://i.scdn.co/image/ab67616d0000b273a47c6d8a934b4833c0916cc9
2026-02-06,23,VOY A LLeVARTE PA PR,Bad Bunny,90,156364,album,17,2025-01-05,True,https://i.scdn.co/image/ab67616d0000b273bbd45c8d36e0e045ef640411
2026-02-06,24,Aperture,Harry Styles,92,311733,single,1,2026-01-22,False,https://i.scdn.co/image/ab67616d0000b2736b10b937d94f055f8890cb62
2026-02-06,25,12 to 12,sombr,90,242903,album,10,2025-08-22,False,https://i.scdn.co/image/ab67616d0000b2734229702de91cb3d3a4383302
2026-02-06,26,The Great Divide,Noah Kahan,85,317961,single,1,2026-01-30,True,https://i.scdn.co/image/ab67616d0000b273a47374027a9f559917ba66ba
2026-02-06,27,Iris,The Goo Goo Dolls,93,289533,album,13,1998-01-01,False,https://i.scdn.co/image/ab67616d0000b273eda9478c39a21e1cdc6609ca
2026-02-06,28,LA CANCIÓN,"J Balvin, Bad Bunny",89,242573,album,8,2019-06-28,False,https://i.scdn.co/image/ab67616d0000b2734891d9b25d8919448388f3bb
2026-02-06,29,Every Breath You Take,The Police,94,253920,album,11,1983-06-17,False,https://i.scdn.co/image/ab67616d0000b273c8e97cafeb2acb85b21a777e
2026-02-06,30,luther (with sza),"Kendrick Lamar, SZA",86,177598,album,12,2024-11-21,False,https://i.scdn.co/image/ab67616d0000b27309d6ed214f03fbb663e46531
2026-02-06,31,Stateside + Zara Larsson,"PinkPantheress, Zara Larsson",90,184761,album,31,2025-10-10,False,https://i.scdn.co/image/ab67616d0000b2738c2de5de3e20fa408171f517
2026-02-06,32,Love Me Not,Ravyn Lenae,89,213466,album,11,2024-08-09,False,https://i.scdn.co/image/ab67616d0000b273ef985ba96e76a9574cc68a30
2026-02-06,33,Sailor Song,Gigi Perez,87,211978,single,1,2024-07-26,False,https://i.scdn.co/image/ab67616d0000b273e6065f209e0a01986206bd53
2026-02-06,34,No One Noticed,The Marías,90,236906,album,14,2024-05-31,False,https://i.scdn.co/image/ab67616d0000b273b19ac38a59cddd80da3cedcb
2026-02-06,35,Qué Pasaría...,"Rauw Alejandro, Bad Bunny",87,191018,album,18,2024-11-15,True,https://i.scdn.co/image/ab67616d0000b273a6224f2f93c0ab4b2e01b44b
2026-02-06,36,VeLDÁ,"Bad Bunny, Omar Courtz, Dei V",89,235336,album,17,2025-01-05,True,https://i.scdn.co/image/ab67616d0000b273bbd45c8d36e0e045ef640411
2026-02-06,37,Sweater Weather,The Neighbourhood,92,240400,album,11,2013-04-22,False,https://i.scdn.co/image/ab67616d0000b2738265a736a1eb838ad5a0b921
2026-02-06,38,Gabriela,KATSEYE,93,197226,single,2,2025-06-20,False,https://i.scdn.co/image/ab67616d0000b273f8d4d00ffe09373efb13ce29
2026-02-06,39,Creep,Radiohead,92,238640,album,12,1993-02-22,True,https://i.scdn.co/image/ab67616d0000b273ec548c00d3ac2f10be73366d
2026-02-06,40,Sparks,Coldplay,91,227093,album,10,2000-07-10,False,https://i.scdn.co/image/ab67616d0000b2739164bafe9aaa168d93f4816a
2026-02-06,41,Yellow,Coldplay,91,266773,album,10,2000-07-10,False,https://i.scdn.co/image/ab67616d0000b2739164bafe9aaa168d93f4816a
2026-02-06,42,No Broke Boys,"Disco Lines, Tinashe",93,163994,single,1,2025-06-06,True,https://i.scdn.co/image/ab67616d0000b2735dcede7ece7b2cb72cee4eee
2026-02-06,43,Beautiful Things,Benson Boone,88,180304,album,15,2024-04-05,False,https://i.scdn.co/image/ab67616d0000b273cc04ff3e70e146ba9abacf40
2026-02-06,44,Cuando No Era Cantante - Remix,"El Bogueto, Anuel AA, Fuerza Regida, Yung Beef",91,327488,single,1,2025-12-10,True,https://i.scdn.co/image/ab67616d0000b27376ca2bb969e79a911090df63
2026-02-06,45,"One Of The Girls (with JENNIE, Lily Rose Depp)","The Weeknd, JENNIE, Lily-Rose Depp",92,244684,single,3,2023-06-23,False,https://i.scdn.co/image/ab67616d0000b273b0dd6a5cd1dec96c4119c262
2026-02-06,46,Nice To Each Other,Olivia Dean,89,209000,single,1,2025-05-30,False,https://i.scdn.co/image/ab67616d0000b273a9e75099d7065c71cc7ede72
2026-02-06,47,Don’t Say You Love Me,Jin,86,180716,album,7,2025-05-16,False,https://i.scdn.co/image/ab67616d0000b27389228504f700641956e29f5d
2026-02-06,48,Body,Don Toliver,82,155753,album,18,2026-01-30,True,https://i.scdn.co/image/ab67616d0000b27322d78c55313a187559efd93b
2026-02-06,49,That's What I Like,Bruno Mars,92,206693,album,9,2016-11-17,False,https://i.scdn.co/image/ab67616d0000b273232711f7d66a1e19e89e28c5
2026-02-06,50,Lose Control,Teddy Swims,89,210688,album,10,2023-09-15,False,https://i.scdn.co/image/ab67616d0000b2731a0323cc23419360a34a3ace
2026-02-07,1,DtMF,Bad Bunny,94,237117,album,17,2025-01-05,True,https://i.scdn.co/image/ab67616d0000b273bbd45c8d36e0e045ef640411
2026-02-07,2,End of Beginning,Djo,100,159245,album,13,2022-09-16,False,https://i.scdn.co/image/ab67616d0000b273fddfffec51b4580acae727c1
2026-02-07,3,Man I Need,Olivia Dean,97,184000,single,3,2025-08-15,False,https://i.scdn.co/image/ab67616d0000b273e3d69e17dde129037a1f09e2
2026-02-07,4,The Fate of Ophelia,Taylor Swift,98,226073,album,12,2025-10-03,False,https://i.scdn.co/image/ab67616d0000b273d7812467811a7da6e6a44902
2026-02-07,5,back to friends,sombr,93,199032,album,10,2025-08-22,False,https://i.scdn.co/image/ab67616d0000b2734229702de91cb3d3a4383302
2026-02-07,6,So Easy (To Fall In Love),Olivia Dean,96,169000,album,12,2025-09-26,False,https://i.scdn.co/image/ab67616d0000b2739a336bfb6d40bbd90a507417
2026-02-07,7,BAILE INoLVIDABLE,Bad Bunny,94,367725,album,17,2025-01-05,True,https://i.scdn.co/image/ab67616d0000b273bbd45c8d36e0e045ef640411
2026-02-07,8,Ordinary,Alex Warren,91,186964,album,11,2024-09-26,False,https://i.scdn.co/image/ab67616d0000b27342fe69c0e7e5c92f01ece8ce
2026-02-07,9,WHERE IS MY HUSBAND!,RAYE,96,196795,single,1,2025-09-19,False,https://i.scdn.co/image/ab67616d0000b2737cc8cee5c81409833e540974
2026-02-07,10,NUEVAYoL,Bad Bunny,92,183685,album,17,2025-01-05,False,https://i.scdn.co/image/ab67616d0000b273bbd45c8d36e0e045ef640411
2026-02-07,11,Golden,"HUNTR/X, EJAE, AUDREY NUNA, REI AMI, KPop Demon Hunters Cast",96,194607,album,12,2025-06-20,False,https://i.scdn.co/image/ab67616d0000b2734dcb6c5df15cf74596ab25a4
2026-02-07,12,Lush Life,Zara Larsson,1,201122,single,1,2015-06-09,False,https://i.scdn.co/image/ab67616d0000b2736eaa0691ac9d790b41d21a91
2026-02-07,13,I Just Might,Bruno Mars,95,212973,single,1,2026-01-09,False,https://i.scdn.co/image/ab67616d0000b273e2887a1b6b98fc6c73bab12b
2026-02-07,14,Die On This Hill,SIENNA SPIRO,94,217008,single,4,2025-10-10,False,https://i.scdn.co/image/ab67616d0000b273ec4833919808083d733ca9af
2026-02-07,15,WILDFLOWER,Billie Eilish,93,261466,album,10,2024-05-17,False,https://i.scdn.co/image/ab67616d0000b27371d62ea7ea8a5be92d3c1f62
2026-02-07,16,Raindance (feat. Tems),"Dave, Tems",94,219743,album,10,2025-10-23,True,https://i.scdn.co/image/ab67616d0000b273fecaa7826bb0cbe139a8cb83
2026-02-07,17,Die With A Smile,"Lady Gaga, Bruno Mars",91,251667,single,1,2024-08-16,False,https://i.scdn.co/image/ab67616d0000b27382ea2e9e1858aa012c57cd45
2026-02-07,18,EoO,Bad Bunny,91,204768,album,17,2025-01-05,True,https://i.scdn.co/image/ab67616d0000b273bbd45c8d36e0e045ef640411
2026-02-07,19,Manchild,Sabrina Carpenter,87,213645,album,12,2025-08-29,True,https://i.scdn.co/image/ab67616d0000b273b1863bf95557ea7f357c4947
2026-02-07,20,BIRDS OF A FEATHER,Billie Eilish,94,210373,album,10,2024-05-17,False,https://i.scdn.co/image/ab67616d0000b27371d62ea7ea8a5be92d3c1f62
2026-02-07,21,12 to 12,sombr,90,242903,album,10,2025-08-22,False,https://i.scdn.co/image/ab67616d0000b2734229702de91cb3d3a4383302
2026-02-07,22,VOY A LLeVARTE PA PR,Bad Bunny,90,156364,album,17,2025-01-05,True,https://i.scdn.co/image/ab67616d0000b273bbd45c8d36e0e045ef640411
2026-02-07,23,I Thought I Saw Your Face Today,She & Him,93,170333,album,13,2008-03-18,False,https://i.scdn.co/image/ab67616d0000b273a47c6d8a934b4833c0916cc9
2026-02-07,24,Iris,The Goo Goo Dolls,93,289533,album,13,1998-01-01,False,https://i.scdn.co/image/ab67616d0000b273eda9478c39a21e1cdc6609ca
2026-02-07,25,Aperture,Harry Styles,92,311733,single,1,2026-01-22,False,https://i.scdn.co/image/ab67616d0000b2736b10b937d94f055f8890cb62
2026-02-07,26,Sailor Song,Gigi Perez,87,211978,single,1,2024-07-26,False,https://i.scdn.co/image/ab67616d0000b273e6065f209e0a01986206bd53
2026-02-07,27,Stateside + Zara Larsson,"PinkPantheress, Zara Larsson",90,184761,album,31,2025-10-10,False,https://i.scdn.co/image/ab67616d0000b2738c2de5de3e20fa408171f517
2026-02-07,28,Every Breath You Take,The Police,94,253920,album,11,1983-06-17,False,https://i.scdn.co/image/ab67616d0000b273c8e97cafeb2acb85b21a777e
2026-02-07,29,Love Me Not,Ravyn Lenae,89,213466,album,11,2024-08-09,False,https://i.scdn.co/image/ab67616d0000b273ef985ba96e76a9574cc68a30
2026-02-07,30,The Great Divide,Noah Kahan,86,317961,single,1,2026-01-30,True,https://i.scdn.co/image/ab67616d0000b273a47374027a9f559917ba66ba
2026-02-07,31,DAISIES,Justin Bieber,90,176453,album,21,2025-07-11,False,https://i.scdn.co/image/ab67616d0000b273d65c4773bc5061fd27facc5b
2026-02-07,32,VeLDÁ,"Bad Bunny, Omar Courtz, Dei V",89,235336,album,17,2025-01-05,True,https://i.scdn.co/image/ab67616d0000b273bbd45c8d36e0e045ef640411
2026-02-07,33,LA CANCIÓN,"J Balvin, Bad Bunny",89,242573,album,8,2019-06-28,False,https://i.scdn.co/image/ab67616d0000b2734891d9b25d8919448388f3bb
2026-02-07,34,Gabriela,KATSEYE,93,197226,single,2,2025-06-20,False,https://i.scdn.co/image/ab67616d0000b273f8d4d00ffe09373efb13ce29
2026-02-07,35,Creep,Radiohead,92,238640,album,12,1993-02-22,True,https://i.scdn.co/image/ab67616d0000b273ec548c00d3ac2f10be73366d
2026-02-07,36,No Broke Boys,"Disco Lines, Tinashe",93,163994,single,1,2025-06-06,True,https://i.scdn.co/image/ab67616d0000b273699b0363dda94e1f1e32eef5
2026-02-07,37,Qué Pasaría...,"Rauw Alejandro, Bad Bunny",88,191018,album,18,2024-11-15,True,https://i.scdn.co/image/ab67616d0000b273a6224f2f93c0ab4b2e01b44b
2026-02-07,38,Sweater Weather,The Neighbourhood,92,240400,album,11,2013-04-22,False,https://i.scdn.co/image/ab67616d0000b2738265a736a1eb838ad5a0b921
2026-02-07,39,Opalite,Taylor Swift,92,235355,album,12,2025-10-03,False,https://i.scdn.co/image/ab67616d0000b273d7812467811a7da6e6a44902
2026-02-07,40,Beautiful Things,Benson Boone,88,180304,album,15,2024-04-05,False,https://i.scdn.co/image/ab67616d0000b273cc04ff3e70e146ba9abacf40
2026-02-07,41,"One Of The Girls (with JENNIE, Lily Rose Depp)","The Weeknd, JENNIE, Lily-Rose Depp",92,244684,single,3,2023-06-23,False,https://i.scdn.co/image/ab67616d0000b273b0dd6a5cd1dec96c4119c262
2026-02-07,42,That's What I Like,Bruno Mars,92,206693,album,9,2016-11-18,False,https://i.scdn.co/image/ab67616d0000b273232711f7d66a1e19e89e28c5
2026-02-07,43,luther (with sza),"Kendrick Lamar, SZA",86,177598,album,12,2024-11-21,False,https://i.scdn.co/image/ab67616d0000b27309d6ed214f03fbb663e46531
2026-02-07,44,Cuando No Era Cantante - Remix,"El Bogueto, Anuel AA, Fuerza Regida, Yung Beef",91,327488,single,1,2025-12-10,True,https://i.scdn.co/image/ab67616d0000b27376ca2bb969e79a911090df63
2026-02-07,45,Cuando No Era Cantante,"El Bogueto, Yung Beef",90,211084,album,23,2024-09-26,True,https://i.scdn.co/image/ab67616d0000b27315110c9ad66e065592cc3496
2026-02-07,46,Body,Don Toliver,83,155753,album,18,2026-01-30,True,https://i.scdn.co/image/ab67616d0000b27322d78c55313a187559efd93b
2026-02-07,47,Yellow,Coldplay,91,266773,album,10,2000-07-10,False,https://i.scdn.co/image/ab67616d0000b2739164bafe9aaa168d93f4816a
2026-02-07,48,Nice To Each Other,Olivia Dean,89,209000,single,1,2025-05-30,False,https://i.scdn.co/image/ab67616d0000b273a9e75099d7065c71cc7ede72
2026-02-07,49,Don’t Say You Love Me,Jin,86,180716,album,7,2025-05-16,False,https://i.scdn.co/image/ab67616d0000b27389228504f700641956e29f5d
2026-02-07,50,What You Saying,Lil Uzi Vert,91,131729,single,1,2025-12-22,False,https://i.scdn.co/image/ab67616d0000b27338b6341d4c2a56836a650165
2026-02-08,1,DtMF,Bad Bunny,94,237117,album,17,2025-01-05,True,https://i.scdn.co/image/ab67616d0000b273bbd45c8d36e0e045ef640411
2026-02-08,2,Opalite,Taylor Swift,92,235355,album,12,2025-10-03,False,https://i.scdn.co/image/ab67616d0000b273d7812467811a7da6e6a44902
2026-02-08,3,End of Beginning,Djo,100,159245,album,13,2022-09-16,False,https://i.scdn.co/image/ab67616d0000b273fddfffec51b4580acae727c1
2026-02-08,4,Man I Need,Olivia Dean,97,184000,single,3,2025-08-15,False,https://i.scdn.co/image/ab67616d0000b273e3d69e17dde129037a1f09e2
2026-02-08,5,The Fate of Ophelia,Taylor Swift,98,226073,album,12,2025-10-03,False,https://i.scdn.co/image/ab67616d0000b273d7812467811a7da6e6a44902
2026-02-08,6,BAILE INoLVIDABLE,Bad Bunny,94,367725,album,17,2025-01-05,True,https://i.scdn.co/image/ab67616d0000b273bbd45c8d36e0e045ef640411
2026-02-08,7,NUEVAYoL,Bad Bunny,92,183685,album,17,2025-01-05,False,https://i.scdn.co/image/ab67616d0000b273bbd45c8d36e0e045ef640411
2026-02-08,8,back to friends,sombr,93,199032,album,10,2025-08-22,False,https://i.scdn.co/image/ab67616d0000b2734229702de91cb3d3a4383302
2026-02-08,9,So Easy (To Fall In Love),Olivia Dean,96,169000,album,12,2025-09-26,False,https://i.scdn.co/image/ab67616d0000b2739a336bfb6d40bbd90a507417
2026-02-08,10,Ordinary,Alex Warren,91,186964,album,11,2024-09-26,False,https://i.scdn.co/image/ab67616d0000b27342fe69c0e7e5c92f01ece8ce
2026-02-08,11,WHERE IS MY HUSBAND!,RAYE,96,196795,single,1,2025-09-19,False,https://i.scdn.co/image/ab67616d0000b2737cc8cee5c81409833e540974
2026-02-08,12,Lush Life,Zara Larsson,1,201122,single,1,2015-06-09,False,https://i.scdn.co/image/ab67616d0000b2736eaa0691ac9d790b41d21a91
2026-02-08,13,Golden,"HUNTR/X, EJAE, AUDREY NUNA, REI AMI, KPop Demon Hunters Cast",96,194607,album,12,2025-06-20,False,https://i.scdn.co/image/ab67616d0000b2734dcb6c5df15cf74596ab25a4
2026-02-08,14,EoO,Bad Bunny,91,204768,album,17,2025-01-05,True,https://i.scdn.co/image/ab67616d0000b273bbd45c8d36e0e045ef640411
2026-02-08,15,Raindance (feat. Tems),"Dave, Tems",94,219743,album,10,2025-10-23,True,https://i.scdn.co/image/ab67616d0000b273fecaa7826bb0cbe139a8cb83
2026-02-08,16,Die On This Hill,SIENNA SPIRO,94,217008,single,4,2025-10-10,False,https://i.scdn.co/image/ab67616d0000b273ec4833919808083d733ca9af
2026-02-08,17,I Just Might,Bruno Mars,95,212973,single,1,2026-01-09,False,https://i.scdn.co/image/ab67616d0000b273e2887a1b6b98fc6c73bab12b
2026-02-08,18,BIRDS OF A FEATHER,Billie Eilish,94,210373,album,10,2024-05-17,False,https://i.scdn.co/image/ab67616d0000b27371d62ea7ea8a5be92d3c1f62
2026-02-08,19,WILDFLOWER,Billie Eilish,93,261466,album,10,2024-05-17,False,https://i.scdn.co/image/ab67616d0000b27371d62ea7ea8a5be92d3c1f62
2026-02-08,20,VOY A LLeVARTE PA PR,Bad Bunny,90,156364,album,17,2025-01-05,True,https://i.scdn.co/image/ab67616d0000b273bbd45c8d36e0e045ef640411
2026-02-08,21,Two Six,J. Cole,74,196080,album,24,2026-02-06,True,https://i.scdn.co/image/ab67616d0000b27380788f104c780412212e97e3
2026-02-08,22,Manchild,Sabrina Carpenter,87,213645,album,12,2025-08-29,True,https://i.scdn.co/image/ab67616d0000b273b1863bf95557ea7f357c4947
2026-02-08,23,Die With A Smile,"Lady Gaga, Bruno Mars",91,251667,single,1,2024-08-16,False,https://i.scdn.co/image/ab67616d0000b27382ea2e9e1858aa012c57cd45
2026-02-08,24,Every Breath You Take,The Police,94,253920,album,11,1983-06-17,False,https://i.scdn.co/image/ab67616d0000b273c8e97cafeb2acb85b21a777e
2026-02-08,25,Homewrecker,sombr,50,209066,single,1,2026-02-05,False,https://i.scdn.co/image/ab67616d0000b2731043eb41c9c8b1db0210c653
2026-02-08,26,Iris,The Goo Goo Dolls,93,289533,album,13,1998-01-01,False,https://i.scdn.co/image/ab67616d0000b273eda9478c39a21e1cdc6609ca
2026-02-08,27,Stateside + Zara Larsson,"PinkPantheress, Zara Larsson",91,184761,album,31,2025-10-10,False,https://i.scdn.co/image/ab67616d0000b2738c2de5de3e20fa408171f517
2026-02-08,28,LA CANCIÓN,"J Balvin, Bad Bunny",90,242573,album,8,2019-06-28,False,https://i.scdn.co/image/ab67616d0000b2734891d9b25d8919448388f3bb
2026-02-08,29,I Thought I Saw Your Face Today,She & Him,93,170333,album,13,2008-03-18,False,https://i.scdn.co/image/ab67616d0000b273a47c6d8a934b4833c0916cc9
2026-02-08,30,12 to 12,sombr,90,242903,album,10,2025-08-22,False,https://i.scdn.co/image/ab67616d0000b2734229702de91cb3d3a4383302
2026-02-08,31,Aperture,Harry Styles,93,311733,single,1,2026-01-22,False,https://i.scdn.co/image/ab67616d0000b2736b10b937d94f055f8890cb62
2026-02-08,32,Love Me Not,Ravyn Lenae,89,213466,album,11,2024-08-09,False,https://i.scdn.co/image/ab67616d0000b273ef985ba96e76a9574cc68a30
2026-02-08,33,Sailor Song,Gigi Perez,87,211978,single,1,2024-07-26,False,https://i.scdn.co/image/ab67616d0000b273e6065f209e0a01986206bd53
2026-02-08,34,Qué Pasaría...,"Rauw Alejandro, Bad Bunny",88,191018,album,18,2024-11-15,True,https://i.scdn.co/image/ab67616d0000b273a6224f2f93c0ab4b2e01b44b
2026-02-08,35,Gabriela,KATSEYE,93,197226,single,2,2025-06-20,False,https://i.scdn.co/image/ab67616d0000b273f8d4d00ffe09373efb13ce29
2026-02-08,36,SAFETY,J. Cole,72,318066,album,24,2026-02-06,True,https://i.scdn.co/image/ab67616d0000b27380788f104c780412212e97e3
2026-02-08,37,The Great Divide,Noah Kahan,86,317961,single,1,2026-01-30,True,https://i.scdn.co/image/ab67616d0000b273a47374027a9f559917ba66ba
2026-02-08,38,VeLDÁ,"Bad Bunny, Omar Courtz, Dei V",89,235336,album,17,2025-01-05,True,https://i.scdn.co/image/ab67616d0000b273bbd45c8d36e0e045ef640411
2026-02-08,39,No Broke Boys,"Disco Lines, Tinashe",93,163994,single,1,2025-06-06,True,https://i.scdn.co/image/ab67616d0000b273699b0363dda94e1f1e32eef5
2026-02-08,40,Sweater Weather,The Neighbourhood,92,240400,album,11,2013-04-22,False,https://i.scdn.co/image/ab67616d0000b2738265a736a1eb838ad5a0b921
2026-02-08,41,Cuando No Era Cantante - Remix,"El Bogueto, Anuel AA, Fuerza Regida, Yung Beef",91,327488,single,1,2025-12-10,True,https://i.scdn.co/image/ab67616d0000b27376ca2bb969e79a911090df63
2026-02-08,42,Creep,Radiohead,92,238640,album,12,1993-02-22,True,https://i.scdn.co/image/ab67616d0000b273ec548c00d3ac2f10be73366d
2026-02-08,43,One Dance,"Drake, Wizkid, Kyla",91,173986,album,20,2016-05-06,False,https://i.scdn.co/image/ab67616d0000b2739416ed64daf84936d89e671c
2026-02-08,44,Run A Train (with Future),"J. Cole, Future",71,242573,album,24,2026-02-06,True,https://i.scdn.co/image/ab67616d0000b27380788f104c780412212e97e3
2026-02-08,45,Poor Thang,J. Cole,71,290346,album,24,2026-02-06,True,https://i.scdn.co/image/ab67616d0000b27380788f104c780412212e97e3
2026-02-08,46,"One Of The Girls (with JENNIE, Lily Rose Depp)","The Weeknd, JENNIE, Lily-Rose Depp",92,244684,single,3,2023-06-23,False,https://i.scdn.co/image/ab67616d0000b273b0dd6a5cd1dec96c4119c262
2026-02-08,47,Dracula - JENNIE Remix,"Tame Impala, JENNIE",51,209720,single,2,2026-02-06,True,https://i.scdn.co/image/ab67616d0000b273c7c031ce9d06b131f8563676
2026-02-08,48,Espresso,Sabrina Carpenter,87,175459,album,12,2024-08-23,True,https://i.scdn.co/image/ab67616d0000b273fd8d7a8d96871e791cb1f626
2026-02-08,49,That's What I Like,Bruno Mars,92,206693,album,9,2016-11-18,False,https://i.scdn.co/image/ab67616d0000b273232711f7d66a1e19e89e28c5
2026-02-08,50,29 Intro,J. Cole,71,57733,album,24,2026-02-06,True,https://i.scdn.co/image/ab67616d0000b27380788f104c780412212e97e3
2026-02-09,1,DtMF,Bad Bunny,95,237117,album,17,2025-01-05,True,https://i.scdn.co/image/ab67616d0000b273bbd45c8d36e0e045ef640411
2026-02-09,2,End of Beginning,Djo,100,159245,album,13,2022-09-16,False,https://i.scdn.co/image/ab67616d0000b273fddfffec51b4580acae727c1
2026-02-09,3,The Fate of Ophelia,Taylor Swift,98,226073,album,12,2025-10-03,False,https://i.scdn.co/image/ab67616d0000b273d7812467811a7da6e6a44902
2026-02-09,4,Man I Need,Olivia Dean,97,184000,single,3,2025-08-15,False,https://i.scdn.co/image/ab67616d0000b273e3d69e17dde129037a1f09e2
2026-02-09,5,BAILE INoLVIDABLE,Bad Bunny,94,367725,album,17,2025-01-05,True,https://i.scdn.co/image/ab67616d0000b273bbd45c8d36e0e045ef640411
2026-02-09,6,Opalite,Taylor Swift,92,235355,album,12,2025-10-03,False,https://i.scdn.co/image/ab67616d0000b273d7812467811a7da6e6a44902
2026-02-09,7,NUEVAYoL,Bad Bunny,92,183685,album,17,2025-01-05,False,https://i.scdn.co/image/ab67616d0000b273bbd45c8d36e0e045ef640411
2026-02-09,8,back to friends,sombr,93,199032,album,10,2025-08-22,False,https://i.scdn.co/image/ab67616d0000b2734229702de91cb3d3a4383302
2026-02-09,9,Ordinary,Alex Warren,91,186964,album,11,2024-09-26,False,https://i.scdn.co/image/ab67616d0000b27342fe69c0e7e5c92f01ece8ce
2026-02-09,10,So Easy (To Fall In Love),Olivia Dean,96,169000,album,12,2025-09-26,False,https://i.scdn.co/image/ab67616d0000b2739a336bfb6d40bbd90a507417
2026-02-09,11,Golden,"HUNTR/X, EJAE, AUDREY NUNA, REI AMI, KPop Demon Hunters Cast",96,194607,album,12,2025-06-20,False,https://i.scdn.co/image/ab67616d0000b2734dcb6c5df15cf74596ab25a4
2026-02-09,12,WHERE IS MY HUSBAND!,RAYE,96,196795,single,1,2025-09-19,False,https://i.scdn.co/image/ab67616d0000b2737cc8cee5c81409833e540974
2026-02-09,13,Lush Life,Zara Larsson,1,201122,single,1,2015-06-09,False,https://i.scdn.co/image/ab67616d0000b2736eaa0691ac9d790b41d21a91
2026-02-09,14,EoO,Bad Bunny,91,204768,album,17,2025-01-05,True,https://i.scdn.co/image/ab67616d0000b273bbd45c8d36e0e045ef640411
2026-02-09,15,Raindance (feat. Tems),"Dave, Tems",94,219743,album,10,2025-10-23,True,https://i.scdn.co/image/ab67616d0000b273fecaa7826bb0cbe139a8cb83
2026-02-09,16,BIRDS OF A FEATHER,Billie Eilish,95,210373,album,10,2024-05-17,False,https://i.scdn.co/image/ab67616d0000b27371d62ea7ea8a5be92d3c1f62
2026-02-09,17,Die On This Hill,SIENNA SPIRO,94,217008,single,4,2025-10-10,False,https://i.scdn.co/image/ab67616d0000b273ec4833919808083d733ca9af
2026-02-09,18,VOY A LLeVARTE PA PR,Bad Bunny,91,156364,album,17,2025-01-05,True,https://i.scdn.co/image/ab67616d0000b273bbd45c8d36e0e045ef640411
2026-02-09,19,I Just Might,Bruno Mars,95,212973,single,1,2026-01-09,False,https://i.scdn.co/image/ab67616d0000b273e2887a1b6b98fc6c73bab12b
2026-02-09,20,WILDFLOWER,Billie Eilish,93,261466,album,10,2024-05-17,False,https://i.scdn.co/image/ab67616d0000b27371d62ea7ea8a5be92d3c1f62
2026-02-09,21,Die With A Smile,"Lady Gaga, Bruno Mars",91,251667,single,1,2024-08-16,False,https://i.scdn.co/image/ab67616d0000b27382ea2e9e1858aa012c57cd45
2026-02-09,22,Manchild,Sabrina Carpenter,88,213645,album,12,2025-08-29,True,https://i.scdn.co/image/ab67616d0000b273b1863bf95557ea7f357c4947
2026-02-09,23,LA CANCIÓN,"J Balvin, Bad Bunny",90,242573,album,8,2019-06-28,False,https://i.scdn.co/image/ab67616d0000b2734891d9b25d8919448388f3bb
2026-02-09,24,Every Breath You Take,The Police,94,253920,album,11,1983-06-17,False,https://i.scdn.co/image/ab67616d0000b273c8e97cafeb2acb85b21a777e
2026-02-09,25,I Thought I Saw Your Face Today,She & Him,93,170333,album,13,2008-03-18,False,https://i.scdn.co/image/ab67616d0000b273a47c6d8a934b4833c0916cc9
2026-02-09,26,Qué Pasaría...,"Rauw Alejandro, Bad Bunny",88,191018,album,18,2024-11-15,True,https://i.scdn.co/image/ab67616d0000b273a6224f2f93c0ab4b2e01b44b
2026-02-09,27,Iris,The Goo Goo Dolls,93,289533,album,13,1998-01-01,False,https://i.scdn.co/image/ab67616d0000b273eda9478c39a21e1cdc6609ca
2026-02-09,28,12 to 12,sombr,90,242903,album,10,2025-08-22,False,https://i.scdn.co/image/ab67616d0000b2734229702de91cb3d3a4383302
2026-02-09,29,Stateside + Zara Larsson,"PinkPantheress, Zara Larsson",91,184761,album,31,2025-10-10,False,https://i.scdn.co/image/ab67616d0000b2738c2de5de3e20fa408171f517
2026-02-09,30,Love Me Not,Ravyn Lenae,89,213466,album,11,2024-08-09,False,https://i.scdn.co/image/ab67616d0000b273ef985ba96e76a9574cc68a30
2026-02-09,31,Gabriela,KATSEYE,93,197226,single,2,2025-06-20,False,https://i.scdn.co/image/ab67616d0000b273f8d4d00ffe09373efb13ce29
2026-02-09,32,VeLDÁ,"Bad Bunny, Omar Courtz, Dei V",90,235336,album,17,2025-01-05,True,https://i.scdn.co/image/ab67616d0000b273bbd45c8d36e0e045ef640411
2026-02-09,33,Sailor Song,Gigi Perez,87,211978,single,1,2024-07-26,False,https://i.scdn.co/image/ab67616d0000b273e6065f209e0a01986206bd53
2026-02-09,34,Aperture,Harry Styles,93,311733,single,1,2026-01-22,False,https://i.scdn.co/image/ab67616d0000b2736b10b937d94f055f8890cb62
2026-02-09,35,No Broke Boys,"Disco Lines, Tinashe",93,163994,single,1,2025-06-06,True,https://i.scdn.co/image/ab67616d0000b273699b0363dda94e1f1e32eef5
2026-02-09,36,Cuando No Era Cantante - Remix,"El Bogueto, Anuel AA, Fuerza Regida, Yung Beef",91,327488,single,1,2025-12-10,True,https://i.scdn.co/image/ab67616d0000b27376ca2bb969e79a911090df63
2026-02-09,37,Sweater Weather,The Neighbourhood,92,240400,album,11,2013-04-22,False,https://i.scdn.co/image/ab67616d0000b2738265a736a1eb838ad5a0b921
2026-02-09,38,Espresso,Sabrina Carpenter,87,175459,album,12,2024-08-23,True,https://i.scdn.co/image/ab67616d0000b273fd8d7a8d96871e791cb1f626
2026-02-09,39,That's What I Like,Bruno Mars,92,206693,album,9,2016-11-18,False,https://i.scdn.co/image/ab67616d0000b273232711f7d66a1e19e89e28c5
2026-02-09,40,Creep,Radiohead,92,238640,album,12,1993-02-22,True,https://i.scdn.co/image/ab67616d0000b273ec548c00d3ac2f10be73366d
2026-02-09,41,One Dance,"Drake, Wizkid, Kyla",91,173986,album,20,2016-05-06,False,https://i.scdn.co/image/ab67616d0000b2739416ed64daf84936d89e671c
2026-02-09,42,dopamina,"Peso Pluma, Tito Double P",89,185326,album,15,2025-12-25,True,https://i.scdn.co/image/ab67616d0000b273a9e6a250ea86a8f387873ef9
2026-02-09,43,Beautiful Things,Benson Boone,88,180304,album,15,2024-04-05,False,https://i.scdn.co/image/ab67616d0000b273cc04ff3e70e146ba9abacf40
2026-02-09,44,Yellow,Coldplay,91,266773,album,10,2000-07-10,False,https://i.scdn.co/image/ab67616d0000b2739164bafe9aaa168d93f4816a
2026-02-09,45,"One Of The Girls (with JENNIE, Lily Rose Depp)","The Weeknd, JENNIE, Lily-Rose Depp",92,244684,single,3,2023-06-23,False,https://i.scdn.co/image/ab67616d0000b273b0dd6a5cd1dec96c4119c262
2026-02-09,46,DAISIES,Justin Bieber,90,176453,album,21,2025-07-11,False,https://i.scdn.co/image/ab67616d0000b273d65c4773bc5061fd27facc5b
2026-02-09,47,APT.,"ROSÉ, Bruno Mars",84,169917,album,12,2024-12-06,False,https://i.scdn.co/image/ab67616d0000b2735074bd0894cb1340b8d8a678
2026-02-09,48,LA VILLA,"Ryan Castro, Kapo, Gangsta",85,192111,album,13,2025-10-23,True,https://i.scdn.co/image/ab67616d0000b2734f0b5d2c8e5f6b86fcd73ca9
2026-02-09,49,Tití Me Preguntó,Bad Bunny,86,243716,album,23,2022-05-06,True,https://i.scdn.co/image/ab67616d0000b27349d694203245f241a1bcaa72
2026-02-09,50,Lose Control,Teddy Swims,89,210688,album,10,2023-09-15,False,https://i.scdn.co/image/ab67616d0000b2731a0323cc23419360a34a3ace
2026-02-10,1,DtMF,Bad Bunny,96,237117,album,17,2025-01-05,True,https://i.scdn.co/image/ab67616d0000b273bbd45c8d36e0e045ef640411
2026-02-10,2,BAILE INoLVIDABLE,Bad Bunny,95,367725,album,17,2025-01-05,True,https://i.scdn.co/image/ab67616d0000b273bbd45c8d36e0e045ef640411
2026-02-10,3,NUEVAYoL,Bad Bunny,93,183685,album,17,2025-01-05,False,https://i.scdn.co/image/ab67616d0000b273bbd45c8d36e0e045ef640411
2026-02-10,4,End of Beginning,Djo,100,159245,album,13,2022-09-16,False,https://i.scdn.co/image/ab67616d0000b273fddfffec51b4580acae727c1
2026-02-10,5,Man I Need,Olivia Dean,97,184000,single,3,2025-08-15,False,https://i.scdn.co/image/ab67616d0000b273e3d69e17dde129037a1f09e2
2026-02-10,6,The Fate of Ophelia,Taylor Swift,98,226073,album,12,2025-10-03,False,https://i.scdn.co/image/ab67616d0000b273d7812467811a7da6e6a44902
2026-02-10,7,EoO,Bad Bunny,92,204768,album,17,2025-01-05,True,https://i.scdn.co/image/ab67616d0000b273bbd45c8d36e0e045ef640411
2026-02-10,8,back to friends,sombr,93,199032,album,10,2025-08-22,False,https://i.scdn.co/image/ab67616d0000b2734229702de91cb3d3a4383302
2026-02-10,9,So Easy (To Fall In Love),Olivia Dean,96,169000,album,12,2025-09-26,False,https://i.scdn.co/image/ab67616d0000b2739a336bfb6d40bbd90a507417
2026-02-10,10,Opalite,Taylor Swift,92,235355,album,12,2025-10-03,False,https://i.scdn.co/image/ab67616d0000b273d7812467811a7da6e6a44902
2026-02-10,11,Ordinary,Alex Warren,91,186964,album,11,2024-09-26,False,https://i.scdn.co/image/ab67616d0000b27342fe69c0e7e5c92f01ece8ce
2026-02-10,12,Golden,"HUNTR/X, EJAE, AUDREY NUNA, REI AMI, KPop Demon Hunters Cast",96,194607,album,12,2025-06-20,False,https://i.scdn.co/image/ab67616d0000b2734dcb6c5df15cf74596ab25a4
2026-02-10,13,WHERE IS MY HUSBAND!,RAYE,96,196795,single,1,2025-09-19,False,https://i.scdn.co/image/ab67616d0000b2737cc8cee5c81409833e540974
2026-02-10,14,Lush Life,Zara Larsson,1,201122,single,1,2015-06-09,False,https://i.scdn.co/image/ab67616d0000b2736eaa0691ac9d790b41d21a91
2026-02-10,15,VOY A LLeVARTE PA PR,Bad Bunny,91,156364,album,17,2025-01-05,True,https://i.scdn.co/image/ab67616d0000b273bbd45c8d36e0e045ef640411
2026-02-10,16,LA CANCIÓN,"J Balvin, Bad Bunny",90,242573,album,8,2019-06-28,False,https://i.scdn.co/image/ab67616d0000b2734891d9b25d8919448388f3bb
2026-02-10,17,Die On This Hill,SIENNA SPIRO,94,217008,single,4,2025-10-10,False,https://i.scdn.co/image/ab67616d0000b273ec4833919808083d733ca9af
2026-02-10,18,Raindance (feat. Tems),"Dave, Tems",94,219743,album,10,2025-10-23,True,https://i.scdn.co/image/ab67616d0000b273fecaa7826bb0cbe139a8cb83
2026-02-10,19,BIRDS OF A FEATHER,Billie Eilish,95,210373,album,10,2024-05-17,False,https://i.scdn.co/image/ab67616d0000b27371d62ea7ea8a5be92d3c1f62
2026-02-10,20,Qué Pasaría...,"Rauw Alejandro, Bad Bunny",89,191018,album,18,2024-11-15,True,https://i.scdn.co/image/ab67616d0000b273a6224f2f93c0ab4b2e01b44b
2026-02-10,21,I Thought I Saw Your Face Today,She & Him,93,170333,album,13,2008-03-18,False,https://i.scdn.co/image/ab67616d0000b273a47c6d8a934b4833c0916cc9
2026-02-10,22,I Just Might,Bruno Mars,95,212973,single,1,2026-01-09,False,https://i.scdn.co/image/ab67616d0000b273e2887a1b6b98fc6c73bab12b
2026-02-10,23,Manchild,Sabrina Carpenter,88,213645,album,12,2025-08-29,True,https://i.scdn.co/image/ab67616d0000b273b1863bf95557ea7f357c4947
2026-02-10,24,VeLDÁ,"Bad Bunny, Omar Courtz, Dei V",90,235336,album,17,2025-01-05,True,https://i.scdn.co/image/ab67616d0000b273bbd45c8d36e0e045ef640411
2026-02-10,25,WILDFLOWER,Billie Eilish,93,261466,album,10,2024-05-17,False,https://i.scdn.co/image/ab67616d0000b27371d62ea7ea8a5be92d3c1f62
2026-02-10,26,Die With A Smile,"Lady Gaga, Bruno Mars",91,251667,single,1,2024-08-16,False,https://i.scdn.co/image/ab67616d0000b27382ea2e9e1858aa012c57cd45
2026-02-10,27,Tití Me Preguntó,Bad Bunny,87,243716,album,23,2022-05-06,True,https://i.scdn.co/image/ab67616d0000b27349d694203245f241a1bcaa72
2026-02-10,28,Every Breath You Take,The Police,94,253920,album,11,1983-06-17,False,https://i.scdn.co/image/ab67616d0000b273c8e97cafeb2acb85b21a777e
2026-02-10,29,Iris,The Goo Goo Dolls,93,289533,album,13,1998-01-01,False,https://i.scdn.co/image/ab67616d0000b273eda9478c39a21e1cdc6609ca
2026-02-10,30,Love Me Not,Ravyn Lenae,89,213466,album,11,2024-08-09,False,https://i.scdn.co/image/ab67616d0000b273ef985ba96e76a9574cc68a30
2026-02-10,31,Sailor Song,Gigi Perez,87,211978,single,1,2024-07-26,False,https://i.scdn.co/image/ab67616d0000b273e6065f209e0a01986206bd53
2026-02-10,32,Stateside + Zara Larsson,"PinkPantheress, Zara Larsson",91,184761,album,31,2025-10-10,False,https://i.scdn.co/image/ab67616d0000b273684ecc5bc1b724d0106ad694
2026-02-10,33,Gabriela,KATSEYE,93,197226,single,2,2025-06-20,False,https://i.scdn.co/image/ab67616d0000b273f8d4d00ffe09373efb13ce29
2026-02-10,34,12 to 12,sombr,90,242903,album,10,2025-08-22,False,https://i.scdn.co/image/ab67616d0000b2734229702de91cb3d3a4383302
2026-02-10,35,Sweater Weather,The Neighbourhood,92,240400,album,11,2013-04-22,False,https://i.scdn.co/image/ab67616d0000b2738265a736a1eb838ad5a0b921
2026-02-10,36,Don’t Say You Love Me,Jin,86,180716,album,7,2025-05-16,False,https://i.scdn.co/image/ab67616d0000b27389228504f700641956e29f5d
2026-02-10,37,One Dance,"Drake, Wizkid, Kyla",91,173986,album,20,2016-05-06,False,https://i.scdn.co/image/ab67616d0000b2739416ed64daf84936d89e671c
2026-02-10,38,That's What I Like,Bruno Mars,92,206693,album,9,2016-11-18,False,https://i.scdn.co/image/ab67616d0000b273232711f7d66a1e19e89e28c5
2026-02-10,39,Cuando No Era Cantante - Remix,"El Bogueto, Anuel AA, Fuerza Regida, Yung Beef",91,327488,single,1,2025-12-10,True,https://i.scdn.co/image/ab67616d0000b27376ca2bb969e79a911090df63
2026-02-10,40,No Broke Boys,"Disco Lines, Tinashe",93,163994,single,1,2025-06-06,True,https://i.scdn.co/image/ab67616d0000b273699b0363dda94e1f1e32eef5
2026-02-10,41,KLOuFRENS,Bad Bunny,88,199114,album,17,2025-01-05,True,https://i.scdn.co/image/ab67616d0000b273bbd45c8d36e0e045ef640411
2026-02-10,42,"One Of The Girls (with JENNIE, Lily Rose Depp)","The Weeknd, JENNIE, Lily-Rose Depp",92,244684,single,3,2023-06-23,False,https://i.scdn.co/image/ab67616d0000b273b0dd6a5cd1dec96c4119c262
2026-02-10,43,Creep,Radiohead,92,238640,album,12,1993-02-22,True,https://i.scdn.co/image/ab67616d0000b273ec548c00d3ac2f10be73366d
2026-02-10,44,Diles,"Bad Bunny, Ozuna, Farruko, Arcángel, Ñengo Flow, DJ Luian, Mambo Kingz",88,286040,single,1,2016-08-26,True,https://i.scdn.co/image/ab67616d0000b273f62aa1dd0b43f583418cd018
2026-02-10,45,dopamina,"Peso Pluma, Tito Double P",89,185326,album,15,2025-12-25,True,https://i.scdn.co/image/ab67616d0000b273a9e6a250ea86a8f387873ef9
2026-02-10,46,Espresso,Sabrina Carpenter,87,175459,album,12,2024-08-23,True,https://i.scdn.co/image/ab67616d0000b273fd8d7a8d96871e791cb1f626
2026-02-10,47,Sedia Aku Sebelum Hujan,Idgitaf,90,230130,single,1,2025-10-08,False,https://i.scdn.co/image/ab67616d0000b2738dc8c573565969d55f9f3477
2026-02-10,48,WELTiTA,"Bad Bunny, Chuwi",87,187507,album,17,2025-01-05,False,https://i.scdn.co/image/ab67616d0000b273bbd45c8d36e0e045ef640411
2026-02-10,49,I Wanna Be Yours,Arctic Monkeys,92,183956,album,12,2013-09-09,False,https://i.scdn.co/image/ab67616d0000b2734ae1c4c5c45aabe565499163
2026-02-10,50,Aperture,Harry Styles,93,311733,single,1,2026-01-22,False,https://i.scdn.co/image/ab67616d0000b2736b10b937d94f055f8890cb62
2026-02-11,1,DtMF,Bad Bunny,96,237117,album,17,2025-01-05,True,https://i.scdn.co/image/ab67616d0000b273bbd45c8d36e0e045ef640411
2026-02-11,2,BAILE INoLVIDABLE,Bad Bunny,95,367725,album,17,2025-01-05,True,https://i.scdn.co/image/ab67616d0000b273bbd45c8d36e0e045ef640411
2026-02-11,3,NUEVAYoL,Bad Bunny,93,183685,album,17,2025-01-05,False,https://i.scdn.co/image/ab67616d0000b273bbd45c8d36e0e045ef640411
2026-02-11,4,EoO,Bad Bunny,92,204768,album,17,2025-01-05,True,https://i.scdn.co/image/ab67616d0000b273bbd45c8d36e0e045ef640411
2026-02-11,5,VOY A LLeVARTE PA PR,Bad Bunny,91,156364,album,17,2025-01-05,True,https://i.scdn.co/image/ab67616d0000b273bbd45c8d36e0e045ef640411
2026-02-11,6,Tití Me Preguntó,Bad Bunny,87,243716,album,23,2022-05-06,True,https://i.scdn.co/image/ab67616d0000b27349d694203245f241a1bcaa72
2026-02-11,7,LA CANCIÓN,"J Balvin, Bad Bunny",90,242573,album,8,2019-06-28,False,https://i.scdn.co/image/ab67616d0000b2734891d9b25d8919448388f3bb
2026-02-11,8,End of Beginning,Djo,100,159245,album,13,2022-09-16,False,https://i.scdn.co/image/ab67616d0000b273fddfffec51b4580acae727c1
2026-02-11,9,The Fate of Ophelia,Taylor Swift,98,226073,album,12,2025-10-03,False,https://i.scdn.co/image/ab67616d0000b273d7812467811a7da6e6a44902
2026-02-11,10,Man I Need,Olivia Dean,97,184000,single,3,2025-08-15,False,https://i.scdn.co/image/ab67616d0000b273e3d69e17dde129037a1f09e2
2026-02-11,11,VeLDÁ,"Bad Bunny, Omar Courtz, Dei V",90,235336,album,17,2025-01-05,True,https://i.scdn.co/image/ab67616d0000b273bbd45c8d36e0e045ef640411
2026-02-11,12,Qué Pasaría...,"Rauw Alejandro, Bad Bunny",89,191018,album,18,2024-11-15,True,https://i.scdn.co/image/ab67616d0000b273a6224f2f93c0ab4b2e01b44b
2026-02-11,13,back to friends,sombr,93,199032,album,10,2025-08-22,False,https://i.scdn.co/image/ab67616d0000b2734229702de91cb3d3a4383302
2026-02-11,14,Lush Life,Zara Larsson,1,201122,single,1,2015-06-09,False,https://i.scdn.co/image/ab67616d0000b2736eaa0691ac9d790b41d21a91
2026-02-11,15,Ordinary,Alex Warren,92,186964,album,11,2024-09-26,False,https://i.scdn.co/image/ab67616d0000b27342fe69c0e7e5c92f01ece8ce
2026-02-11,16,So Easy (To Fall In Love),Olivia Dean,96,169000,album,12,2025-09-26,False,https://i.scdn.co/image/ab67616d0000b2739a336bfb6d40bbd90a507417
2026-02-11,17,Golden,"HUNTR/X, EJAE, AUDREY NUNA, REI AMI, KPop Demon Hunters Cast",96,194607,album,12,2025-06-20,False,https://i.scdn.co/image/ab67616d0000b2734dcb6c5df15cf74596ab25a4
2026-02-11,18,WHERE IS MY HUSBAND!,RAYE,96,196795,single,1,2025-09-19,False,https://i.scdn.co/image/ab67616d0000b2737cc8cee5c81409833e540974
2026-02-11,19,Raindance (feat. Tems),"Dave, Tems",94,219743,album,10,2025-10-23,True,https://i.scdn.co/image/ab67616d0000b273fecaa7826bb0cbe139a8cb83
2026-02-11,20,Opalite,Taylor Swift,92,235355,album,12,2025-10-03,False,https://i.scdn.co/image/ab67616d0000b273d7812467811a7da6e6a44902
2026-02-11,21,KLOuFRENS,Bad Bunny,88,199114,album,17,2025-01-05,True,https://i.scdn.co/image/ab67616d0000b273bbd45c8d36e0e045ef640411
2026-02-11,22,Die On This Hill,SIENNA SPIRO,94,217008,single,4,2025-10-10,False,https://i.scdn.co/image/ab67616d0000b273ec4833919808083d733ca9af
2026-02-11,23,Die With A Smile,"Lady Gaga, Bruno Mars",91,251667,single,1,2024-08-16,False,https://i.scdn.co/image/ab67616d0000b27382ea2e9e1858aa012c57cd45
2026-02-11,24,WELTiTA,"Bad Bunny, Chuwi",87,187507,album,17,2025-01-05,False,https://i.scdn.co/image/ab67616d0000b273bbd45c8d36e0e045ef640411
2026-02-11,25,I Just Might,Bruno Mars,95,212973,single,1,2026-01-09,False,https://i.scdn.co/image/ab67616d0000b273e7623a0a60f330ee2b24d498
2026-02-11,26,BIRDS OF A FEATHER,Billie Eilish,95,210373,album,10,2024-05-17,False,https://i.scdn.co/image/ab67616d0000b27371d62ea7ea8a5be92d3c1f62
2026-02-11,27,Manchild,Sabrina Carpenter,88,213645,album,12,2025-08-29,True,https://i.scdn.co/image/ab67616d0000b273b1863bf95557ea7f357c4947
2026-02-11,28,MONACO,Bad Bunny,84,267194,album,22,2023-10-13,True,https://i.scdn.co/image/ab67616d0000b2732ea1f035463d11e1fc3b193d
2026-02-11,29,CAFé CON RON,"Bad Bunny, Los Pleneros de la Cresta",84,228836,album,17,2025-01-05,False,https://i.scdn.co/image/ab67616d0000b273bbd45c8d36e0e045ef640411
2026-02-11,30,WILDFLOWER,Billie Eilish,93,261466,album,10,2024-05-17,False,https://i.scdn.co/image/ab67616d0000b27371d62ea7ea8a5be92d3c1f62
2026-02-11,31,Every Breath You Take,The Police,94,253920,album,11,1983-06-17,False,https://i.scdn.co/image/ab67616d0000b273c8e97cafeb2acb85b21a777e
2026-02-11,32,LA MuDANZA,Bad Bunny,84,213010,album,17,2025-01-05,True,https://i.scdn.co/image/ab67616d0000b273bbd45c8d36e0e045ef640411
2026-02-11,33,Diles,"Bad Bunny, Ozuna, Farruko, Arcángel, Ñengo Flow, DJ Luian, Mambo Kingz",88,286040,single,1,2016-08-26,True,https://i.scdn.co/image/ab67616d0000b273f62aa1dd0b43f583418cd018
2026-02-11,34,Iris,The Goo Goo Dolls,93,289533,album,13,1998-01-01,False,https://i.scdn.co/image/ab67616d0000b273eda9478c39a21e1cdc6609ca
2026-02-11,35,I Thought I Saw Your Face Today,She & Him,93,170333,album,13,2008-03-18,False,https://i.scdn.co/image/ab67616d0000b273a47c6d8a934b4833c0916cc9
2026-02-11,36,Stateside + Zara Larsson,"PinkPantheress, Zara Larsson",91,184761,album,31,2025-10-10,False,https://i.scdn.co/image/ab67616d0000b273684ecc5bc1b724d0106ad694
2026-02-11,37,PERFuMITO NUEVO,"Bad Bunny, RaiNao",85,200680,album,17,2025-01-05,True,https://i.scdn.co/image/ab67616d0000b273bbd45c8d36e0e045ef640411
2026-02-11,38,Sailor Song,Gigi Perez,87,211978,single,1,2024-07-26,False,https://i.scdn.co/image/ab67616d0000b273e6065f209e0a01986206bd53
2026-02-11,39,Love Me Not,Ravyn Lenae,89,213466,album,11,2024-08-09,False,https://i.scdn.co/image/ab67616d0000b273ef985ba96e76a9574cc68a30
2026-02-11,40,Gabriela,KATSEYE,93,197226,single,2,2025-06-20,False,https://i.scdn.co/image/ab67616d0000b273f8d4d00ffe09373efb13ce29
2026-02-11,41,12 to 12,sombr,90,242903,album,10,2025-08-22,False,https://i.scdn.co/image/ab67616d0000b2734229702de91cb3d3a4383302
2026-02-11,42,LO QUE LE PASÓ A HAWAii,Bad Bunny,80,229381,album,17,2025-01-05,False,https://i.scdn.co/image/ab67616d0000b273bbd45c8d36e0e045ef640411
2026-02-11,43,Sweater Weather,The Neighbourhood,92,240400,album,11,2013-04-22,False,https://i.scdn.co/image/ab67616d0000b2738265a736a1eb838ad5a0b921
2026-02-11,44,One Dance,"Drake, Wizkid, Kyla",91,173986,album,20,2016-05-06,False,https://i.scdn.co/image/ab67616d0000b2739416ed64daf84936d89e671c
2026-02-11,45,"One Of The Girls (with JENNIE, Lily Rose Depp)","The Weeknd, JENNIE, Lily-Rose Depp",92,244684,single,3,2023-06-23,False,https://i.scdn.co/image/ab67616d0000b273b0dd6a5cd1dec96c4119c262
2026-02-11,46,Moscow Mule,Bad Bunny,86,245939,album,23,2022-05-06,True,https://i.scdn.co/image/ab67616d0000b27349d694203245f241a1bcaa72
2026-02-11,47,DÁKITI,"Bad Bunny, JHAYCO",80,205090,album,16,2020-11-27,True,https://i.scdn.co/image/ab67616d0000b273005ee342f4eef2cc6e8436ab
2026-02-11,48,Me Porto Bonito,"Bad Bunny, Chencho Corleone",85,178567,album,23,2022-05-06,True,https://i.scdn.co/image/ab67616d0000b27349d694203245f241a1bcaa72
2026-02-11,49,Yo Perreo Sola,Bad Bunny,76,172127,album,20,2020-02-29,True,https://i.scdn.co/image/ab67616d0000b273548f7ec52da7313de0c5e4a0
2026-02-11,50,That's What I Like,Bruno Mars,92,206693,album,9,2016-11-18,False,https://i.scdn.co/image/ab67616d0000b273232711f7d66a1e19e89e28c5
2026-02-12,1,DtMF,Bad Bunny,97,237117,album,17,2025-01-05,True,https://i.scdn.co/image/ab67616d0000b273bbd45c8d36e0e045ef640411
2026-02-12,2,BAILE INoLVIDABLE,Bad Bunny,96,367725,album,17,2025-01-05,True,https://i.scdn.co/image/ab67616d0000b273bbd45c8d36e0e045ef640411
2026-02-12,3,NUEVAYoL,Bad Bunny,94,183685,album,17,2025-01-05,False,https://i.scdn.co/image/ab67616d0000b273bbd45c8d36e0e045ef640411
2026-02-12,4,EoO,Bad Bunny,93,204768,album,17,2025-01-05,True,https://i.scdn.co/image/ab67616d0000b273bbd45c8d36e0e045ef640411
2026-02-12,5,Tití Me Preguntó,Bad Bunny,89,243716,album,23,2022-05-06,True,https://i.scdn.co/image/ab67616d0000b27349d694203245f241a1bcaa72
2026-02-12,6,VOY A LLeVARTE PA PR,Bad Bunny,92,156364,album,17,2025-01-05,True,https://i.scdn.co/image/ab67616d0000b273bbd45c8d36e0e045ef640411
2026-02-12,7,End of Beginning,Djo,100,159245,album,13,2022-09-16,False,https://i.scdn.co/image/ab67616d0000b273fddfffec51b4580acae727c1
2026-02-12,8,LA CANCIÓN,"J Balvin, Bad Bunny",91,242573,album,8,2019-06-28,False,https://i.scdn.co/image/ab67616d0000b2734891d9b25d8919448388f3bb
2026-02-12,9,The Fate of Ophelia,Taylor Swift,98,226073,album,12,2025-10-03,False,https://i.scdn.co/image/ab67616d0000b273d7812467811a7da6e6a44902
2026-02-12,10,Man I Need,Olivia Dean,97,184000,single,3,2025-08-15,False,https://i.scdn.co/image/ab67616d0000b273e3d69e17dde129037a1f09e2
2026-02-12,11,back to friends,sombr,93,199032,album,10,2025-08-22,False,https://i.scdn.co/image/ab67616d0000b2734229702de91cb3d3a4383302
2026-02-12,12,Qué Pasaría...,"Rauw Alejandro, Bad Bunny",90,191018,album,18,2024-11-15,True,https://i.scdn.co/image/ab67616d0000b273a6224f2f93c0ab4b2e01b44b
2026-02-12,13,VeLDÁ,"Bad Bunny, Omar Courtz, Dei V",91,235336,album,17,2025-01-05,True,https://i.scdn.co/image/ab67616d0000b273bbd45c8d36e0e045ef640411
2026-02-12,14,So Easy (To Fall In Love),Olivia Dean,96,169000,album,12,2025-09-26,False,https://i.scdn.co/image/ab67616d0000b2739a336bfb6d40bbd90a507417
2026-02-12,15,Ordinary,Alex Warren,92,186964,album,11,2024-09-26,False,https://i.scdn.co/image/ab67616d0000b27342fe69c0e7e5c92f01ece8ce
2026-02-12,16,WHERE IS MY HUSBAND!,RAYE,96,196795,single,1,2025-09-19,False,https://i.scdn.co/image/ab67616d0000b2737cc8cee5c81409833e540974
2026-02-12,17,Lush Life,Zara Larsson,1,201122,single,1,2015-06-09,False,https://i.scdn.co/image/ab67616d0000b2736eaa0691ac9d790b41d21a91
2026-02-12,18,Golden,"HUNTR/X, EJAE, AUDREY NUNA, REI AMI, KPop Demon Hunters Cast",96,194607,album,12,2025-06-20,False,https://i.scdn.co/image/ab67616d0000b2734dcb6c5df15cf74596ab25a4
2026-02-12,19,Raindance (feat. Tems),"Dave, Tems",94,219743,album,10,2025-10-23,True,https://i.scdn.co/image/ab67616d0000b273fecaa7826bb0cbe139a8cb83
2026-02-12,20,Die With A Smile,"Lady Gaga, Bruno Mars",91,251667,single,1,2024-08-16,False,https://i.scdn.co/image/ab67616d0000b27382ea2e9e1858aa012c57cd45
2026-02-12,21,Die On This Hill,SIENNA SPIRO,94,217008,single,4,2025-10-10,False,https://i.scdn.co/image/ab67616d0000b273ec4833919808083d733ca9af
2026-02-12,22,Opalite,Taylor Swift,93,235355,album,12,2025-10-03,False,https://i.scdn.co/image/ab67616d0000b273d7812467811a7da6e6a44902
2026-02-12,23,KLOuFRENS,Bad Bunny,89,199114,album,17,2025-01-05,True,https://i.scdn.co/image/ab67616d0000b273bbd45c8d36e0e045ef640411
2026-02-12,24,I Just Might,Bruno Mars,95,212973,single,1,2026-01-09,False,https://i.scdn.co/image/ab67616d0000b273e7623a0a60f330ee2b24d498
2026-02-12,25,BIRDS OF A FEATHER,Billie Eilish,95,210373,album,10,2024-05-17,False,https://i.scdn.co/image/ab67616d0000b27371d62ea7ea8a5be92d3c1f62
2026-02-12,26,MONACO,Bad Bunny,85,267194,album,22,2023-10-13,True,https://i.scdn.co/image/ab67616d0000b2732ea1f035463d11e1fc3b193d
2026-02-12,27,Manchild,Sabrina Carpenter,88,213645,album,12,2025-08-29,True,https://i.scdn.co/image/ab67616d0000b273b1863bf95557ea7f357c4947
2026-02-12,28,WILDFLOWER,Billie Eilish,93,261466,album,10,2024-05-17,False,https://i.scdn.co/image/ab67616d0000b27371d62ea7ea8a5be92d3c1f62
2026-02-12,29,Every Breath You Take,The Police,94,253920,album,11,1983-06-17,False,https://i.scdn.co/image/ab67616d0000b273c8e97cafeb2acb85b21a777e
2026-02-12,30,Iris,The Goo Goo Dolls,93,289533,album,13,1998-01-01,False,https://i.scdn.co/image/ab67616d0000b273eda9478c39a21e1cdc6609ca
2026-02-12,31,CAFé CON RON,"Bad Bunny, Los Pleneros de la Cresta",85,228836,album,17,2025-01-05,False,https://i.scdn.co/image/ab67616d0000b273bbd45c8d36e0e045ef640411
2026-02-12,32,WELTiTA,"Bad Bunny, Chuwi",88,187507,album,17,2025-01-05,False,https://i.scdn.co/image/ab67616d0000b273bbd45c8d36e0e045ef640411
2026-02-12,33,I Thought I Saw Your Face Today,She & Him,93,170333,album,13,2008-03-18,False,https://i.scdn.co/image/ab67616d0000b273a47c6d8a934b4833c0916cc9
2026-02-12,34,Stateside + Zara Larsson,"PinkPantheress, Zara Larsson",91,184761,album,31,2025-10-10,False,https://i.scdn.co/image/ab67616d0000b273684ecc5bc1b724d0106ad694
2026-02-12,35,Sailor Song,Gigi Perez,87,211978,single,1,2024-07-26,False,https://i.scdn.co/image/ab67616d0000b273e6065f209e0a01986206bd53
2026-02-12,36,Homewrecker,sombr,80,209066,single,1,2026-02-05,False,https://i.scdn.co/image/ab67616d0000b2739a8d41dca4c7d0ef23d76dd7
2026-02-12,37,Love Me Not,Ravyn Lenae,89,213466,album,11,2024-08-09,False,https://i.scdn.co/image/ab67616d0000b273ef985ba96e76a9574cc68a30
2026-02-12,38,LA MuDANZA,Bad Bunny,85,213010,album,17,2025-01-05,True,https://i.scdn.co/image/ab67616d0000b273bbd45c8d36e0e045ef640411
2026-02-12,39,Diles,"Bad Bunny, Ozuna, Farruko, Arcángel, Ñengo Flow, DJ Luian, Mambo Kingz",89,286040,single,1,2016-08-26,True,https://i.scdn.co/image/ab67616d0000b273f62aa1dd0b43f583418cd018
2026-02-12,40,12 to 12,sombr,90,242903,album,10,2025-08-22,False,https://i.scdn.co/image/ab67616d0000b2734229702de91cb3d3a4383302
2026-02-12,41,"One Of The Girls (with JENNIE, Lily Rose Depp)","The Weeknd, JENNIE, Lily-Rose Depp",92,244684,single,3,2023-06-23,False,https://i.scdn.co/image/ab67616d0000b273b0dd6a5cd1dec96c4119c262
2026-02-12,42,Gabriela,KATSEYE,93,197226,single,2,2025-06-20,False,https://i.scdn.co/image/ab67616d0000b273f8d4d00ffe09373efb13ce29
2026-02-12,43,Sweater Weather,The Neighbourhood,92,240400,album,11,2013-04-22,False,https://i.scdn.co/image/ab67616d0000b2738265a736a1eb838ad5a0b921
2026-02-12,44,Yo Perreo Sola,Bad Bunny,79,172127,album,20,2020-02-29,True,https://i.scdn.co/image/ab67616d0000b273548f7ec52da7313de0c5e4a0
2026-02-12,45,Creep,Radiohead,92,238640,album,12,1993-02-22,True,https://i.scdn.co/image/ab67616d0000b273ec548c00d3ac2f10be73366d
2026-02-12,46,PERFuMITO NUEVO,"Bad Bunny, RaiNao",86,200680,album,17,2025-01-05,True,https://i.scdn.co/image/ab67616d0000b273bbd45c8d36e0e045ef640411
2026-02-12,47,Me Porto Bonito,"Bad Bunny, Chencho Corleone",85,178567,album,23,2022-05-06,True,https://i.scdn.co/image/ab67616d0000b27349d694203245f241a1bcaa72
2026-02-12,48,LO QUE LE PASÓ A HAWAii,Bad Bunny,82,229381,album,17,2025-01-05,False,https://i.scdn.co/image/ab67616d0000b273bbd45c8d36e0e045ef640411
2026-02-12,49,Cuando No Era Cantante - Remix,"El Bogueto, Anuel AA, Fuerza Regida, Yung Beef",91,327488,single,1,2025-12-10,True,https://i.scdn.co/image/ab67616d0000b27376ca2bb969e79a911090df63
2026-02-12,50,Babydoll,Dominic Fike,88,97960,album,8,2018-10-16,False,https://i.scdn.co/image/ab67616d0000b2737b1b6f41c1645af9757d5616
2026-02-13,1,DtMF,Bad Bunny,97,237117,album,17,2025-01-05,True,https://i.scdn.co/image/ab67616d0000b273bbd45c8d36e0e045ef640411
2026-02-13,2,BAILE INoLVIDABLE,Bad Bunny,96,367725,album,17,2025-01-05,True,https://i.scdn.co/image/ab67616d0000b273bbd45c8d36e0e045ef640411
2026-02-13,3,NUEVAYoL,Bad Bunny,94,183685,album,17,2025-01-05,False,https://i.scdn.co/image/ab67616d0000b273bbd45c8d36e0e045ef640411
2026-02-13,4,Tití Me Preguntó,Bad Bunny,89,243716,album,23,2022-05-06,True,https://i.scdn.co/image/ab67616d0000b27349d694203245f241a1bcaa72
2026-02-13,5,EoO,Bad Bunny,93,204768,album,17,2025-01-05,True,https://i.scdn.co/image/ab67616d0000b273bbd45c8d36e0e045ef640411
2026-02-13,6,End of Beginning,Djo,100,159245,album,13,2022-09-16,False,https://i.scdn.co/image/ab67616d0000b273fddfffec51b4580acae727c1
2026-02-13,7,VOY A LLeVARTE PA PR,Bad Bunny,92,156364,album,17,2025-01-05,True,https://i.scdn.co/image/ab67616d0000b273bbd45c8d36e0e045ef640411
2026-02-13,8,The Fate of Ophelia,Taylor Swift,98,226073,album,12,2025-10-03,False,https://i.scdn.co/image/ab67616d0000b273d7812467811a7da6e6a44902
2026-02-13,9,Man I Need,Olivia Dean,97,184000,single,3,2025-08-15,False,https://i.scdn.co/image/ab67616d0000b273e3d69e17dde129037a1f09e2
2026-02-13,10,LA CANCIÓN,"J Balvin, Bad Bunny",91,242573,album,8,2019-06-28,False,https://i.scdn.co/image/ab67616d0000b2734891d9b25d8919448388f3bb
2026-02-13,11,back to friends,sombr,93,199032,album,10,2025-08-22,False,https://i.scdn.co/image/ab67616d0000b2734229702de91cb3d3a4383302
2026-02-13,12,So Easy (To Fall In Love),Olivia Dean,96,169000,album,12,2025-09-26,False,https://i.scdn.co/image/ab67616d0000b2739a336bfb6d40bbd90a507417
2026-02-13,13,WHERE IS MY HUSBAND!,RAYE,96,196795,single,1,2025-09-19,False,https://i.scdn.co/image/ab67616d0000b2737cc8cee5c81409833e540974
2026-02-13,14,Qué Pasaría...,"Rauw Alejandro, Bad Bunny",90,191018,album,18,2024-11-15,True,https://i.scdn.co/image/ab67616d0000b273a6224f2f93c0ab4b2e01b44b
2026-02-13,15,Ordinary,Alex Warren,92,186964,album,11,2024-09-26,False,https://i.scdn.co/image/ab67616d0000b27342fe69c0e7e5c92f01ece8ce
2026-02-13,16,Golden,"HUNTR/X, EJAE, AUDREY NUNA, REI AMI, KPop Demon Hunters Cast",96,194607,album,12,2025-06-20,False,https://i.scdn.co/image/ab67616d0000b2734dcb6c5df15cf74596ab25a4
2026-02-13,17,VeLDÁ,"Bad Bunny, Omar Courtz, Dei V",91,235336,album,17,2025-01-05,True,https://i.scdn.co/image/ab67616d0000b273bbd45c8d36e0e045ef640411
2026-02-13,18,Raindance (feat. Tems),"Dave, Tems",94,219743,album,10,2025-10-23,True,https://i.scdn.co/image/ab67616d0000b273fecaa7826bb0cbe139a8cb83
2026-02-13,19,Die With A Smile,"Lady Gaga, Bruno Mars",91,251667,single,1,2024-08-16,False,https://i.scdn.co/image/ab67616d0000b27382ea2e9e1858aa012c57cd45
2026-02-13,20,Die On This Hill,SIENNA SPIRO,94,217008,single,4,2025-10-10,False,https://i.scdn.co/image/ab67616d0000b273ec4833919808083d733ca9af
2026-02-13,21,Lush Life,Zara Larsson,1,201122,single,1,2015-06-09,False,https://i.scdn.co/image/ab67616d0000b2736eaa0691ac9d790b41d21a91
2026-02-13,22,BIRDS OF A FEATHER,Billie Eilish,95,210373,album,10,2024-05-17,False,https://i.scdn.co/image/ab67616d0000b27371d62ea7ea8a5be92d3c1f62
2026-02-13,23,Opalite,Taylor Swift,93,235355,album,12,2025-10-03,False,https://i.scdn.co/image/ab67616d0000b273d7812467811a7da6e6a44902
2026-02-13,24,Manchild,Sabrina Carpenter,88,213645,album,12,2025-08-29,True,https://i.scdn.co/image/ab67616d0000b273b1863bf95557ea7f357c4947
2026-02-13,25,I Just Might,Bruno Mars,95,212973,single,1,2026-01-09,False,https://i.scdn.co/image/ab67616d0000b273e7623a0a60f330ee2b24d498
2026-02-13,26,KLOuFRENS,Bad Bunny,89,199114,album,17,2025-01-05,True,https://i.scdn.co/image/ab67616d0000b273bbd45c8d36e0e045ef640411
2026-02-13,27,WILDFLOWER,Billie Eilish,93,261466,album,10,2024-05-17,False,https://i.scdn.co/image/ab67616d0000b27371d62ea7ea8a5be92d3c1f62
2026-02-13,28,Iris,The Goo Goo Dolls,93,289533,album,13,1998-01-01,False,https://i.scdn.co/image/ab67616d0000b273eda9478c39a21e1cdc6609ca
2026-02-13,29,Every Breath You Take,The Police,94,253920,album,11,1983-06-17,False,https://i.scdn.co/image/ab67616d0000b273c8e97cafeb2acb85b21a777e
2026-02-13,30,MONACO,Bad Bunny,85,267194,album,22,2023-10-13,True,https://i.scdn.co/image/ab67616d0000b2732ea1f035463d11e1fc3b193d
2026-02-13,31,Homewrecker,sombr,80,209066,single,1,2026-02-05,False,https://i.scdn.co/image/ab67616d0000b2739a8d41dca4c7d0ef23d76dd7
2026-02-13,32,I Thought I Saw Your Face Today,She & Him,93,170333,album,13,2008-03-18,False,https://i.scdn.co/image/ab67616d0000b273a47c6d8a934b4833c0916cc9
2026-02-13,33,CAFé CON RON,"Bad Bunny, Los Pleneros de la Cresta",85,228836,album,17,2025-01-05,False,https://i.scdn.co/image/ab67616d0000b273bbd45c8d36e0e045ef640411
2026-02-13,34,Sailor Song,Gigi Perez,87,211978,single,1,2024-07-26,False,https://i.scdn.co/image/ab67616d0000b273e6065f209e0a01986206bd53
2026-02-13,35,Love Me Not,Ravyn Lenae,89,213466,album,11,2024-08-09,False,https://i.scdn.co/image/ab67616d0000b273ef985ba96e76a9574cc68a30
2026-02-13,36,Stateside + Zara Larsson,"PinkPantheress, Zara Larsson",91,184761,album,31,2025-10-10,False,https://i.scdn.co/image/ab67616d0000b273684ecc5bc1b724d0106ad694
2026-02-13,37,WELTiTA,"Bad Bunny, Chuwi",88,187507,album,17,2025-01-05,False,https://i.scdn.co/image/ab67616d0000b273bbd45c8d36e0e045ef640411
2026-02-13,38,12 to 12,sombr,90,242903,album,10,2025-08-22,False,https://i.scdn.co/image/ab67616d0000b2734229702de91cb3d3a4383302
2026-02-13,39,Yo Perreo Sola,Bad Bunny,79,172127,album,20,2020-02-29,True,https://i.scdn.co/image/ab67616d0000b273548f7ec52da7313de0c5e4a0
2026-02-13,40,Sweater Weather,The Neighbourhood,92,240400,album,11,2013-04-22,False,https://i.scdn.co/image/ab67616d0000b2738265a736a1eb838ad5a0b921
2026-02-13,41,Creep,Radiohead,92,238640,album,12,1993-02-22,True,https://i.scdn.co/image/ab67616d0000b273ec548c00d3ac2f10be73366d
2026-02-13,42,Babydoll,Dominic Fike,88,97960,album,8,2018-10-16,False,https://i.scdn.co/image/ab67616d0000b2737b1b6f41c1645af9757d5616
2026-02-13,43,Beautiful Things,Benson Boone,89,180304,album,15,2024-04-05,False,https://i.scdn.co/image/ab67616d0000b273831949037a1db10b87b005fa
2026-02-13,44,Cuando No Era Cantante - Remix,"El Bogueto, Anuel AA, Fuerza Regida, Yung Beef",91,327488,single,1,2025-12-10,True,https://i.scdn.co/image/ab67616d0000b27376ca2bb969e79a911090df63
2026-02-13,45,LA MuDANZA,Bad Bunny,85,213010,album,17,2025-01-05,True,https://i.scdn.co/image/ab67616d0000b273bbd45c8d36e0e045ef640411
2026-02-13,46,Don’t Say You Love Me,Jin,86,180716,album,7,2025-05-16,False,https://i.scdn.co/image/ab67616d0000b27389228504f700641956e29f5d
2026-02-13,47,Gabriela,KATSEYE,93,197226,single,2,2025-06-20,False,https://i.scdn.co/image/ab67616d0000b273f8d4d00ffe09373efb13ce29
2026-02-13,48,"One Of The Girls (with JENNIE, Lily Rose Depp)","The Weeknd, JENNIE, Lily-Rose Depp",92,244684,single,3,2023-06-23,False,https://i.scdn.co/image/ab67616d0000b273b0dd6a5cd1dec96c4119c262
2026-02-13,49,Espresso,Sabrina Carpenter,87,175459,album,12,2024-08-23,True,https://i.scdn.co/image/ab67616d0000b273fd8d7a8d96871e791cb1f626
2026-02-13,50,No Broke Boys,"Disco Lines, Tinashe",93,163994,single,1,2025-06-06,True,https://i.scdn.co/image/ab67616d0000b273699b0363dda94e1f1e32eef5
2026-02-14,1,DtMF,Bad Bunny,99,237117,album,17,2025-01-05,True,https://i.scdn.co/image/ab67616d0000b273bbd45c8d36e0e045ef640411
2026-02-14,2,BAILE INoLVIDABLE,Bad Bunny,97,367725,album,17,2025-01-05,True,https://i.scdn.co/image/ab67616d0000b273bbd45c8d36e0e045ef640411
2026-02-14,3,NUEVAYoL,Bad Bunny,96,183685,album,17,2025-01-05,False,https://i.scdn.co/image/ab67616d0000b273bbd45c8d36e0e045ef640411
2026-02-14,4,Tití Me Preguntó,Bad Bunny,91,243716,album,23,2022-05-06,True,https://i.scdn.co/image/ab67616d0000b27349d694203245f241a1bcaa72
2026-02-14,5,EoO,Bad Bunny,95,204768,album,17,2025-01-05,True,https://i.scdn.co/image/ab67616d0000b273bbd45c8d36e0e045ef640411
2026-02-14,6,End of Beginning,Djo,100,159245,album,13,2022-09-16,False,https://i.scdn.co/image/ab67616d0000b273fddfffec51b4580acae727c1
2026-02-14,7,The Fate of Ophelia,Taylor Swift,98,226073,album,12,2025-10-03,False,https://i.scdn.co/image/ab67616d0000b273d7812467811a7da6e6a44902
2026-02-14,8,Man I Need,Olivia Dean,97,184000,single,3,2025-08-15,False,https://i.scdn.co/image/ab67616d0000b273e3d69e17dde129037a1f09e2
2026-02-14,9,VOY A LLeVARTE PA PR,Bad Bunny,93,156364,album,17,2025-01-05,True,https://i.scdn.co/image/ab67616d0000b273bbd45c8d36e0e045ef640411
2026-02-14,10,back to friends,sombr,93,199032,album,10,2025-08-22,False,https://i.scdn.co/image/ab67616d0000b2734229702de91cb3d3a4383302
2026-02-14,11,WHERE IS MY HUSBAND!,RAYE,97,196795,single,1,2025-09-19,False,https://i.scdn.co/image/ab67616d0000b2737cc8cee5c81409833e540974
2026-02-14,12,LA CANCIÓN,"J Balvin, Bad Bunny",92,242573,album,8,2019-06-28,False,https://i.scdn.co/image/ab67616d0000b2734891d9b25d8919448388f3bb
2026-02-14,13,So Easy (To Fall In Love),Olivia Dean,96,169000,album,12,2025-09-26,False,https://i.scdn.co/image/ab67616d0000b2739a336bfb6d40bbd90a507417
2026-02-14,14,Ordinary,Alex Warren,92,186964,album,11,2024-09-26,False,https://i.scdn.co/image/ab67616d0000b27342fe69c0e7e5c92f01ece8ce
2026-02-14,15,Golden,"HUNTR/X, EJAE, AUDREY NUNA, REI AMI, KPop Demon Hunters Cast",96,194607,album,12,2025-06-20,False,https://i.scdn.co/image/ab67616d0000b2734dcb6c5df15cf74596ab25a4
2026-02-14,16,Qué Pasaría...,"Rauw Alejandro, Bad Bunny",91,191018,album,18,2024-11-15,True,https://i.scdn.co/image/ab67616d0000b273a6224f2f93c0ab4b2e01b44b
2026-02-14,17,Raindance (feat. Tems),"Dave, Tems",94,219743,album,10,2025-10-23,True,https://i.scdn.co/image/ab67616d0000b273fecaa7826bb0cbe139a8cb83
2026-02-14,18,Lush Life,Zara Larsson,1,201122,single,1,2015-06-09,False,https://i.scdn.co/image/ab67616d0000b2736eaa0691ac9d790b41d21a91
2026-02-14,19,Die With A Smile,"Lady Gaga, Bruno Mars",91,251667,single,1,2024-08-16,False,https://i.scdn.co/image/ab67616d0000b27382ea2e9e1858aa012c57cd45
2026-02-14,20,Die On This Hill,SIENNA SPIRO,94,217008,single,4,2025-10-10,False,https://i.scdn.co/image/ab67616d0000b273ec4833919808083d733ca9af
2026-02-14,21,VeLDÁ,"Bad Bunny, Omar Courtz, Dei V",92,235336,album,17,2025-01-05,True,https://i.scdn.co/image/ab67616d0000b273bbd45c8d36e0e045ef640411
2026-02-14,22,BIRDS OF A FEATHER,Billie Eilish,95,210373,album,10,2024-05-17,False,https://i.scdn.co/image/ab67616d0000b27371d62ea7ea8a5be92d3c1f62
2026-02-14,23,I Just Might,Bruno Mars,95,212973,single,1,2026-01-09,False,https://i.scdn.co/image/ab67616d0000b273e7623a0a60f330ee2b24d498
2026-02-14,24,Homewrecker,sombr,83,209066,single,1,2026-02-05,False,https://i.scdn.co/image/ab67616d0000b2739a8d41dca4c7d0ef23d76dd7
2026-02-14,25,Manchild,Sabrina Carpenter,88,213645,album,12,2025-08-29,True,https://i.scdn.co/image/ab67616d0000b273b1863bf95557ea7f357c4947
2026-02-14,26,Iris,The Goo Goo Dolls,93,289533,album,13,1998-01-01,False,https://i.scdn.co/image/ab67616d0000b273eda9478c39a21e1cdc6609ca
2026-02-14,27,Opalite,Taylor Swift,93,235355,album,12,2025-10-03,False,https://i.scdn.co/image/ab67616d0000b273d7812467811a7da6e6a44902
2026-02-14,28,I Thought I Saw Your Face Today,She & Him,93,170333,album,13,2008-03-18,False,https://i.scdn.co/image/ab67616d0000b273a47c6d8a934b4833c0916cc9
2026-02-14,29,WILDFLOWER,Billie Eilish,93,261466,album,10,2024-05-17,False,https://i.scdn.co/image/ab67616d0000b27371d62ea7ea8a5be92d3c1f62
2026-02-14,30,MONACO,Bad Bunny,87,267194,album,22,2023-10-13,True,https://i.scdn.co/image/ab67616d0000b2732ea1f035463d11e1fc3b193d
2026-02-14,31,Every Breath You Take,The Police,94,253920,album,11,1983-06-17,False,https://i.scdn.co/image/ab67616d0000b273c8e97cafeb2acb85b21a777e
2026-02-14,32,KLOuFRENS,Bad Bunny,90,199114,album,17,2025-01-05,True,https://i.scdn.co/image/ab67616d0000b273bbd45c8d36e0e045ef640411
2026-02-14,33,Stateside + Zara Larsson,"PinkPantheress, Zara Larsson",91,184761,album,31,2025-10-10,False,https://i.scdn.co/image/ab67616d0000b273684ecc5bc1b724d0106ad694
2026-02-14,34,Love Me Not,Ravyn Lenae,89,213466,album,11,2024-08-09,False,https://i.scdn.co/image/ab67616d0000b273ef985ba96e76a9574cc68a30
2026-02-14,35,12 to 12,sombr,91,242903,album,10,2025-08-22,False,https://i.scdn.co/image/ab67616d0000b2734229702de91cb3d3a4383302
2026-02-14,36,Sailor Song,Gigi Perez,87,211978,single,1,2024-07-26,False,https://i.scdn.co/image/ab67616d0000b273e6065f209e0a01986206bd53
2026-02-14,37,CAFé CON RON,"Bad Bunny, Los Pleneros de la Cresta",87,228836,album,17,2025-01-05,False,https://i.scdn.co/image/ab67616d0000b273bbd45c8d36e0e045ef640411
2026-02-14,38,Sweater Weather,The Neighbourhood,92,240400,album,11,2013-04-22,False,https://i.scdn.co/image/ab67616d0000b2738265a736a1eb838ad5a0b921
2026-02-14,39,Babydoll,Dominic Fike,88,97960,album,8,2018-10-16,False,https://i.scdn.co/image/ab67616d0000b2737b1b6f41c1645af9757d5616
2026-02-14,40,Creep,Radiohead,92,238640,album,12,1993-02-22,True,https://i.scdn.co/image/ab67616d0000b273ec548c00d3ac2f10be73366d
2026-02-14,41,Cuando No Era Cantante - Remix,"El Bogueto, Anuel AA, Fuerza Regida, Yung Beef",91,327488,single,1,2025-12-10,True,https://i.scdn.co/image/ab67616d0000b27376ca2bb969e79a911090df63
2026-02-14,42,That's What I Like,Bruno Mars,92,206693,album,9,2016-11-18,False,https://i.scdn.co/image/ab67616d0000b273232711f7d66a1e19e89e28c5
2026-02-14,43,Gabriela,KATSEYE,93,197226,single,2,2025-06-20,False,https://i.scdn.co/image/ab67616d0000b273f8d4d00ffe09373efb13ce29
2026-02-14,44,WELTiTA,"Bad Bunny, Chuwi",89,187507,album,17,2025-01-05,False,https://i.scdn.co/image/ab67616d0000b273bbd45c8d36e0e045ef640411
2026-02-14,45,Yo Perreo Sola,Bad Bunny,82,172127,album,20,2020-02-29,True,https://i.scdn.co/image/ab67616d0000b273548f7ec52da7313de0c5e4a0
2026-02-14,46,Don’t Say You Love Me,Jin,86,180716,album,7,2025-05-16,False,https://i.scdn.co/image/ab67616d0000b27389228504f700641956e29f5d
2026-02-14,47,No Broke Boys,"Disco Lines, Tinashe",93,163994,single,1,2025-06-06,True,https://i.scdn.co/image/ab67616d0000b273699b0363dda94e1f1e32eef5
2026-02-14,48,Espresso,Sabrina Carpenter,87,175459,album,12,2024-08-23,True,https://i.scdn.co/image/ab67616d0000b273fd8d7a8d96871e791cb1f626
2026-02-14,49,"One Of The Girls (with JENNIE, Lily Rose Depp)","The Weeknd, JENNIE, Lily-Rose Depp",92,244684,single,3,2023-06-23,False,https://i.scdn.co/image/ab67616d0000b273b0dd6a5cd1dec96c4119c262
2026-02-14,50,I Wanna Be Yours,Arctic Monkeys,92,183956,album,12,2013-09-09,False,https://i.scdn.co/image/ab67616d0000b2734ae1c4c5c45aabe565499163
